__decoders__	YDbxr.$_Ct
0	replace
1	/reset.php请求报错：1.请保持网络畅通；2.请联系极验官网客服
2	$_BGv
3	protocol
4	getSeconds
5	type
6	number
7	msg
8	split
9	$_CBi
10	验证图片加载失败：1.请保持网络畅通；2.请联系极验官网客服
11	网络不给力
12	服务端forbidden： 请联系极验官网客服
13	604
14	皮肤加载失败：1.请保持网络畅通；2.请联系极验官网客服
15	GeetestError
16	initGeetest里面的gt或者challenge参数缺少: 请检查初始化参数
17	传给appendTo接口的参数有误：只接受id选择器和DOM元素，并且需保证其存在于页面中
18	: 
19	detail
20	Geetest requires a window with a document
21	Configuration Error
22	string
23	-
24	unknown
25	$_CAq
26	$_BFZ
27	random
28	/get.php请求报错：1.请保持网络畅通；2.检查初始化时传入的配置参数gt和challenge
29	UserCallBackError
30	boolean
31	验证的js地址无法加载
32	error_118
33	post
34	px
35	getTime
36	error_110
37	0
38	语音文件加载失败：1.请保持网络畅通；2.请联系极验官网客服
39	$_BJK
40	error_116
41	用户回调函数执行异常
43	传给bindOn接口的参数有误：只接受id选择器和DOM元素，并且需保证其存在于页面中
44	无此类错误类型
45	getMonth
46	传给各回调的参数不是函数类型：请传入函数类型参数
47	配置错误
48	$_BCO
49	error_108
50	/refresh.php请求报错：1.请保持网络畅通；2.刷新次数本身有限制（10次以内），超过限制请刷新整个页面再试
51	error_104
52	getHours
53	error_111
54	網絡不給力
55	error_100
56	getMinutes
57	error_101
58	配置参数area有误：只接受id选择器和DOM元素，并且需保证其存在于页面中
59	div
60	error_103
61	:
62	user_error
63	./usercallback/
64	验证的js地址不存在
65	error
66	$_BDk
67	配置参数gt有误：请检查初始化时传入的配置参数gt（对应申请时的ID）
68	$_BIq
69	error_113
70	$_BHf
71	.
72	 
73	传给bindForm接口的参数有误：只接受id选择器和DOM元素，并且需保证其存在于页面中
74	error_102
75	Network failure
76	error_105
77	error_107
78	input
79	error_code
80	undefined
81	exports
82	object
83	valueOf
84	/ajax.php请求报错：1.请保持网络畅通；2.请联系极验官网客服
85	toFixed
86	error_106
87	$_BBp
88	error_117
89	error_109
90	error_114
91	getFullYear
92	error_115
93	hidden
94	$_BEL
95	getDate
96	error_112
97	document
98	function
99	配置錯誤
100	setTimeout
101	UTF-8
102	img
103	text/plain;charset=utf-8
104	ontimeout
105	$_DDr
106	toLowerCase
107	test
108	push
109	stringify
110	stylesheet
111	link
112	$_CJX
113	monitor.geetest.com/monitor/send
114	/monitor/send
115	onreadystatechange
116	api_server
117	css
118	pt
119	complete
120	https://monitor.geetest.com/monitor/send
121	parse
122	filename
123	send
124	application/json
125	en
126	602
127	status: 
128	callback
129	js
130	ip
131	JSON
132	$_CEY
133	POST
134	withCredentials
135	responseText
136	setRequestHeader
137	audio
138	length
139	loaded
140	gt
141	userAgent
142	a
143	anonymous
144	monitor.geetest.com
145	code
146	$_EAe
147	$_CCv
148	challenge
149	$_CDE
150	XDomainRequest
151	geetest_
152	Content-Type
153	stack
154	apiserver
155	tw
156	clearTimeout
157	hasOwnProperty
158	&
159	zh-cn
160	-tw
161	status
162	step
163	603
164	timeout
165	charAt
166	charCodeAt
167	?
168	GeeChallenge
169	$_DEA
170	slice
171	/
172	lang
173	-cn
174	ABCDEFGHIJKLMNOPQRSTUVWXYZabcdefghijklmnopqrstuvwxyz0123456789()
175	$_DHo
176	$_CFW
177	$_CGn
178	3
179	readyState
180	script
181	fromCharCode
182	$_ECv
183	hk
184	location
185	=
186	$_CHi
187	message
188	offline
189	GeeGT
190	open
191	indexOf
192	$_CIU
193	onerror
194	XMLHttpRequest
195	onload
196	navigator
197	Accept
198	$_DBe
199	zh
200	head
201	End
202	dmp1
203	createElement
204	divRemTo
205	fromNumber
206	i
207	Android
208	0123456789abcdefghijklmnopqrstuvwxyz
209	um
210	$_EDt
211	setPublic
212	err001
213	multiplyTo
214	$_EHc
215	am
216	documentElement
217	nextBytes
218	dmq1
219	n
220	compareTo
221	DB
222	DV
223	subTo
224	invDigit
225	Microsoft Internet Explorer
226	x
227	err002
228	fromInt
229	Netscape
230	end
231	F2
232	Start
233	FV
234	Start controlFlowFlattening
235	$_EGH
236	s
237	$_DCz
238	appName
239	2d
240	S
241	reduce
242	mod
243	j
244	m
245	compatMode
246	p
247	onmousemove
248	next
249	q
250	$_DGb
251	getElementsByTagName
252	mp
253	max
254	$_EBp
255	mt2
256	init
257	10001
258	crypto
259	clamp
260	body
261	getRandomValues
262	mph
263	e
265	mousemove
266	F1
267	A
268	canvas
269	res
270	prototype
271	convert
272	y
273	$_DFp
274	fromRadix
275	//
276	pow
277	mpl
278	t
279	fromString
280	dlShiftTo
281	d
282	removeEventListener
283	DM
284	mulTo
285	detachEvent
286	squareTo
287	addEventListener
288	ZERO
289	copyTo
290	sqrTo
291	$_DIJ
292	jscrambler
293	floor
294	revert
295	coeff
296	drShiftTo
297	getContext
298	abs
299	attachEvent
300	apply
301	$_FGd
302	WordArray
303	$super
304	$_FEl
305	blockSize
306	lShiftTo
307	call
308	reset
309	$_GBN
310	$_HED
311	$_HAm
312	REJECTED
313	splice
314	finalize
315	RESOLVED
316	$_GCN
317	rShiftTo
318	extend
319	AES
320	$_GFv
321	$_HJF
322	$_GJT
323	format
324	algo
325	Pkcs7
326	Encryptor
327	$_GAq
328	exp
329	Cipher
330	Invalid RSA public key
331	$_IDj
332	debug
333	$_GHL
334	$_FDB
335	ONE
336	ceil
337	then
338	createEncryptor
339	toString
340	Latin1
341	$_FFL
342	processBlock
343	mode
344	$_GIt
345	negate
346	SerializableCipher
347	BlockCipher
348	isEven
349	$_HFW
350	mixIn
351	$_GEo
352	words
353	padding
354	sigBytes
355	min
356	toRadix
357	$_HBF
358	encryptBlock
359	CBC
360	iv
361	$_HCU
362	$_HIi
363	pad
364	$_GGH
365	Message too long for RSA
366	$_FCf
367	$_FIU
368	lib
369	dequeue
370	each
371	$_HDZ
372	CipherParams
373	$_IEi
374	encrypt
375	isEmpty
376	BufferedBlockAlgorithm
377	Utf8
378	PENDING
379	concat
380	$_IAv
381	BlockCipherMode
382	$_IBA
383	bitLength
384	create
385	0000000000000000
386	queue is empty
387	doPublic
388	$_FHq
389	$_HGU
390	$_FJt
391	enc
392	$_IFj
393	ele
394	$_HHe
395	modPowInt
396	ciphertext
397	Base
398	cfg
399	$_ICC
400	cssText
401	$_JAc
402	mousedown
403	Geetest
404	all
405	appendChild
406	pageYOffset
407	$_BCFp
408	pageXOffset
409	$_IHx
410	tagName
411	mouseenter
412	filter
413	$_FBR
414	clientTop
415	slide
416	mouseup
417	race
418	removeChild
419	$_BBJ_
420	$_BAIw
421	setAttribute
422	$_BCEG
423	scroll
424	insertBefore
425	$_BACF
426	removeAttribute
427	on
428	MSPointerMove
429	resize
430	pageshow
431	right
432	$_JHZ
433	pointerdown
434	$_JIE
435	focus
436	className
437	$_BAFr
438	scrollLeft
439	beforeunload
440	$_BCAp
441	touchcancel
442	createTextNode
443	touchmove
444	$_JFw
445	shell
446	mouseleave
447	$_BABE
448	[object Array]
449	bottom
450	touchend
451	$_sTyyle
452	isArray
453	click
454	pointermove
455	$_JDb
456	join
457	map
458	user_callback
459	noConflict
460	none
461	top
462	blur
463	pointerup
464	$_JJG
465	keyup
466	unload
467	styleSheet
468	left
469	$_FAA
470	parentNode
471	block
472	$_BCHs
473	focusin
474	ended
475	width
476	toLocaleLowerCase
477	enqueue
478	value
479	touchstart
480	$_BAJa
481	getBoundingClientRect
482	$_IJA
483	MSPointerUp
484	scrollTop
485	getAttribute
486	$_IGv
487	children
488	MSPointerDown
489	forEach
490	round
491	substring
492	clear
493	keydown
494	clientLeft
495	innerHTML
496	$_JEG
497	$_IIv
498	style
499	height
500	$_BCGm
501	changedTouches
502	getUTCMinutes
503	href
504	origin_
505	posY
506	jQuery
507	cloneNode
508	$_BFEi
509	$_BECh
510	JSON.stringify
511	clientY
512	\b
513	posX
514	down
515	ELEMENT_NODE
516	$_BEGA
517	offsetTop
518	currentStyle
519	stopPropagation
520	$_BEJU
521	nodeType
522	childNodes
523	querySelector
524	0000
525	lastTime
526	$_EEK
527	touch
528	\t
529	\r
530	[]
531	]
532	parseInt
533	\n
534	Z
535	currentTime
536	getUTCMonth
537	getComputedStyle
538	$_BFBD
539	{
540	log
541	MSPointer
542	getElementById
543	outerHTML
544	getUTCHours
545	{}
546	\f
547	sandbox
548	returnValue
549	toJSON
550	$_BFHs
551	$_BFGw
552	preventDefault
553	$_BFAt
554	}
555	$_BFDL
556	offsetLeft
557	id
558	,

559	up
560	offsetParent
561	lastIndex
562	$_BFCz
563	T
564	getUTCFullYear
565	clientX
566	#
567	$_BEDJ
568	$
569	$_BGAw
570	$_BEI_
571	[

572	[
573	pause
574	getPropertyValue
575	\"
576	"
577	\\
578	

579	1
580	cancelable
581	overflow
582	\u
583	{

584	$_BEHZ
585	visible
586	$_BFFE
587	$_JBl
588	move
589	$_BFIP
590	mouse
591	pointer
592	play
593	,
594	()*,-./0123456789:?@ABCDEFGHIJKLMNOPQRSTUVWXYZ_abcdefghijklmnopqrstuvwxyz~
595	getUTCDate
596	null
597	$_BBEW
598	getUTCSeconds
599	$_BFJh
600	$_BHHt
601	.panel_ghost
602	$_BHEf
603	success
604	clientWidth
605	responseEnd
606	custom
607	loadEventStart
608	fail
609	redirectEnd
610	.holder
611	unloadEventEnd
612	$_BHAi
613	timing
614	touchEvent
615	connectEnd
616	i18n_labels
617	$_BIGd
618	$_BGIS
619	domInteractive
620	ready
621	product
622	refresh
623	$_BGGY
624	$_BIBH
625	domContentLoadedEventEnd
626	6
627	requestStart
628	domainLookupStart
629	.holder.
630	$_BHDo
631	.custom
632	domainLookupEnd
633	connectStart
634	验证成功 您的速度已超过%s%%的用户
635	.popup_box
636	刷新验证
637	$_BHFb
638	bg_color
639	.m
640	$_BHCZ
641	https
642	rem
643	$_BGJd
644	autoReset
645	domLoading
646	验证成功
647	redirectStart
648	mouseEvent
649	remUnit
650	theme
651	加载中...
652	popup
653	$_BHBM
654	$_BGFJ
655	2
656	$_BHGW
657	$_BHId
658	$_BIFW
659	https://
660	web
661	navigationStart
662	$_BGHZ
663	domComplete
664	setStyles
665	确认
666	.popup
667	348px
668	unloadEventStart
669	4
670	performance
671	5
672	验证失败
673	.popup_ghost
674	load
675	_
676	关闭验证
677	$_EJl
678	responseStart
679	请按_语序_依次_点击下图文字:
680	验证失败 请按提示重新操作
681	请选中下图中所有的：
682	loadEventEnd
683	web_mobile
684	$_BICk
685	$_BIAy
686	secureConnectionStart
687	exec
688	debugConfig
689	domContentLoadedEventStart
690	change
691	clientHeight
692	isPC
693	close
694	请在下图_依次_点击：
695	embed
696	$_BHJM
697	视觉障碍
698	帮助反馈
699	fetchStart
700	pic_type
701	$_BJAm
702	$_BJDc
703	100%
704	url_skin
705	commit
706	data
707	|
708	_gct
709	wn
710	$_JCo
711	$_BCIF
712	|jordan
713	fFtZ0VaY4Gg
714	url_picture
715	text/css
716	/ajax.php
717	$_BIEt
718	hideRefresh
719	.close
720	feedback
721	.commit_tip
722	$_CAAe
723	url_get
724	.refresh_tip
725	voice
726	gct_path
727	validate
728	resource_servers
729	c
730	static_servers
731	$_BGEZ
732	pic
733	_blank
734	ep
735	cc
736	$1
737	.refresh
738	$_BJFz
739	$_BJBT
740	passtime
741	fEkexGxOwUyY
742	.feedback_tip
743	score
744	spec
745	&challenge=
746	javascript:;
747	loading
748	.commit
749	f
750	$_CACd
751	$_CABQ
752	$_BJEr
753	.close_tip
754	.geetest_close
755	url_ajax
756	$_BIHo
757	.panel
758	$_BBAF
759	3.1.2
760	_style
761	ws
762	.feedback
763	$_CAJI
764	rp
765	assign
766	.geetest_refresh
767	$_CBAQ
768	$_CBBi
769	absolute
770	button
771	$_BJCo
772	$_CAHI
773	$_BIJZ
774	$_EFu
775	$_CAGl
776	-1
777	es
778	/get.php
779	$_BJHe
780	.window
781	$_CADm
782	result
783	Cannot convert undefined or null to object
784	substr
785	$_JGC
786	$_BIIx
787	hideClose
788	w
789	area
791	$_CAFh
792	$_CAIt
793	$_BGCY
794	$_BJGM
795	$_BJIi
796	gg
797	space
798	.item.big_item
799	$_BBBw
800	.voice
801	$_CCDX
802	$_BIDk
803	no-repeat
804	$_CBCK
805	$_CBFa
806	_short
807	.tip_text
808	.widget
809	three
810	url("
811	%s%
812	five
813	selected
814	small_tip
815	$_BAAc
816	.small
817	$_CCHy
818	112%
819	word
820	.word1
821	$_CCIT
822	$_CBJy
823	four
824	$_CBIT
825	.word2
826	00%
827	$_BEFJ
828	theme_version
829	hideSuccess
830	disable
831	$_CCGg
832	.item_img
833	$_CBGb
834	keyCode
835	.tip_content
836	shake
837	$_CCAF
838	$_CDAf
839	$_BDIE
840	icon
841	tip
842	")
843	big_mark
844	show_voice
845	src
846	move_word
847	.result_tip
848	zoomEle
849	square_mark
850	item_ie7
851	phrase
852	.voice_tip
853	%
854	$_CCFI
855	$_CCCq
856	num
857	.atip_content
858	click_IE9
859	/refresh.php
860	.tip_space
861	/style
862	$_CBDL
863	url_refresh
864	$_CDBG
865	1*1
866	.item
867	space_mark
868	</span>
869	$_BDHe
870	.word6
871	atip
872	.word5
873	$_BBCv
874	$_BJJQ
875	api_appendTo
876	/static/
877	$_CCJo
878	$_CCEF
879	nine
880	translateZ(0)
881	$_CBEB
882	sign
883	<span class="geetest_mark">
884	$_BCJN
885	$_BEEW
886	_https
887	click_word
888	$_CBHi
889	$_BDGX
890	.item_wrap
891	inline-block
892	.word4
893	zoom
894	$_CCBv
895	$_BBIu
896	six
897	.word3
898	.tip_img
899	*
900	$_BCBP
901	$_CDJl
902	$_CEDK
903	rv:11.0
904	getIEVersion
905	/static
906	compatible
907	special
908	multi_click
912	inherit
913	mark_no
914	.tips
915	static.geevisit.com
916	msTransition
920	ur
921	$_CEEl
922	transition
923	api.geetest.com
924	small_fontsize
926	availWidth
928	</div>
930	$_CECs
931	$_CDDr
932	font-family
936	skin_path
937	silver
938	edge
940	$_CEFr
942	target
944	 geetest_click_word geetest_move_word
945	$_BCCj
947	$_CDFH
949	1.5.4
950	.css
951	$_CDHM
952	.head
953	MSIE (\d+\.\d+);
954	$_CEAI
955	依次点击图片的_xxx_3个字
956	$_CEGH
957	$_CAER
958	iw
959	webkitTransition
960	 geetest_click_IE9 geetest_move_word
961	orientation
963	http://www.geetest.com/contact
964	fa
966	portrait
967	mark_show
968	$_CDIb
969	item_icon
970	<div>
971	MSIE
972	Trident
973	$_CEIP
974	ar
976	$_CDGM
978	dt
979	medium_fontsize
981	mozTransition
982	availHeight
984	$_CDEe
985	Edge
987	$_CEHq
988	landscape
990	item_ghost
991	https://www.geetest.com/first_page
992	special_text
994	http://
997	static.geetest.com
998	srcElement
1000	undefined
1001	undefined
1002	undefined
1003	undefined
1004	undefined
1005	undefined
1006	undefined
1007	undefined
1008	undefined
1009	undefined
1010	undefined
1011	undefined
1012	undefined
1013	undefined
1014	undefined
1015	undefined
1016	undefined
1017	undefined
1018	undefined
1019	undefined
1020	undefined
1021	undefined
1022	undefined
1023	undefined
1024	undefined
1025	undefined
1026	undefined
1027	undefined
1028	undefined
1029	undefined
1030	undefined
1031	undefined
1032	undefined
1033	undefined
1034	undefined
1035	undefined
1036	undefined
1037	undefined
1038	undefined
1039	undefined
1040	undefined
1041	undefined
1042	undefined
1043	undefined
1044	undefined
1045	undefined
1046	undefined
1047	undefined
1048	undefined
1049	undefined
1050	undefined
1051	undefined
1052	undefined
1053	undefined
1054	undefined
1055	undefined
1056	undefined
1057	undefined
1058	undefined
1059	undefined
1060	undefined
1061	undefined
1062	undefined
1063	undefined
1064	undefined
1065	undefined
1066	undefined
1067	undefined
1068	undefined
1069	undefined
1070	undefined
1071	undefined
1072	undefined
1073	undefined
1074	undefined
1075	undefined
1076	undefined
1077	undefined
1078	undefined
1079	undefined
1080	undefined
1081	undefined
1082	undefined
1083	undefined
1084	undefined
1085	undefined
1086	undefined
1087	undefined
1088	undefined
1089	undefined
1090	undefined
1091	undefined
1092	undefined
1093	undefined
1094	undefined
1095	undefined
1096	undefined
1097	undefined
1098	undefined
1099	undefined
1100	undefined
1101	undefined
1102	undefined
1103	undefined
1104	undefined
1105	undefined
1106	undefined
1107	undefined
1108	undefined
1109	undefined
1110	undefined
1111	undefined
1112	undefined
1113	undefined
1114	undefined
1115	undefined
1116	undefined
1117	undefined
1118	undefined
1119	undefined
1120	undefined
1121	undefined
1122	undefined
1123	undefined
1124	undefined
1125	undefined
1126	undefined
1127	undefined
1128	undefined
1129	undefined
1130	undefined
1131	undefined
1132	undefined
1133	undefined
1134	undefined
1135	undefined
1136	undefined
1137	undefined
1138	undefined
1139	undefined
1140	undefined
1141	undefined
1142	undefined
1143	undefined
1144	undefined
1145	undefined
1146	undefined
1147	undefined
1148	undefined
1149	undefined
1150	undefined
1151	undefined
1152	undefined
1153	undefined
1154	undefined
1155	undefined
1156	undefined
1157	undefined
1158	undefined
1159	undefined
1160	undefined
1161	undefined
1162	undefined
1163	undefined
1164	undefined
1165	undefined
1166	undefined
1167	undefined
1168	undefined
1169	undefined
1170	undefined
1171	undefined
1172	undefined
1173	undefined
1174	undefined
1175	undefined
1176	undefined
1177	undefined
1178	undefined
1179	undefined
1180	undefined
1181	undefined
1182	undefined
1183	undefined
1184	undefined
1185	undefined
1186	undefined
1187	undefined
1188	undefined
1189	undefined
1190	undefined
1191	undefined
1192	undefined
1193	undefined
1194	undefined
1195	undefined
1196	undefined
1197	undefined
1198	undefined
1199	undefined
1200	undefined
1201	undefined
1202	undefined
1203	undefined
1204	undefined
1205	undefined
1206	undefined
1207	undefined
1208	undefined
1209	undefined
1210	undefined
1211	undefined
1212	undefined
1213	undefined
1214	undefined
1215	undefined
1216	undefined
1217	undefined
1218	undefined
1219	undefined
1220	undefined
1221	undefined
1222	undefined
1223	undefined
1224	undefined
1225	undefined
1226	undefined
1227	undefined
1228	undefined
1229	undefined
1230	undefined
1231	undefined
1232	undefined
1233	undefined
1234	undefined
1235	undefined
1236	undefined
1237	undefined
1238	undefined
1239	undefined
1240	undefined
1241	undefined
1242	undefined
1243	undefined
1244	undefined
1245	undefined
1246	undefined
1247	undefined
1248	undefined
1249	undefined
1250	undefined
1251	undefined
1252	undefined
1253	undefined
1254	undefined
1255	undefined
1256	undefined
1257	undefined
1258	undefined
1259	undefined
1260	undefined
1261	undefined
1262	undefined
1263	undefined
1264	undefined
1265	undefined
1266	undefined
1267	undefined
1268	undefined
1269	undefined
1270	undefined
1271	undefined
1272	undefined
1273	undefined
1274	undefined
1275	undefined
1276	undefined
1277	undefined
1278	undefined
1279	undefined
1280	undefined
1281	undefined
1282	undefined
1283	undefined
1284	undefined
1285	undefined
1286	undefined
1287	undefined
1288	undefined
1289	undefined
1290	undefined
1291	undefined
1292	undefined
1293	undefined
1294	undefined
1295	undefined
1296	undefined
1297	undefined
1298	undefined
1299	undefined
1300	undefined
1301	undefined
1302	undefined
1303	undefined
1304	undefined
1305	undefined
1306	undefined
1307	undefined
1308	undefined
1309	undefined
1310	undefined
1311	undefined
1312	undefined
1313	undefined
1314	undefined
1315	undefined
1316	undefined
1317	undefined
1318	undefined
1319	undefined
1320	undefined
1321	undefined
1322	undefined
1323	undefined
1324	undefined
1325	undefined
1326	undefined
1327	undefined
1328	undefined
1329	undefined
1330	undefined
1331	undefined
1332	undefined
1333	undefined
1334	undefined
1335	undefined
1336	undefined
1337	undefined
1338	undefined
1339	undefined
1340	undefined
1341	undefined
1342	undefined
1343	undefined
1344	undefined
1345	undefined
1346	undefined
1347	undefined
1348	undefined
1349	undefined
1350	undefined
1351	undefined
1352	undefined
1353	undefined
1354	undefined
1355	undefined
1356	undefined
1357	undefined
1358	undefined
1359	undefined
1360	undefined
1361	undefined
1362	undefined
1363	undefined
1364	undefined
1365	undefined
1366	undefined
1367	undefined
1368	undefined
1369	undefined
1370	undefined
1371	undefined
1372	undefined
1373	undefined
1374	undefined
1375	undefined
1376	undefined
1377	undefined
1378	undefined
1379	undefined
1380	undefined
1381	undefined
1382	undefined
1383	undefined
1384	undefined
1385	undefined
1386	undefined
1387	undefined
1388	undefined
1389	undefined
1390	undefined
1391	undefined
1392	undefined
1393	undefined
1394	undefined
1395	undefined
1396	undefined
1397	undefined
1398	undefined
1399	undefined
1400	undefined
1401	undefined
1402	undefined
1403	undefined
1404	undefined
1405	undefined
1406	undefined
1407	undefined
1408	undefined
1409	undefined
1410	undefined
1411	undefined
1412	undefined
1413	undefined
1414	undefined
1415	undefined
1416	undefined
1417	undefined
1418	undefined
1419	undefined
1420	undefined
1421	undefined
1422	undefined
1423	undefined
1424	undefined
1425	undefined
1426	undefined
1427	undefined
1428	undefined
1429	undefined
1430	undefined
1431	undefined
1432	undefined
1433	undefined
1434	undefined
1435	undefined
1436	undefined
1437	undefined
1438	undefined
1439	undefined
1440	undefined
1441	undefined
1442	undefined
1443	undefined
1444	undefined
1445	undefined
1446	undefined
1447	undefined
1448	undefined
1449	undefined
1450	undefined
1451	undefined
1452	undefined
1453	undefined
1454	undefined
1455	undefined
1456	undefined
1457	undefined
1458	undefined
1459	undefined
1460	undefined
1461	undefined
1462	undefined
1463	undefined
1464	undefined
1465	undefined
1466	undefined
1467	undefined
1468	undefined
1469	undefined
1470	undefined
1471	undefined
1472	undefined
1473	undefined
1474	undefined
1475	undefined
1476	undefined
1477	undefined
1478	undefined
1479	undefined
1480	undefined
1481	undefined
1482	undefined
1483	undefined
1484	undefined
1485	undefined
1486	undefined
1487	undefined
1488	undefined
1489	undefined
1490	undefined
1491	undefined
1492	undefined
1493	undefined
1494	undefined
1495	undefined
1496	undefined
1497	undefined
1498	undefined
1499	undefined
1500	undefined
1501	undefined
1502	undefined
1503	undefined
1504	undefined
1505	undefined
1506	undefined
1507	undefined
1508	undefined
1509	undefined
1510	undefined
1511	undefined
1512	undefined
1513	undefined
1514	undefined
1515	undefined
1516	undefined
1517	undefined
1518	undefined
1519	undefined
1520	undefined
1521	undefined
1522	undefined
1523	undefined
1524	undefined
1525	undefined
1526	undefined
1527	undefined
1528	undefined
1529	undefined
1530	undefined
1531	undefined
1532	undefined
1533	undefined
1534	undefined
1535	undefined
1536	undefined
1537	undefined
1538	undefined
1539	undefined
1540	undefined
1541	undefined
1542	undefined
1543	undefined
1544	undefined
1545	undefined
1546	undefined
1547	undefined
1548	undefined
1549	undefined
1550	undefined
1551	undefined
1552	undefined
1553	undefined
1554	undefined
1555	undefined
1556	undefined
1557	undefined
1558	undefined
1559	undefined
1560	undefined
1561	undefined
1562	undefined
1563	undefined
1564	undefined
1565	undefined
1566	undefined
1567	undefined
1568	undefined
1569	undefined
1570	undefined
1571	undefined
1572	undefined
1573	undefined
1574	undefined
1575	undefined
1576	undefined
1577	undefined
1578	undefined
1579	undefined
1580	undefined
1581	undefined
1582	undefined
1583	undefined
1584	undefined
1585	undefined
1586	undefined
1587	undefined
1588	undefined
1589	undefined
1590	undefined
1591	undefined
1592	undefined
1593	undefined
1594	undefined
1595	undefined
1596	undefined
1597	undefined
1598	undefined
1599	undefined
1600	undefined
1601	undefined
1602	undefined
1603	undefined
1604	undefined
1605	undefined
1606	undefined
1607	undefined
1608	undefined
1609	undefined
1610	undefined
1611	undefined
1612	undefined
1613	undefined
1614	undefined
1615	undefined
1616	undefined
1617	undefined
1618	undefined
1619	undefined
1620	undefined
1621	undefined
1622	undefined
1623	undefined
1624	undefined
1625	undefined
1626	undefined
1627	undefined
1628	undefined
1629	undefined
1630	undefined
1631	undefined
1632	undefined
1633	undefined
1634	undefined
1635	undefined
1636	undefined
1637	undefined
1638	undefined
1639	undefined
1640	undefined
1641	undefined
1642	undefined
1643	undefined
1644	undefined
1645	undefined
1646	undefined
1647	undefined
1648	undefined
1649	undefined
1650	undefined
1651	undefined
1652	undefined
1653	undefined
1654	undefined
1655	undefined
1656	undefined
1657	undefined
1658	undefined
1659	undefined
1660	undefined
1661	undefined
1662	undefined
1663	undefined
1664	undefined
1665	undefined
1666	undefined
1667	undefined
1668	undefined
1669	undefined
1670	undefined
1671	undefined
1672	undefined
1673	undefined
1674	undefined
1675	undefined
1676	undefined
1677	undefined
1678	undefined
1679	undefined
1680	undefined
1681	undefined
1682	undefined
1683	undefined
1684	undefined
1685	undefined
1686	undefined
1687	undefined
1688	undefined
1689	undefined
1690	undefined
1691	undefined
1692	undefined
1693	undefined
1694	undefined
1695	undefined
1696	undefined
1697	undefined
1698	undefined
1699	undefined
1700	undefined
1701	undefined
1702	undefined
1703	undefined
1704	undefined
1705	undefined
1706	undefined
1707	undefined
1708	undefined
1709	undefined
1710	undefined
1711	undefined
1712	undefined
1713	undefined
1714	undefined
1715	undefined
1716	undefined
1717	undefined
1718	undefined
1719	undefined
1720	undefined
1721	undefined
1722	undefined
1723	undefined
1724	undefined
1725	undefined
1726	undefined
1727	undefined
1728	undefined
1729	undefined
1730	undefined
1731	undefined
1732	undefined
1733	undefined
1734	undefined
1735	undefined
1736	undefined
1737	undefined
1738	undefined
1739	undefined
1740	undefined
1741	undefined
1742	undefined
1743	undefined
1744	undefined
1745	undefined
1746	undefined
1747	undefined
1748	undefined
1749	undefined
1750	undefined
1751	undefined
1752	undefined
1753	undefined
1754	undefined
1755	undefined
1756	undefined
1757	undefined
1758	undefined
1759	undefined
1760	undefined
1761	undefined
1762	undefined
1763	undefined
1764	undefined
1765	undefined
1766	undefined
1767	undefined
1768	undefined
1769	undefined
1770	undefined
1771	undefined
1772	undefined
1773	undefined
1774	undefined
1775	undefined
1776	undefined
1777	undefined
1778	undefined
1779	undefined
1780	undefined
1781	undefined
1782	undefined
1783	undefined
1784	undefined
1785	undefined
1786	undefined
1787	undefined
1788	undefined
1789	undefined
1790	undefined
1791	undefined
1792	undefined
1793	undefined
1794	undefined
1795	undefined
1796	undefined
1797	undefined
1798	undefined
1799	undefined
1800	undefined
1801	undefined
1802	undefined
1803	undefined
1804	undefined
1805	undefined
1806	undefined
1807	undefined
1808	undefined
1809	undefined
1810	undefined
1811	undefined
1812	undefined
1813	undefined
1814	undefined
1815	undefined
1816	undefined
1817	undefined
1818	undefined
1819	undefined
1820	undefined
1821	undefined
1822	undefined
1823	undefined
1824	undefined
1825	undefined
1826	undefined
1827	undefined
1828	undefined
1829	undefined
1830	undefined
1831	undefined
1832	undefined
1833	undefined
1834	undefined
1835	undefined
1836	undefined
1837	undefined
1838	undefined
1839	undefined
1840	undefined
1841	undefined
1842	undefined
1843	undefined
1844	undefined
1845	undefined
1846	undefined
1847	undefined
1848	undefined
1849	undefined
1850	undefined
1851	undefined
1852	undefined
1853	undefined
1854	undefined
1855	undefined
1856	undefined
1857	undefined
1858	undefined
1859	undefined
1860	undefined
1861	undefined
1862	undefined
1863	undefined
1864	undefined
1865	undefined
1866	undefined
1867	undefined
1868	undefined
1869	undefined
1870	undefined
1871	undefined
1872	undefined
1873	undefined
1874	undefined
1875	undefined
1876	undefined
1877	undefined
1878	undefined
1879	undefined
1880	undefined
1881	undefined
1882	undefined
1883	undefined
1884	undefined
1885	undefined
1886	undefined
1887	undefined
1888	undefined
1889	undefined
1890	undefined
1891	undefined
1892	undefined
1893	undefined
1894	undefined
1895	undefined
1896	undefined
1897	undefined
1898	undefined
1899	undefined
1900	undefined
1901	undefined
1902	undefined
1903	undefined
1904	undefined
1905	undefined
1906	undefined
1907	undefined
1908	undefined
1909	undefined
1910	undefined
1911	undefined
1912	undefined
1913	undefined
1914	undefined
1915	undefined
1916	undefined
1917	undefined
1918	undefined
1919	undefined
1920	undefined
1921	undefined
1922	undefined
1923	undefined
1924	undefined
1925	undefined
1926	undefined
1927	undefined
1928	undefined
1929	undefined
1930	undefined
1931	undefined
1932	undefined
1933	undefined
1934	undefined
1935	undefined
1936	undefined
1937	undefined
1938	undefined
1939	undefined
1940	undefined
1941	undefined
1942	undefined
1943	undefined
1944	undefined
1945	undefined
1946	undefined
1947	undefined
1948	undefined
1949	undefined
1950	undefined
1951	undefined
1952	undefined
1953	undefined
1954	undefined
1955	undefined
1956	undefined
1957	undefined
1958	undefined
1959	undefined
1960	undefined
1961	undefined
1962	undefined
1963	undefined
1964	undefined
1965	undefined
1966	undefined
1967	undefined
1968	undefined
1969	undefined
1970	undefined
1971	undefined
1972	undefined
1973	undefined
1974	undefined
1975	undefined
1976	undefined
1977	undefined
1978	undefined
1979	undefined
1980	undefined
1981	undefined
1982	undefined
1983	undefined
1984	undefined
1985	undefined
1986	undefined
1987	undefined
1988	undefined
1989	undefined
1990	undefined
1991	undefined
1992	undefined
1993	undefined
1994	undefined
1995	undefined
1996	undefined
1997	undefined
1998	undefined
1999	undefined
2000	undefined
2001	undefined
2002	undefined
2003	undefined
2004	undefined
2005	undefined
2006	undefined
2007	undefined
2008	undefined
2009	undefined
2010	undefined
2011	undefined
2012	undefined
2013	undefined
2014	undefined
2015	undefined
2016	undefined
2017	undefined
2018	undefined
2019	undefined
2020	undefined
2021	undefined
2022	undefined
2023	undefined
2024	undefined
2025	undefined
2026	undefined
2027	undefined
2028	undefined
2029	undefined
2030	undefined
2031	undefined
2032	undefined
2033	undefined
2034	undefined
2035	undefined
2036	undefined
2037	undefined
2038	undefined
2039	undefined
2040	undefined
2041	undefined
2042	undefined
2043	undefined
2044	undefined
2045	undefined
2046	undefined
2047	undefined
2048	undefined
2049	undefined
2050	undefined
2051	undefined
2052	undefined
2053	undefined
2054	undefined
2055	undefined
2056	undefined
2057	undefined
2058	undefined
2059	undefined
2060	undefined
2061	undefined
2062	undefined
2063	undefined
2064	undefined
2065	undefined
2066	undefined
2067	undefined
2068	undefined
2069	undefined
2070	undefined
2071	undefined
2072	undefined
2073	undefined
2074	undefined
2075	undefined
2076	undefined
2077	undefined
2078	undefined
2079	undefined
2080	undefined
2081	undefined
2082	undefined
2083	undefined
2084	undefined
2085	undefined
2086	undefined
2087	undefined
2088	undefined
2089	undefined
2090	undefined
2091	undefined
2092	undefined
2093	undefined
2094	undefined
2095	undefined
2096	undefined
2097	undefined
2098	undefined
2099	undefined
2100	undefined
2101	undefined
2102	undefined
2103	undefined
2104	undefined
2105	undefined
2106	undefined
2107	undefined
2108	undefined
2109	undefined
2110	undefined
2111	undefined
2112	undefined
2113	undefined
2114	undefined
2115	undefined
2116	undefined
2117	undefined
2118	undefined
2119	undefined
2120	undefined
2121	undefined
2122	undefined
2123	undefined
2124	undefined
2125	undefined
2126	undefined
2127	undefined
2128	undefined
2129	undefined
2130	undefined
2131	undefined
2132	undefined
2133	undefined
2134	undefined
2135	undefined
2136	undefined
2137	undefined
2138	undefined
2139	undefined
2140	undefined
2141	undefined
2142	undefined
2143	undefined
2144	undefined
2145	undefined
2146	undefined
2147	undefined
2148	undefined
2149	undefined
2150	undefined
2151	undefined
2152	undefined
2153	undefined
2154	undefined
2155	undefined
2156	undefined
2157	undefined
2158	undefined
2159	undefined
2160	undefined
2161	undefined
2162	undefined
2163	undefined
2164	undefined
2165	undefined
2166	undefined
2167	undefined
2168	undefined
2169	undefined
2170	undefined
2171	undefined
2172	undefined
2173	undefined
2174	undefined
2175	undefined
2176	undefined
2177	undefined
2178	undefined
2179	undefined
2180	undefined
2181	undefined
2182	undefined
2183	undefined
2184	undefined
2185	undefined
2186	undefined
2187	undefined
2188	undefined
2189	undefined
2190	undefined
2191	undefined
2192	undefined
2193	undefined
2194	undefined
2195	undefined
2196	undefined
2197	undefined
2198	undefined
2199	undefined
2200	undefined
2201	undefined
2202	undefined
2203	undefined
2204	undefined
2205	undefined
2206	undefined
2207	undefined
2208	undefined
2209	undefined
2210	undefined
2211	undefined
2212	undefined
2213	undefined
2214	undefined
2215	undefined
2216	undefined
2217	undefined
2218	undefined
2219	undefined
2220	undefined
2221	undefined
2222	undefined
2223	undefined
2224	undefined
2225	undefined
2226	undefined
2227	undefined
2228	undefined
2229	undefined
2230	undefined
2231	undefined
2232	undefined
2233	undefined
2234	undefined
2235	undefined
2236	undefined
2237	undefined
2238	undefined
2239	undefined
2240	undefined
2241	undefined
2242	undefined
2243	undefined
2244	undefined
2245	undefined
2246	undefined
2247	undefined
2248	undefined
2249	undefined
2250	undefined
2251	undefined
2252	undefined
2253	undefined
2254	undefined
2255	undefined
2256	undefined
2257	undefined
2258	undefined
2259	undefined
2260	undefined
2261	undefined
2262	undefined
2263	undefined
2264	undefined
2265	undefined
2266	undefined
2267	undefined
2268	undefined
2269	undefined
2270	undefined
2271	undefined
2272	undefined
2273	undefined
2274	undefined
2275	undefined
2276	undefined
2277	undefined
2278	undefined
2279	undefined
2280	undefined
2281	undefined
2282	undefined
2283	undefined
2284	undefined
2285	undefined
2286	undefined
2287	undefined
2288	undefined
2289	undefined
2290	undefined
2291	undefined
2292	undefined
2293	undefined
2294	undefined
2295	undefined
2296	undefined
2297	undefined
2298	undefined
2299	undefined
2300	undefined
2301	undefined
2302	undefined
2303	undefined
2304	undefined
2305	undefined
2306	undefined
2307	undefined
2308	undefined
2309	undefined
2310	undefined
2311	undefined
2312	undefined
2313	undefined
2314	undefined
2315	undefined
2316	undefined
2317	undefined
2318	undefined
2319	undefined
2320	undefined
2321	undefined
2322	undefined
2323	undefined
2324	undefined
2325	undefined
2326	undefined
2327	undefined
2328	undefined
2329	undefined
2330	undefined
2331	undefined
2332	undefined
2333	undefined
2334	undefined
2335	undefined
2336	undefined
2337	undefined
2338	undefined
2339	undefined
2340	undefined
2341	undefined
2342	undefined
2343	undefined
2344	undefined
2345	undefined
2346	undefined
2347	undefined
2348	undefined
2349	undefined
2350	undefined
2351	undefined
2352	undefined
2353	undefined
2354	undefined
2355	undefined
2356	undefined
2357	undefined
2358	undefined
2359	undefined
2360	undefined
2361	undefined
2362	undefined
2363	undefined
2364	undefined
2365	undefined
2366	undefined
2367	undefined
2368	undefined
2369	undefined
2370	undefined
2371	undefined
2372	undefined
2373	undefined
2374	undefined
2375	undefined
2376	undefined
2377	undefined
2378	undefined
2379	undefined
2380	undefined
2381	undefined
2382	undefined
2383	undefined
2384	undefined
2385	undefined
2386	undefined
2387	undefined
2388	undefined
2389	undefined
2390	undefined
2391	undefined
2392	undefined
2393	undefined
2394	undefined
2395	undefined
2396	undefined
2397	undefined
2398	undefined
2399	undefined
2400	undefined
2401	undefined
2402	undefined
2403	undefined
2404	undefined
2405	undefined
2406	undefined
2407	undefined
2408	undefined
2409	undefined
2410	undefined
2411	undefined
2412	undefined
2413	undefined
2414	undefined
2415	undefined
2416	undefined
2417	undefined
2418	undefined
2419	undefined
2420	undefined
2421	undefined
2422	undefined
2423	undefined
2424	undefined
2425	undefined
2426	undefined
2427	undefined
2428	undefined
2429	undefined
2430	undefined
2431	undefined
2432	undefined
2433	undefined
2434	undefined
2435	undefined
2436	undefined
2437	undefined
2438	undefined
2439	undefined
2440	undefined
2441	undefined
2442	undefined
2443	undefined
2444	undefined
2445	undefined
2446	undefined
2447	undefined
2448	undefined
2449	undefined
2450	undefined
2451	undefined
2452	undefined
2453	undefined
2454	undefined
2455	undefined
2456	undefined
2457	undefined
2458	undefined
2459	undefined
2460	undefined
2461	undefined
2462	undefined
2463	undefined
2464	undefined
2465	undefined
2466	undefined
2467	undefined
2468	undefined
2469	undefined
2470	undefined
2471	undefined
2472	undefined
2473	undefined
2474	undefined
2475	undefined
2476	undefined
2477	undefined
2478	undefined
2479	undefined
2480	undefined
2481	undefined
2482	undefined
2483	undefined
2484	undefined
2485	undefined
2486	undefined
2487	undefined
2488	undefined
2489	undefined
2490	undefined
2491	undefined
2492	undefined
2493	undefined
2494	undefined
2495	undefined
2496	undefined
2497	undefined
2498	undefined
2499	undefined
2500	undefined
2501	undefined
2502	undefined
2503	undefined
2504	undefined
2505	undefined
2506	undefined
2507	undefined
2508	undefined
2509	undefined
2510	undefined
2511	undefined
2512	undefined
2513	undefined
2514	undefined
2515	undefined
2516	undefined
2517	undefined
2518	undefined
2519	undefined
2520	undefined
2521	undefined
2522	undefined
2523	undefined
2524	undefined
2525	undefined
2526	undefined
2527	undefined
2528	undefined
2529	undefined
2530	undefined
2531	undefined
2532	undefined
2533	undefined
2534	undefined
2535	undefined
2536	undefined
2537	undefined
2538	undefined
2539	undefined
2540	undefined
2541	undefined
2542	undefined
2543	undefined
2544	undefined
2545	undefined
2546	undefined
2547	undefined
2548	undefined
2549	undefined
2550	undefined
2551	undefined
2552	undefined
2553	undefined
2554	undefined
2555	undefined
2556	undefined
2557	undefined
2558	undefined
2559	undefined
2560	undefined
2561	undefined
2562	undefined
2563	undefined
2564	undefined
2565	undefined
2566	undefined
2567	undefined
2568	undefined
2569	undefined
2570	undefined
2571	undefined
2572	undefined
2573	undefined
2574	undefined
2575	undefined
2576	undefined
2577	undefined
2578	undefined
2579	undefined
2580	undefined
2581	undefined
2582	undefined
2583	undefined
2584	undefined
2585	undefined
2586	undefined
2587	undefined
2588	undefined
2589	undefined
2590	undefined
2591	undefined
2592	undefined
2593	undefined
2594	undefined
2595	undefined
2596	undefined
2597	undefined
2598	undefined
2599	undefined
2600	undefined
2601	undefined
2602	undefined
2603	undefined
2604	undefined
2605	undefined
2606	undefined
2607	undefined
2608	undefined
2609	undefined
2610	undefined
2611	undefined
2612	undefined
2613	undefined
2614	undefined
2615	undefined
2616	undefined
2617	undefined
2618	undefined
2619	undefined
2620	undefined
2621	undefined
2622	undefined
2623	undefined
2624	undefined
2625	undefined
2626	undefined
2627	undefined
2628	undefined
2629	undefined
2630	undefined
2631	undefined
2632	undefined
2633	undefined
2634	undefined
2635	undefined
2636	undefined
2637	undefined
2638	undefined
2639	undefined
2640	undefined
2641	undefined
2642	undefined
2643	undefined
2644	undefined
2645	undefined
2646	undefined
2647	undefined
2648	undefined
2649	undefined
2650	undefined
2651	undefined
2652	undefined
2653	undefined
2654	undefined
2655	undefined
2656	undefined
2657	undefined
2658	undefined
2659	undefined
2660	undefined
2661	undefined
2662	undefined
2663	undefined
2664	undefined
2665	undefined
2666	undefined
2667	undefined
2668	undefined
2669	undefined
2670	undefined
2671	undefined
2672	undefined
2673	undefined
2674	undefined
2675	undefined
2676	undefined
2677	undefined
2678	undefined
2679	undefined
2680	undefined
2681	undefined
2682	undefined
2683	undefined
2684	undefined
2685	undefined
2686	undefined
2687	undefined
2688	undefined
2689	undefined
2690	undefined
2691	undefined
2692	undefined
2693	undefined
2694	undefined
2695	undefined
2696	undefined
2697	undefined
2698	undefined
2699	undefined
2700	undefined
2701	undefined
2702	undefined
2703	undefined
2704	undefined
2705	undefined
2706	undefined
2707	undefined
2708	undefined
2709	undefined
2710	undefined
2711	undefined
2712	undefined
2713	undefined
2714	undefined
2715	undefined
2716	undefined
2717	undefined
2718	undefined
2719	undefined
2720	undefined
2721	undefined
2722	undefined
2723	undefined
2724	undefined
2725	undefined
2726	undefined
2727	undefined
2728	undefined
2729	undefined
2730	undefined
2731	undefined
2732	undefined
2733	undefined
2734	undefined
2735	undefined
2736	undefined
2737	undefined
2738	undefined
2739	undefined
2740	undefined
2741	undefined
2742	undefined
2743	undefined
2744	undefined
2745	undefined
2746	undefined
2747	undefined
2748	undefined
2749	undefined
2750	undefined
2751	undefined
2752	undefined
2753	undefined
2754	undefined
2755	undefined
2756	undefined
2757	undefined
2758	undefined
2759	undefined
2760	undefined
2761	undefined
2762	undefined
2763	undefined
2764	undefined
2765	undefined
2766	undefined
2767	undefined
2768	undefined
2769	undefined
2770	undefined
2771	undefined
2772	undefined
2773	undefined
2774	undefined
2775	undefined
2776	undefined
2777	undefined
2778	undefined
2779	undefined
2780	undefined
2781	undefined
2782	undefined
2783	undefined
2784	undefined
2785	undefined
2786	undefined
2787	undefined
2788	undefined
2789	undefined
2790	undefined
2791	undefined
2792	undefined
2793	undefined
2794	undefined
2795	undefined
2796	undefined
2797	undefined
2798	undefined
2799	undefined
2800	undefined
2801	undefined
2802	undefined
2803	undefined
2804	undefined
2805	undefined
2806	undefined
2807	undefined
2808	undefined
2809	undefined
2810	undefined
2811	undefined
2812	undefined
2813	undefined
2814	undefined
2815	undefined
2816	undefined
2817	undefined
2818	undefined
2819	undefined
2820	undefined
2821	undefined
2822	undefined
2823	undefined
2824	undefined
2825	undefined
2826	undefined
2827	undefined
2828	undefined
2829	undefined
2830	undefined
2831	undefined
2832	undefined
2833	undefined
2834	undefined
2835	undefined
2836	undefined
2837	undefined
2838	undefined
2839	undefined
2840	undefined
2841	undefined
2842	undefined
2843	undefined
2844	undefined
2845	undefined
2846	undefined
2847	undefined
2848	undefined
2849	undefined
2850	undefined
2851	undefined
2852	undefined
2853	undefined
2854	undefined
2855	undefined
2856	undefined
2857	undefined
2858	undefined
2859	undefined
2860	undefined
2861	undefined
2862	undefined
2863	undefined
2864	undefined
2865	undefined
2866	undefined
2867	undefined
2868	undefined
2869	undefined
2870	undefined
2871	undefined
2872	undefined
2873	undefined
2874	undefined
2875	undefined
2876	undefined
2877	undefined
2878	undefined
2879	undefined
2880	undefined
2881	undefined
2882	undefined
2883	undefined
2884	undefined
2885	undefined
2886	undefined
2887	undefined
2888	undefined
2889	undefined
2890	undefined
2891	undefined
2892	undefined
2893	undefined
2894	undefined
2895	undefined
2896	undefined
2897	undefined
2898	undefined
2899	undefined
2900	undefined
2901	undefined
2902	undefined
2903	undefined
2904	undefined
2905	undefined
2906	undefined
2907	undefined
2908	undefined
2909	undefined
2910	undefined
2911	undefined
2912	undefined
2913	undefined
2914	undefined
2915	undefined
2916	undefined
2917	undefined
2918	undefined
2919	undefined
2920	undefined
2921	undefined
2922	undefined
2923	undefined
2924	undefined
2925	undefined
2926	undefined
2927	undefined
2928	undefined
2929	undefined
2930	undefined
2931	undefined
2932	undefined
2933	undefined
2934	undefined
2935	undefined
2936	undefined
2937	undefined
2938	undefined
2939	undefined
2940	undefined
2941	undefined
2942	undefined
2943	undefined
2944	undefined
2945	undefined
2946	undefined
2947	undefined
2948	undefined
2949	undefined
2950	undefined
2951	undefined
2952	undefined
2953	undefined
2954	undefined
2955	undefined
2956	undefined
2957	undefined
2958	undefined
2959	undefined
2960	undefined
2961	undefined
2962	undefined
2963	undefined
2964	undefined
2965	undefined
2966	undefined
2967	undefined
2968	undefined
2969	undefined
2970	undefined
2971	undefined
2972	undefined
2973	undefined
2974	undefined
2975	undefined
2976	undefined
2977	undefined
2978	undefined
2979	undefined
2980	undefined
2981	undefined
2982	undefined
2983	undefined
2984	undefined
2985	undefined
2986	undefined
2987	undefined
2988	undefined
2989	undefined
2990	undefined
2991	undefined
2992	undefined
2993	undefined
2994	undefined
2995	undefined
2996	undefined
2997	undefined
2998	undefined
2999	undefined
3000	undefined
3001	undefined
3002	undefined
3003	undefined
3004	undefined
3005	undefined
3006	undefined
3007	undefined
3008	undefined
3009	undefined
3010	undefined
3011	undefined
3012	undefined
3013	undefined
3014	undefined
3015	undefined
3016	undefined
3017	undefined
3018	undefined
3019	undefined
3020	undefined
3021	undefined
3022	undefined
3023	undefined
3024	undefined
3025	undefined
3026	undefined
3027	undefined
3028	undefined
3029	undefined
3030	undefined
3031	undefined
3032	undefined
3033	undefined
3034	undefined
3035	undefined
3036	undefined
3037	undefined
3038	undefined
3039	undefined
3040	undefined
3041	undefined
3042	undefined
3043	undefined
3044	undefined
3045	undefined
3046	undefined
3047	undefined
3048	undefined
3049	undefined
3050	undefined
3051	undefined
3052	undefined
3053	undefined
3054	undefined
3055	undefined
3056	undefined
3057	undefined
3058	undefined
3059	undefined
3060	undefined
3061	undefined
3062	undefined
3063	undefined
3064	undefined
3065	undefined
3066	undefined
3067	undefined
3068	undefined
3069	undefined
3070	undefined
3071	undefined
3072	undefined
3073	undefined
3074	undefined
3075	undefined
3076	undefined
3077	undefined
3078	undefined
3079	undefined
3080	undefined
3081	undefined
3082	undefined
3083	undefined
3084	undefined
3085	undefined
3086	undefined
3087	undefined
3088	undefined
3089	undefined
3090	undefined
3091	undefined
3092	undefined
3093	undefined
3094	undefined
3095	undefined
3096	undefined
3097	undefined
3098	undefined
3099	undefined
3100	undefined
3101	undefined
3102	undefined
3103	undefined
3104	undefined
3105	undefined
3106	undefined
3107	undefined
3108	undefined
3109	undefined
3110	undefined
3111	undefined
3112	undefined
3113	undefined
3114	undefined
3115	undefined
3116	undefined
3117	undefined
3118	undefined
3119	undefined
3120	undefined
3121	undefined
3122	undefined
3123	undefined
3124	undefined
3125	undefined
3126	undefined
3127	undefined
3128	undefined
3129	undefined
3130	undefined
3131	undefined
3132	undefined
3133	undefined
3134	undefined
3135	undefined
3136	undefined
3137	undefined
3138	undefined
3139	undefined
3140	undefined
3141	undefined
3142	undefined
3143	undefined
3144	undefined
3145	undefined
3146	undefined
3147	undefined
3148	undefined
3149	undefined
3150	undefined
3151	undefined
3152	undefined
3153	undefined
3154	undefined
3155	undefined
3156	undefined
3157	undefined
3158	undefined
3159	undefined
3160	undefined
3161	undefined
3162	undefined
3163	undefined
3164	undefined
3165	undefined
3166	undefined
3167	undefined
3168	undefined
3169	undefined
3170	undefined
3171	undefined
3172	undefined
3173	undefined
3174	undefined
3175	undefined
3176	undefined
3177	undefined
3178	undefined
3179	undefined
3180	undefined
3181	undefined
3182	undefined
3183	undefined
3184	undefined
3185	undefined
3186	undefined
3187	undefined
3188	undefined
3189	undefined
3190	undefined
3191	undefined
3192	undefined
3193	undefined
3194	undefined
3195	undefined
3196	undefined
3197	undefined
3198	undefined
3199	undefined
3200	undefined
3201	undefined
3202	undefined
3203	undefined
3204	undefined
3205	undefined
3206	undefined
3207	undefined
3208	undefined
3209	undefined
3210	undefined
3211	undefined
3212	undefined
3213	undefined
3214	undefined
3215	undefined
3216	undefined
3217	undefined
3218	undefined
3219	undefined
3220	undefined
3221	undefined
3222	undefined
3223	undefined
3224	undefined
3225	undefined
3226	undefined
3227	undefined
3228	undefined
3229	undefined
3230	undefined
3231	undefined
3232	undefined
3233	undefined
3234	undefined
3235	undefined
3236	undefined
3237	undefined
3238	undefined
3239	undefined
3240	undefined
3241	undefined
3242	undefined
3243	undefined
3244	undefined
3245	undefined
3246	undefined
3247	undefined
3248	undefined
3249	undefined
3250	undefined
3251	undefined
3252	undefined
3253	undefined
3254	undefined
3255	undefined
3256	undefined
3257	undefined
3258	undefined
3259	undefined
3260	undefined
3261	undefined
3262	undefined
3263	undefined
3264	undefined
3265	undefined
3266	undefined
3267	undefined
3268	undefined
3269	undefined
3270	undefined
3271	undefined
3272	undefined
3273	undefined
3274	undefined
3275	undefined
3276	undefined
3277	undefined
3278	undefined
3279	undefined
3280	undefined
3281	undefined
3282	undefined
3283	undefined
3284	undefined
3285	undefined
3286	undefined
3287	undefined
3288	undefined
3289	undefined
3290	undefined
3291	undefined
3292	undefined
3293	undefined
3294	undefined
3295	undefined
3296	undefined
3297	undefined
3298	undefined
3299	undefined
3300	undefined
3301	undefined
3302	undefined
3303	undefined
3304	undefined
3305	undefined
3306	undefined
3307	undefined
3308	undefined
3309	undefined
3310	undefined
3311	undefined
3312	undefined
3313	undefined
3314	undefined
3315	undefined
3316	undefined
3317	undefined
3318	undefined
3319	undefined
3320	undefined
3321	undefined
3322	undefined
3323	undefined
3324	undefined
3325	undefined
3326	undefined
3327	undefined
3328	undefined
3329	undefined
3330	undefined
3331	undefined
3332	undefined
3333	undefined
3334	undefined
3335	undefined
3336	undefined
3337	undefined
3338	undefined
3339	undefined
3340	undefined
3341	undefined
3342	undefined
3343	undefined
3344	undefined
3345	undefined
3346	undefined
3347	undefined
3348	undefined
3349	undefined
3350	undefined
3351	undefined
3352	undefined
3353	undefined
3354	undefined
3355	undefined
3356	undefined
3357	undefined
3358	undefined
3359	undefined
3360	undefined
3361	undefined
3362	undefined
3363	undefined
3364	undefined
3365	undefined
3366	undefined
3367	undefined
3368	undefined
3369	undefined
3370	undefined
3371	undefined
3372	undefined
3373	undefined
3374	undefined
3375	undefined
3376	undefined
3377	undefined
3378	undefined
3379	undefined
3380	undefined
3381	undefined
3382	undefined
3383	undefined
3384	undefined
3385	undefined
3386	undefined
3387	undefined
3388	undefined
3389	undefined
3390	undefined
3391	undefined
3392	undefined
3393	undefined
3394	undefined
3395	undefined
3396	undefined
3397	undefined
3398	undefined
3399	undefined
3400	undefined
3401	undefined
3402	undefined
3403	undefined
3404	undefined
3405	undefined
3406	undefined
3407	undefined
3408	undefined
3409	undefined
3410	undefined
3411	undefined
3412	undefined
3413	undefined
3414	undefined
3415	undefined
3416	undefined
3417	undefined
3418	undefined
3419	undefined
3420	undefined
3421	undefined
3422	undefined
3423	undefined
3424	undefined
3425	undefined
3426	undefined
3427	undefined
3428	undefined
3429	undefined
3430	undefined
3431	undefined
3432	undefined
3433	undefined
3434	undefined
3435	undefined
3436	undefined
3437	undefined
3438	undefined
3439	undefined
3440	undefined
3441	undefined
3442	undefined
3443	undefined
3444	undefined
3445	undefined
3446	undefined
3447	undefined
3448	undefined
3449	undefined
3450	undefined
3451	undefined
3452	undefined
3453	undefined
3454	undefined
3455	undefined
3456	undefined
3457	undefined
3458	undefined
3459	undefined
3460	undefined
3461	undefined
3462	undefined
3463	undefined
3464	undefined
3465	undefined
3466	undefined
3467	undefined
3468	undefined
3469	undefined
3470	undefined
3471	undefined
3472	undefined
3473	undefined
3474	undefined
3475	undefined
3476	undefined
3477	undefined
3478	undefined
3479	undefined
3480	undefined
3481	undefined
3482	undefined
3483	undefined
3484	undefined
3485	undefined
3486	undefined
3487	undefined
3488	undefined
3489	undefined
3490	undefined
3491	undefined
3492	undefined
3493	undefined
3494	undefined
3495	undefined
3496	undefined
3497	undefined
3498	undefined
3499	undefined
3500	undefined
3501	undefined
3502	undefined
3503	undefined
3504	undefined
3505	undefined
3506	undefined
3507	undefined
3508	undefined
3509	undefined
3510	undefined
3511	undefined
3512	undefined
3513	undefined
3514	undefined
3515	undefined
3516	undefined
3517	undefined
3518	undefined
3519	undefined
3520	undefined
3521	undefined
3522	undefined
3523	undefined
3524	undefined
3525	undefined
3526	undefined
3527	undefined
3528	undefined
3529	undefined
3530	undefined
3531	undefined
3532	undefined
3533	undefined
3534	undefined
3535	undefined
3536	undefined
3537	undefined
3538	undefined
3539	undefined
3540	undefined
3541	undefined
3542	undefined
3543	undefined
3544	undefined
3545	undefined
3546	undefined
3547	undefined
3548	undefined
3549	undefined
3550	undefined
3551	undefined
3552	undefined
3553	undefined
3554	undefined
3555	undefined
3556	undefined
3557	undefined
3558	undefined
3559	undefined
3560	undefined
3561	undefined
3562	undefined
3563	undefined
3564	undefined
3565	undefined
3566	undefined
3567	undefined
3568	undefined
3569	undefined
3570	undefined
3571	undefined
3572	undefined
3573	undefined
3574	undefined
3575	undefined
3576	undefined
3577	undefined
3578	undefined
3579	undefined
3580	undefined
3581	undefined
3582	undefined
3583	undefined
3584	undefined
3585	undefined
3586	undefined
3587	undefined
3588	undefined
3589	undefined
3590	undefined
3591	undefined
3592	undefined
3593	undefined
3594	undefined
3595	undefined
3596	undefined
3597	undefined
3598	undefined
3599	undefined
3600	undefined
3601	undefined
3602	undefined
3603	undefined
3604	undefined
3605	undefined
3606	undefined
3607	undefined
3608	undefined
3609	undefined
3610	undefined
3611	undefined
3612	undefined
3613	undefined
3614	undefined
3615	undefined
3616	undefined
3617	undefined
3618	undefined
3619	undefined
3620	undefined
3621	undefined
3622	undefined
3623	undefined
3624	undefined
3625	undefined
3626	undefined
3627	undefined
3628	undefined
3629	undefined
3630	undefined
3631	undefined
3632	undefined
3633	undefined
3634	undefined
3635	undefined
3636	undefined
3637	undefined
3638	undefined
3639	undefined
3640	undefined
3641	undefined
3642	undefined
3643	undefined
3644	undefined
3645	undefined
3646	undefined
3647	undefined
3648	undefined
3649	undefined
3650	undefined
3651	undefined
3652	undefined
3653	undefined
3654	undefined
3655	undefined
3656	undefined
3657	undefined
3658	undefined
3659	undefined
3660	undefined
3661	undefined
3662	undefined
3663	undefined
3664	undefined
3665	undefined
3666	undefined
3667	undefined
3668	undefined
3669	undefined
3670	undefined
3671	undefined
3672	undefined
3673	undefined
3674	undefined
3675	undefined
3676	undefined
3677	undefined
3678	undefined
3679	undefined
3680	undefined
3681	undefined
3682	undefined
3683	undefined
3684	undefined
3685	undefined
3686	undefined
3687	undefined
3688	undefined
3689	undefined
3690	undefined
3691	undefined
3692	undefined
3693	undefined
3694	undefined
3695	undefined
3696	undefined
3697	undefined
3698	undefined
3699	undefined
3700	undefined
3701	undefined
3702	undefined
3703	undefined
3704	undefined
3705	undefined
3706	undefined
3707	undefined
3708	undefined
3709	undefined
3710	undefined
3711	undefined
3712	undefined
3713	undefined
3714	undefined
3715	undefined
3716	undefined
3717	undefined
3718	undefined
3719	undefined
3720	undefined
3721	undefined
3722	undefined
3723	undefined
3724	undefined
3725	undefined
3726	undefined
3727	undefined
3728	undefined
3729	undefined
3730	undefined
3731	undefined
3732	undefined
3733	undefined
3734	undefined
3735	undefined
3736	undefined
3737	undefined
3738	undefined
3739	undefined
3740	undefined
3741	undefined
3742	undefined
3743	undefined
3744	undefined
3745	undefined
3746	undefined
3747	undefined
3748	undefined
3749	undefined
3750	undefined
3751	undefined
3752	undefined
3753	undefined
3754	undefined
3755	undefined
3756	undefined
3757	undefined
3758	undefined
3759	undefined
3760	undefined
3761	undefined
3762	undefined
3763	undefined
3764	undefined
3765	undefined
3766	undefined
3767	undefined
3768	undefined
3769	undefined
3770	undefined
3771	undefined
3772	undefined
3773	undefined
3774	undefined
3775	undefined
3776	undefined
3777	undefined
3778	undefined
3779	undefined
3780	undefined
3781	undefined
3782	undefined
3783	undefined
3784	undefined
3785	undefined
3786	undefined
3787	undefined
3788	undefined
3789	undefined
3790	undefined
3791	undefined
3792	undefined
3793	undefined
3794	undefined
3795	undefined
3796	undefined
3797	undefined
3798	undefined
3799	undefined
3800	undefined
3801	undefined
3802	undefined
3803	undefined
3804	undefined
3805	undefined
3806	undefined
3807	undefined
3808	undefined
3809	undefined
3810	undefined
3811	undefined
3812	undefined
3813	undefined
3814	undefined
3815	undefined
3816	undefined
3817	undefined
3818	undefined
3819	undefined
3820	undefined
3821	undefined
3822	undefined
3823	undefined
3824	undefined
3825	undefined
3826	undefined
3827	undefined
3828	undefined
3829	undefined
3830	undefined
3831	undefined
3832	undefined
3833	undefined
3834	undefined
3835	undefined
3836	undefined
3837	undefined
3838	undefined
3839	undefined
3840	undefined
3841	undefined
3842	undefined
3843	undefined
3844	undefined
3845	undefined
3846	undefined
3847	undefined
3848	undefined
3849	undefined
3850	undefined
3851	undefined
3852	undefined
3853	undefined
3854	undefined
3855	undefined
3856	undefined
3857	undefined
3858	undefined
3859	undefined
3860	undefined
3861	undefined
3862	undefined
3863	undefined
3864	undefined
3865	undefined
3866	undefined
3867	undefined
3868	undefined
3869	undefined
3870	undefined
3871	undefined
3872	undefined
3873	undefined
3874	undefined
3875	undefined
3876	undefined
3877	undefined
3878	undefined
3879	undefined
3880	undefined
3881	undefined
3882	undefined
3883	undefined
3884	undefined
3885	undefined
3886	undefined
3887	undefined
3888	undefined
3889	undefined
3890	undefined
3891	undefined
3892	undefined
3893	undefined
3894	undefined
3895	undefined
3896	undefined
3897	undefined
3898	undefined
3899	undefined
3900	undefined
3901	undefined
3902	undefined
3903	undefined
3904	undefined
3905	undefined
3906	undefined
3907	undefined
3908	undefined
3909	undefined
3910	undefined
3911	undefined
3912	undefined
3913	undefined
3914	undefined
3915	undefined
3916	undefined
3917	undefined
3918	undefined
3919	undefined
3920	undefined
3921	undefined
3922	undefined
3923	undefined
3924	undefined
3925	undefined
3926	undefined
3927	undefined
3928	undefined
3929	undefined
3930	undefined
3931	undefined
3932	undefined
3933	undefined
3934	undefined
3935	undefined
3936	undefined
3937	undefined
3938	undefined
3939	undefined
3940	undefined
3941	undefined
3942	undefined
3943	undefined
3944	undefined
3945	undefined
3946	undefined
3947	undefined
3948	undefined
3949	undefined
3950	undefined
3951	undefined
3952	undefined
3953	undefined
3954	undefined
3955	undefined
3956	undefined
3957	undefined
3958	undefined
3959	undefined
3960	undefined
3961	undefined
3962	undefined
3963	undefined
3964	undefined
3965	undefined
3966	undefined
3967	undefined
3968	undefined
3969	undefined
3970	undefined
3971	undefined
3972	undefined
3973	undefined
3974	undefined
3975	undefined
3976	undefined
3977	undefined
3978	undefined
3979	undefined
3980	undefined
3981	undefined
3982	undefined
3983	undefined
3984	undefined
3985	undefined
3986	undefined
3987	undefined
3988	undefined
3989	undefined
3990	undefined
3991	undefined
3992	undefined
3993	undefined
3994	undefined
3995	undefined
3996	undefined
3997	undefined
3998	undefined
3999	undefined
4000	undefined
4001	undefined
4002	undefined
4003	undefined
4004	undefined
4005	undefined
4006	undefined
4007	undefined
4008	undefined
4009	undefined
4010	undefined
4011	undefined
4012	undefined
4013	undefined
4014	undefined
4015	undefined
4016	undefined
4017	undefined
4018	undefined
4019	undefined
4020	undefined
4021	undefined
4022	undefined
4023	undefined
4024	undefined
4025	undefined
4026	undefined
4027	undefined
4028	undefined
4029	undefined
4030	undefined
4031	undefined
4032	undefined
4033	undefined
4034	undefined
4035	undefined
4036	undefined
4037	undefined
4038	undefined
4039	undefined
4040	undefined
4041	undefined
4042	undefined
4043	undefined
4044	undefined
4045	undefined
4046	undefined
4047	undefined
4048	undefined
4049	undefined
4050	undefined
4051	undefined
4052	undefined
4053	undefined
4054	undefined
4055	undefined
4056	undefined
4057	undefined
4058	undefined
4059	undefined
4060	undefined
4061	undefined
4062	undefined
4063	undefined
4064	undefined
4065	undefined
4066	undefined
4067	undefined
4068	undefined
4069	undefined
4070	undefined
4071	undefined
4072	undefined
4073	undefined
4074	undefined
4075	undefined
4076	undefined
4077	undefined
4078	undefined
4079	undefined
4080	undefined
4081	undefined
4082	undefined
4083	undefined
4084	undefined
4085	undefined
4086	undefined
4087	undefined
4088	undefined
4089	undefined
4090	undefined
4091	undefined
4092	undefined
4093	undefined
4094	undefined
4095	undefined
4096	undefined
4097	undefined
4098	undefined
4099	undefined
4100	undefined
4101	undefined
4102	undefined
4103	undefined
4104	undefined
4105	undefined
4106	undefined
4107	undefined
4108	undefined
4109	undefined
4110	undefined
4111	undefined
4112	undefined
4113	undefined
4114	undefined
4115	undefined
4116	undefined
4117	undefined
4118	undefined
4119	undefined
4120	undefined
4121	undefined
4122	undefined
4123	undefined
4124	undefined
4125	undefined
4126	undefined
4127	undefined
4128	undefined
4129	undefined
4130	undefined
4131	undefined
4132	undefined
4133	undefined
4134	undefined
4135	undefined
4136	undefined
4137	undefined
4138	undefined
4139	undefined
4140	undefined
4141	undefined
4142	undefined
4143	undefined
4144	undefined
4145	undefined
4146	undefined
4147	undefined
4148	undefined
4149	undefined
4150	undefined
4151	undefined
4152	undefined
4153	undefined
4154	undefined
4155	undefined
4156	undefined
4157	undefined
4158	undefined
4159	undefined
4160	undefined
4161	undefined
4162	undefined
4163	undefined
4164	undefined
4165	undefined
4166	undefined
4167	undefined
4168	undefined
4169	undefined
4170	undefined
4171	undefined
4172	undefined
4173	undefined
4174	undefined
4175	undefined
4176	undefined
4177	undefined
4178	undefined
4179	undefined
4180	undefined
4181	undefined
4182	undefined
4183	undefined
4184	undefined
4185	undefined
4186	undefined
4187	undefined
4188	undefined
4189	undefined
4190	undefined
4191	undefined
4192	undefined
4193	undefined
4194	undefined
4195	undefined
4196	undefined
4197	undefined
4198	undefined
4199	undefined
4200	undefined
4201	undefined
4202	undefined
4203	undefined
4204	undefined
4205	undefined
4206	undefined
4207	undefined
4208	undefined
4209	undefined
4210	undefined
4211	undefined
4212	undefined
4213	undefined
4214	undefined
4215	undefined
4216	undefined
4217	undefined
4218	undefined
4219	undefined
4220	undefined
4221	undefined
4222	undefined
4223	undefined
4224	undefined
4225	undefined
4226	undefined
4227	undefined
4228	undefined
4229	undefined
4230	undefined
4231	undefined
4232	undefined
4233	undefined
4234	undefined
4235	undefined
4236	undefined
4237	undefined
4238	undefined
4239	undefined
4240	undefined
4241	undefined
4242	undefined
4243	undefined
4244	undefined
4245	undefined
4246	undefined
4247	undefined
4248	undefined
4249	undefined
4250	undefined
4251	undefined
4252	undefined
4253	undefined
4254	undefined
4255	undefined
4256	undefined
4257	undefined
4258	undefined
4259	undefined
4260	undefined
4261	undefined
4262	undefined
4263	undefined
4264	undefined
4265	undefined
4266	undefined
4267	undefined
4268	undefined
4269	undefined
4270	undefined
4271	undefined
4272	undefined
4273	undefined
4274	undefined
4275	undefined
4276	undefined
4277	undefined
4278	undefined
4279	undefined
4280	undefined
4281	undefined
4282	undefined
4283	undefined
4284	undefined
4285	undefined
4286	undefined
4287	undefined
4288	undefined
4289	undefined
4290	undefined
4291	undefined
4292	undefined
4293	undefined
4294	undefined
4295	undefined
4296	undefined
4297	undefined
4298	undefined
4299	undefined
4300	undefined
4301	undefined
4302	undefined
4303	undefined
4304	undefined
4305	undefined
4306	undefined
4307	undefined
4308	undefined
4309	undefined
4310	undefined
4311	undefined
4312	undefined
4313	undefined
4314	undefined
4315	undefined
4316	undefined
4317	undefined
4318	undefined
4319	undefined
4320	undefined
4321	undefined
4322	undefined
4323	undefined
4324	undefined
4325	undefined
4326	undefined
4327	undefined
4328	undefined
4329	undefined
4330	undefined
4331	undefined
4332	undefined
4333	undefined
4334	undefined
4335	undefined
4336	undefined
4337	undefined
4338	undefined
4339	undefined
4340	undefined
4341	undefined
4342	undefined
4343	undefined
4344	undefined
4345	undefined
4346	undefined
4347	undefined
4348	undefined
4349	undefined
4350	undefined
4351	undefined
4352	undefined
4353	undefined
4354	undefined
4355	undefined
4356	undefined
4357	undefined
4358	undefined
4359	undefined
4360	undefined
4361	undefined
4362	undefined
4363	undefined
4364	undefined
4365	undefined
4366	undefined
4367	undefined
4368	undefined
4369	undefined
4370	undefined
4371	undefined
4372	undefined
4373	undefined
4374	undefined
4375	undefined
4376	undefined
4377	undefined
4378	undefined
4379	undefined
4380	undefined
4381	undefined
4382	undefined
4383	undefined
4384	undefined
4385	undefined
4386	undefined
4387	undefined
4388	undefined
4389	undefined
4390	undefined
4391	undefined
4392	undefined
4393	undefined
4394	undefined
4395	undefined
4396	undefined
4397	undefined
4398	undefined
4399	undefined
4400	undefined
4401	undefined
4402	undefined
4403	undefined
4404	undefined
4405	undefined
4406	undefined
4407	undefined
4408	undefined
4409	undefined
4410	undefined
4411	undefined
4412	undefined
4413	undefined
4414	undefined
4415	undefined
4416	undefined
4417	undefined
4418	undefined
4419	undefined
4420	undefined
4421	undefined
4422	undefined
4423	undefined
4424	undefined
4425	undefined
4426	undefined
4427	undefined
4428	undefined
4429	undefined
4430	undefined
4431	undefined
4432	undefined
4433	undefined
4434	undefined
4435	undefined
4436	undefined
4437	undefined
4438	undefined
4439	undefined
4440	undefined
4441	undefined
4442	undefined
4443	undefined
4444	undefined
4445	undefined
4446	undefined
4447	undefined
4448	undefined
4449	undefined
4450	undefined
4451	undefined
4452	undefined
4453	undefined
4454	undefined
4455	undefined
4456	undefined
4457	undefined
4458	undefined
4459	undefined
4460	undefined
4461	undefined
4462	undefined
4463	undefined
4464	undefined
4465	undefined
4466	undefined
4467	undefined
4468	undefined
4469	undefined
4470	undefined
4471	undefined
4472	undefined
4473	undefined
4474	undefined
4475	undefined
4476	undefined
4477	undefined
4478	undefined
4479	undefined
4480	undefined
4481	undefined
4482	undefined
4483	undefined
4484	undefined
4485	undefined
4486	undefined
4487	undefined
4488	undefined
4489	undefined
4490	undefined
4491	undefined
4492	undefined
4493	undefined
4494	undefined
4495	undefined
4496	undefined
4497	undefined
4498	undefined
4499	undefined
4500	undefined
4501	undefined
4502	undefined
4503	undefined
4504	undefined
4505	undefined
4506	undefined
4507	undefined
4508	undefined
4509	undefined
4510	undefined
4511	undefined
4512	undefined
4513	undefined
4514	undefined
4515	undefined
4516	undefined
4517	undefined
4518	undefined
4519	undefined
4520	undefined
4521	undefined
4522	undefined
4523	undefined
4524	undefined
4525	undefined
4526	undefined
4527	undefined
4528	undefined
4529	undefined
4530	undefined
4531	undefined
4532	undefined
4533	undefined
4534	undefined
4535	undefined
4536	undefined
4537	undefined
4538	undefined
4539	undefined
4540	undefined
4541	undefined
4542	undefined
4543	undefined
4544	undefined
4545	undefined
4546	undefined
4547	undefined
4548	undefined
4549	undefined
4550	undefined
4551	undefined
4552	undefined
4553	undefined
4554	undefined
4555	undefined
4556	undefined
4557	undefined
4558	undefined
4559	undefined
4560	undefined
4561	undefined
4562	undefined
4563	undefined
4564	undefined
4565	undefined
4566	undefined
4567	undefined
4568	undefined
4569	undefined
4570	undefined
4571	undefined
4572	undefined
4573	undefined
4574	undefined
4575	undefined
4576	undefined
4577	undefined
4578	undefined
4579	undefined
4580	undefined
4581	undefined
4582	undefined
4583	undefined
4584	undefined
4585	undefined
4586	undefined
4587	undefined
4588	undefined
4589	undefined
4590	undefined
4591	undefined
4592	undefined
4593	undefined
4594	undefined
4595	undefined
4596	undefined
4597	undefined
4598	undefined
4599	undefined
4600	undefined
4601	undefined
4602	undefined
4603	undefined
4604	undefined
4605	undefined
4606	undefined
4607	undefined
4608	undefined
4609	undefined
4610	undefined
4611	undefined
4612	undefined
4613	undefined
4614	undefined
4615	undefined
4616	undefined
4617	undefined
4618	undefined
4619	undefined
4620	undefined
4621	undefined
4622	undefined
4623	undefined
4624	undefined
4625	undefined
4626	undefined
4627	undefined
4628	undefined
4629	undefined
4630	undefined
4631	undefined
4632	undefined
4633	undefined
4634	undefined
4635	undefined
4636	undefined
4637	undefined
4638	undefined
4639	undefined
4640	undefined
4641	undefined
4642	undefined
4643	undefined
4644	undefined
4645	undefined
4646	undefined
4647	undefined
4648	undefined
4649	undefined
4650	undefined
4651	undefined
4652	undefined
4653	undefined
4654	undefined
4655	undefined
4656	undefined
4657	undefined
4658	undefined
4659	undefined
4660	undefined
4661	undefined
4662	undefined
4663	undefined
4664	undefined
4665	undefined
4666	undefined
4667	undefined
4668	undefined
4669	undefined
4670	undefined
4671	undefined
4672	undefined
4673	undefined
4674	undefined
4675	undefined
4676	undefined
4677	undefined
4678	undefined
4679	undefined
4680	undefined
4681	undefined
4682	undefined
4683	undefined
4684	undefined
4685	undefined
4686	undefined
4687	undefined
4688	undefined
4689	undefined
4690	undefined
4691	undefined
4692	undefined
4693	undefined
4694	undefined
4695	undefined
4696	undefined
4697	undefined
4698	undefined
4699	undefined
4700	undefined
4701	undefined
4702	undefined
4703	undefined
4704	undefined
4705	undefined
4706	undefined
4707	undefined
4708	undefined
4709	undefined
4710	undefined
4711	undefined
4712	undefined
4713	undefined
4714	undefined
4715	undefined
4716	undefined
4717	undefined
4718	undefined
4719	undefined
4720	undefined
4721	undefined
4722	undefined
4723	undefined
4724	undefined
4725	undefined
4726	undefined
4727	undefined
4728	undefined
4729	undefined
4730	undefined
4731	undefined
4732	undefined
4733	undefined
4734	undefined
4735	undefined
4736	undefined
4737	undefined
4738	undefined
4739	undefined
4740	undefined
4741	undefined
4742	undefined
4743	undefined
4744	undefined
4745	undefined
4746	undefined
4747	undefined
4748	undefined
4749	undefined
4750	undefined
4751	undefined
4752	undefined
4753	undefined
4754	undefined
4755	undefined
4756	undefined
4757	undefined
4758	undefined
4759	undefined
4760	undefined
4761	undefined
4762	undefined
4763	undefined
4764	undefined
4765	undefined
4766	undefined
4767	undefined
4768	undefined
4769	undefined
4770	undefined
4771	undefined
4772	undefined
4773	undefined
4774	undefined
4775	undefined
4776	undefined
4777	undefined
4778	undefined
4779	undefined
4780	undefined
4781	undefined
4782	undefined
4783	undefined
4784	undefined
4785	undefined
4786	undefined
4787	undefined
4788	undefined
4789	undefined
4790	undefined
4791	undefined
4792	undefined
4793	undefined
4794	undefined
4795	undefined
4796	undefined
4797	undefined
4798	undefined
4799	undefined
4800	undefined
4801	undefined
4802	undefined
4803	undefined
4804	undefined
4805	undefined
4806	undefined
4807	undefined
4808	undefined
4809	undefined
4810	undefined
4811	undefined
4812	undefined
4813	undefined
4814	undefined
4815	undefined
4816	undefined
4817	undefined
4818	undefined
4819	undefined
4820	undefined
4821	undefined
4822	undefined
4823	undefined
4824	undefined
4825	undefined
4826	undefined
4827	undefined
4828	undefined
4829	undefined
4830	undefined
4831	undefined
4832	undefined
4833	undefined
4834	undefined
4835	undefined
4836	undefined
4837	undefined
4838	undefined
4839	undefined
4840	undefined
4841	undefined
4842	undefined
4843	undefined
4844	undefined
4845	undefined
4846	undefined
4847	undefined
4848	undefined
4849	undefined
4850	undefined
4851	undefined
4852	undefined
4853	undefined
4854	undefined
4855	undefined
4856	undefined
4857	undefined
4858	undefined
4859	undefined
4860	undefined
4861	undefined
4862	undefined
4863	undefined
4864	undefined
4865	undefined
4866	undefined
4867	undefined
4868	undefined
4869	undefined
4870	undefined
4871	undefined
4872	undefined
4873	undefined
4874	undefined
4875	undefined
4876	undefined
4877	undefined
4878	undefined
4879	undefined
4880	undefined
4881	undefined
4882	undefined
4883	undefined
4884	undefined
4885	undefined
4886	undefined
4887	undefined
4888	undefined
4889	undefined
4890	undefined
4891	undefined
4892	undefined
4893	undefined
4894	undefined
4895	undefined
4896	undefined
4897	undefined
4898	undefined
4899	undefined
4900	undefined
4901	undefined
4902	undefined
4903	undefined
4904	undefined
4905	undefined
4906	undefined
4907	undefined
4908	undefined
4909	undefined
4910	undefined
4911	undefined
4912	undefined
4913	undefined
4914	undefined
4915	undefined
4916	undefined
4917	undefined
4918	undefined
4919	undefined
4920	undefined
4921	undefined
4922	undefined
4923	undefined
4924	undefined
4925	undefined
4926	undefined
4927	undefined
4928	undefined
4929	undefined
4930	undefined
4931	undefined
4932	undefined
4933	undefined
4934	undefined
4935	undefined
4936	undefined
4937	undefined
4938	undefined
4939	undefined
4940	undefined
4941	undefined
4942	undefined
4943	undefined
4944	undefined
4945	undefined
4946	undefined
4947	undefined
4948	undefined
4949	undefined
4950	undefined
4951	undefined
4952	undefined
4953	undefined
4954	undefined
4955	undefined
4956	undefined
4957	undefined
4958	undefined
4959	undefined
4960	undefined
4961	undefined
4962	undefined
4963	undefined
4964	undefined
4965	undefined
4966	undefined
4967	undefined
4968	undefined
4969	undefined
4970	undefined
4971	undefined
4972	undefined
4973	undefined
4974	undefined
4975	undefined
4976	undefined
4977	undefined
4978	undefined
4979	undefined
4980	undefined
4981	undefined
4982	undefined
4983	undefined
4984	undefined
4985	undefined
4986	undefined
4987	undefined
4988	undefined
4989	undefined
4990	undefined
4991	undefined
4992	undefined
4993	undefined
4994	undefined
4995	undefined
4996	undefined
4997	undefined
4998	undefined
4999	undefined
5000	undefined
5001	undefined
5002	undefined
5003	undefined
5004	undefined
5005	undefined
5006	undefined
5007	undefined
5008	undefined
5009	undefined
5010	undefined
5011	undefined
5012	undefined
5013	undefined
5014	undefined
5015	undefined
5016	undefined
5017	undefined
5018	undefined
5019	undefined
5020	undefined
5021	undefined
5022	undefined
5023	undefined
5024	undefined
5025	undefined
5026	undefined
5027	undefined
5028	undefined
5029	undefined
5030	undefined
5031	undefined
5032	undefined
5033	undefined
5034	undefined
5035	undefined
5036	undefined
5037	undefined
5038	undefined
5039	undefined
5040	undefined
5041	undefined
5042	undefined
5043	undefined
5044	undefined
5045	undefined
5046	undefined
5047	undefined
5048	undefined
5049	undefined
5050	undefined
5051	undefined
5052	undefined
5053	undefined
5054	undefined
5055	undefined
5056	undefined
5057	undefined
5058	undefined
5059	undefined
5060	undefined
5061	undefined
5062	undefined
5063	undefined
5064	undefined
5065	undefined
5066	undefined
5067	undefined
5068	undefined
5069	undefined
5070	undefined
5071	undefined
5072	undefined
5073	undefined
5074	undefined
5075	undefined
5076	undefined
5077	undefined
5078	undefined
5079	undefined
5080	undefined
5081	undefined
5082	undefined
5083	undefined
5084	undefined
5085	undefined
5086	undefined
5087	undefined
5088	undefined
5089	undefined
5090	undefined
5091	undefined
5092	undefined
5093	undefined
5094	undefined
5095	undefined
5096	undefined
5097	undefined
5098	undefined
5099	undefined
5100	undefined
5101	undefined
5102	undefined
5103	undefined
5104	undefined
5105	undefined
5106	undefined
5107	undefined
5108	undefined
5109	undefined
5110	undefined
5111	undefined
5112	undefined
5113	undefined
5114	undefined
5115	undefined
5116	undefined
5117	undefined
5118	undefined
5119	undefined
5120	undefined
5121	undefined
5122	undefined
5123	undefined
5124	undefined
5125	undefined
5126	undefined
5127	undefined
5128	undefined
5129	undefined
5130	undefined
5131	undefined
5132	undefined
5133	undefined
5134	undefined
5135	undefined
5136	undefined
5137	undefined
5138	undefined
5139	undefined
5140	undefined
5141	undefined
5142	undefined
5143	undefined
5144	undefined
5145	undefined
5146	undefined
5147	undefined
5148	undefined
5149	undefined
5150	undefined
5151	undefined
5152	undefined
5153	undefined
5154	undefined
5155	undefined
5156	undefined
5157	undefined
5158	undefined
5159	undefined
5160	undefined
5161	undefined
5162	undefined
5163	undefined
5164	undefined
5165	undefined
5166	undefined
5167	undefined
5168	undefined
5169	undefined
5170	undefined
5171	undefined
5172	undefined
5173	undefined
5174	undefined
5175	undefined
5176	undefined
5177	undefined
5178	undefined
5179	undefined
5180	undefined
5181	undefined
5182	undefined
5183	undefined
5184	undefined
5185	undefined
5186	undefined
5187	undefined
5188	undefined
5189	undefined
5190	undefined
5191	undefined
5192	undefined
5193	undefined
5194	undefined
5195	undefined
5196	undefined
5197	undefined
5198	undefined
5199	undefined
5200	undefined
5201	undefined
5202	undefined
5203	undefined
5204	undefined
5205	undefined
5206	undefined
5207	undefined
5208	undefined
5209	undefined
5210	undefined
5211	undefined
5212	undefined
5213	undefined
5214	undefined
5215	undefined
5216	undefined
5217	undefined
5218	undefined
5219	undefined
5220	undefined
5221	undefined
5222	undefined
5223	undefined
5224	undefined
5225	undefined
5226	undefined
5227	undefined
5228	undefined
5229	undefined
5230	undefined
5231	undefined
5232	undefined
5233	undefined
5234	undefined
5235	undefined
5236	undefined
5237	undefined
5238	undefined
5239	undefined
5240	undefined
5241	undefined
5242	undefined
5243	undefined
5244	undefined
5245	undefined
5246	undefined
5247	undefined
5248	undefined
5249	undefined
5250	undefined
5251	undefined
5252	undefined
5253	undefined
5254	undefined
5255	undefined
5256	undefined
5257	undefined
5258	undefined
5259	undefined
5260	undefined
5261	undefined
5262	undefined
5263	undefined
5264	undefined
5265	undefined
5266	undefined
5267	undefined
5268	undefined
5269	undefined
5270	undefined
5271	undefined
5272	undefined
5273	undefined
5274	undefined
5275	undefined
5276	undefined
5277	undefined
5278	undefined
5279	undefined
5280	undefined
5281	undefined
5282	undefined
5283	undefined
5284	undefined
5285	undefined
5286	undefined
5287	undefined
5288	undefined
5289	undefined
5290	undefined
5291	undefined
5292	undefined
5293	undefined
5294	undefined
5295	undefined
5296	undefined
5297	undefined
5298	undefined
5299	undefined
5300	undefined
5301	undefined
5302	undefined
5303	undefined
5304	undefined
5305	undefined
5306	undefined
5307	undefined
5308	undefined
5309	undefined
5310	undefined
5311	undefined
5312	undefined
5313	undefined
5314	undefined
5315	undefined
5316	undefined
5317	undefined
5318	undefined
5319	undefined
5320	undefined
5321	undefined
5322	undefined
5323	undefined
5324	undefined
5325	undefined
5326	undefined
5327	undefined
5328	undefined
5329	undefined
5330	undefined
5331	undefined
5332	undefined
5333	undefined
5334	undefined
5335	undefined
5336	undefined
5337	undefined
5338	undefined
5339	undefined
5340	undefined
5341	undefined
5342	undefined
5343	undefined
5344	undefined
5345	undefined
5346	undefined
5347	undefined
5348	undefined
5349	undefined
5350	undefined
5351	undefined
5352	undefined
5353	undefined
5354	undefined
5355	undefined
5356	undefined
5357	undefined
5358	undefined
5359	undefined
5360	undefined
5361	undefined
5362	undefined
5363	undefined
5364	undefined
5365	undefined
5366	undefined
5367	undefined
5368	undefined
5369	undefined
5370	undefined
5371	undefined
5372	undefined
5373	undefined
5374	undefined
5375	undefined
5376	undefined
5377	undefined
5378	undefined
5379	undefined
5380	undefined
5381	undefined
5382	undefined
5383	undefined
5384	undefined
5385	undefined
5386	undefined
5387	undefined
5388	undefined
5389	undefined
5390	undefined
5391	undefined
5392	undefined
5393	undefined
5394	undefined
5395	undefined
5396	undefined
5397	undefined
5398	undefined
5399	undefined
5400	undefined
5401	undefined
5402	undefined
5403	undefined
5404	undefined
5405	undefined
5406	undefined
5407	undefined
5408	undefined
5409	undefined
5410	undefined
5411	undefined
5412	undefined
5413	undefined
5414	undefined
5415	undefined
5416	undefined
5417	undefined
5418	undefined
5419	undefined
5420	undefined
5421	undefined
5422	undefined
5423	undefined
5424	undefined
5425	undefined
5426	undefined
5427	undefined
5428	undefined
5429	undefined
5430	undefined
5431	undefined
5432	undefined
5433	undefined
5434	undefined
5435	undefined
5436	undefined
5437	undefined
5438	undefined
5439	undefined
5440	undefined
5441	undefined
5442	undefined
5443	undefined
5444	undefined
5445	undefined
5446	undefined
5447	undefined
5448	undefined
5449	undefined
5450	undefined
5451	undefined
5452	undefined
5453	undefined
5454	undefined
5455	undefined
5456	undefined
5457	undefined
5458	undefined
5459	undefined
5460	undefined
5461	undefined
5462	undefined
5463	undefined
5464	undefined
5465	undefined
5466	undefined
5467	undefined
5468	undefined
5469	undefined
5470	undefined
5471	undefined
5472	undefined
5473	undefined
5474	undefined
5475	undefined
5476	undefined
5477	undefined
5478	undefined
5479	undefined
5480	undefined
5481	undefined
5482	undefined
5483	undefined
5484	undefined
5485	undefined
5486	undefined
5487	undefined
5488	undefined
5489	undefined
5490	undefined
5491	undefined
5492	undefined
5493	undefined
5494	undefined
5495	undefined
5496	undefined
5497	undefined
5498	undefined
5499	undefined
5500	undefined
5501	undefined
5502	undefined
5503	undefined
5504	undefined
5505	undefined
5506	undefined
5507	undefined
5508	undefined
5509	undefined
5510	undefined
5511	undefined
5512	undefined
5513	undefined
5514	undefined
5515	undefined
5516	undefined
5517	undefined
5518	undefined
5519	undefined
5520	undefined
5521	undefined
5522	undefined
5523	undefined
5524	undefined
5525	undefined
5526	undefined
5527	undefined
5528	undefined
5529	undefined
5530	undefined
5531	undefined
5532	undefined
5533	undefined
5534	undefined
5535	undefined
5536	undefined
5537	undefined
5538	undefined
5539	undefined
5540	undefined
5541	undefined
5542	undefined
5543	undefined
5544	undefined
5545	undefined
5546	undefined
5547	undefined
5548	undefined
5549	undefined
5550	undefined
5551	undefined
5552	undefined
5553	undefined
5554	undefined
5555	undefined
5556	undefined
5557	undefined
5558	undefined
5559	undefined
5560	undefined
5561	undefined
5562	undefined
5563	undefined
5564	undefined
5565	undefined
5566	undefined
5567	undefined
5568	undefined
5569	undefined
5570	undefined
5571	undefined
5572	undefined
5573	undefined
5574	undefined
5575	undefined
5576	undefined
5577	undefined
5578	undefined
5579	undefined
5580	undefined
5581	undefined
5582	undefined
5583	undefined
5584	undefined
5585	undefined
5586	undefined
5587	undefined
5588	undefined
5589	undefined
5590	undefined
5591	undefined
5592	undefined
5593	undefined
5594	undefined
5595	undefined
5596	undefined
5597	undefined
5598	undefined
5599	undefined
5600	undefined
5601	undefined
5602	undefined
5603	undefined
5604	undefined
5605	undefined
5606	undefined
5607	undefined
5608	undefined
5609	undefined
5610	undefined
5611	undefined
5612	undefined
5613	undefined
5614	undefined
5615	undefined
5616	undefined
5617	undefined
5618	undefined
5619	undefined
5620	undefined
5621	undefined
5622	undefined
5623	undefined
5624	undefined
5625	undefined
5626	undefined
5627	undefined
5628	undefined
5629	undefined
5630	undefined
5631	undefined
5632	undefined
5633	undefined
5634	undefined
5635	undefined
5636	undefined
5637	undefined
5638	undefined
5639	undefined
5640	undefined
5641	undefined
5642	undefined
5643	undefined
5644	undefined
5645	undefined
5646	undefined
5647	undefined
5648	undefined
5649	undefined
5650	undefined
5651	undefined
5652	undefined
5653	undefined
5654	undefined
5655	undefined
5656	undefined
5657	undefined
5658	undefined
5659	undefined
5660	undefined
5661	undefined
5662	undefined
5663	undefined
5664	undefined
5665	undefined
5666	undefined
5667	undefined
5668	undefined
5669	undefined
5670	undefined
5671	undefined
5672	undefined
5673	undefined
5674	undefined
5675	undefined
5676	undefined
5677	undefined
5678	undefined
5679	undefined
5680	undefined
5681	undefined
5682	undefined
5683	undefined
5684	undefined
5685	undefined
5686	undefined
5687	undefined
5688	undefined
5689	undefined
5690	undefined
5691	undefined
5692	undefined
5693	undefined
5694	undefined
5695	undefined
5696	undefined
5697	undefined
5698	undefined
5699	undefined
5700	undefined
5701	undefined
5702	undefined
5703	undefined
5704	undefined
5705	undefined
5706	undefined
5707	undefined
5708	undefined
5709	undefined
5710	undefined
5711	undefined
5712	undefined
5713	undefined
5714	undefined
5715	undefined
5716	undefined
5717	undefined
5718	undefined
5719	undefined
5720	undefined
5721	undefined
5722	undefined
5723	undefined
5724	undefined
5725	undefined
5726	undefined
5727	undefined
5728	undefined
5729	undefined
5730	undefined
5731	undefined
5732	undefined
5733	undefined
5734	undefined
5735	undefined
5736	undefined
5737	undefined
5738	undefined
5739	undefined
5740	undefined
5741	undefined
5742	undefined
5743	undefined
5744	undefined
5745	undefined
5746	undefined
5747	undefined
5748	undefined
5749	undefined
5750	undefined
5751	undefined
5752	undefined
5753	undefined
5754	undefined
5755	undefined
5756	undefined
5757	undefined
5758	undefined
5759	undefined
5760	undefined
5761	undefined
5762	undefined
5763	undefined
5764	undefined
5765	undefined
5766	undefined
5767	undefined
5768	undefined
5769	undefined
5770	undefined
5771	undefined
5772	undefined
5773	undefined
5774	undefined
5775	undefined
5776	undefined
5777	undefined
5778	undefined
5779	undefined
5780	undefined
5781	undefined
5782	undefined
5783	undefined
5784	undefined
5785	undefined
5786	undefined
5787	undefined
5788	undefined
5789	undefined
5790	undefined
5791	undefined
5792	undefined
5793	undefined
5794	undefined
5795	undefined
5796	undefined
5797	undefined
5798	undefined
5799	undefined
5800	undefined
5801	undefined
5802	undefined
5803	undefined
5804	undefined
5805	undefined
5806	undefined
5807	undefined
5808	undefined
5809	undefined
5810	undefined
5811	undefined
5812	undefined
5813	undefined
5814	undefined
5815	undefined
5816	undefined
5817	undefined
5818	undefined
5819	undefined
5820	undefined
5821	undefined
5822	undefined
5823	undefined
5824	undefined
5825	undefined
5826	undefined
5827	undefined
5828	undefined
5829	undefined
5830	undefined
5831	undefined
5832	undefined
5833	undefined
5834	undefined
5835	undefined
5836	undefined
5837	undefined
5838	undefined
5839	undefined
5840	undefined
5841	undefined
5842	undefined
5843	undefined
5844	undefined
5845	undefined
5846	undefined
5847	undefined
5848	undefined
5849	undefined
5850	undefined
5851	undefined
5852	undefined
5853	undefined
5854	undefined
5855	undefined
5856	undefined
5857	undefined
5858	undefined
5859	undefined
5860	undefined
5861	undefined
5862	undefined
5863	undefined
5864	undefined
5865	undefined
5866	undefined
5867	undefined
5868	undefined
5869	undefined
5870	undefined
5871	undefined
5872	undefined
5873	undefined
5874	undefined
5875	undefined
5876	undefined
5877	undefined
5878	undefined
5879	undefined
5880	undefined
5881	undefined
5882	undefined
5883	undefined
5884	undefined
5885	undefined
5886	undefined
5887	undefined
5888	undefined
5889	undefined
5890	undefined
5891	undefined
5892	undefined
5893	undefined
5894	undefined
5895	undefined
5896	undefined
5897	undefined
5898	undefined
5899	undefined
5900	undefined
5901	undefined
5902	undefined
5903	undefined
5904	undefined
5905	undefined
5906	undefined
5907	undefined
5908	undefined
5909	undefined
5910	undefined
5911	undefined
5912	undefined
5913	undefined
5914	undefined
5915	undefined
5916	undefined
5917	undefined
5918	undefined
5919	undefined
5920	undefined
5921	undefined
5922	undefined
5923	undefined
5924	undefined
5925	undefined
5926	undefined
5927	undefined
5928	undefined
5929	undefined
5930	undefined
5931	undefined
5932	undefined
5933	undefined
5934	undefined
5935	undefined
5936	undefined
5937	undefined
5938	undefined
5939	undefined
5940	undefined
5941	undefined
5942	undefined
5943	undefined
5944	undefined
5945	undefined
5946	undefined
5947	undefined
5948	undefined
5949	undefined
5950	undefined
5951	undefined
5952	undefined
5953	undefined
5954	undefined
5955	undefined
5956	undefined
5957	undefined
5958	undefined
5959	undefined
5960	undefined
5961	undefined
5962	undefined
5963	undefined
5964	undefined
5965	undefined
5966	undefined
5967	undefined
5968	undefined
5969	undefined
5970	undefined
5971	undefined
5972	undefined
5973	undefined
5974	undefined
5975	undefined
5976	undefined
5977	undefined
5978	undefined
5979	undefined
5980	undefined
5981	undefined
5982	undefined
5983	undefined
5984	undefined
5985	undefined
5986	undefined
5987	undefined
5988	undefined
5989	undefined
5990	undefined
5991	undefined
5992	undefined
5993	undefined
5994	undefined
5995	undefined
5996	undefined
5997	undefined
5998	undefined
5999	undefined
6000	undefined
6001	undefined
6002	undefined
6003	undefined
6004	undefined
6005	undefined
6006	undefined
6007	undefined
6008	undefined
6009	undefined
6010	undefined
6011	undefined
6012	undefined
6013	undefined
6014	undefined
6015	undefined
6016	undefined
6017	undefined
6018	undefined
6019	undefined
6020	undefined
6021	undefined
6022	undefined
6023	undefined
6024	undefined
6025	undefined
6026	undefined
6027	undefined
6028	undefined
6029	undefined
6030	undefined
6031	undefined
6032	undefined
6033	undefined
6034	undefined
6035	undefined
6036	undefined
6037	undefined
6038	undefined
6039	undefined
6040	undefined
6041	undefined
6042	undefined
6043	undefined
6044	undefined
6045	undefined
6046	undefined
6047	undefined
6048	undefined
6049	undefined
6050	undefined
6051	undefined
6052	undefined
6053	undefined
6054	undefined
6055	undefined
6056	undefined
6057	undefined
6058	undefined
6059	undefined
6060	undefined
6061	undefined
6062	undefined
6063	undefined
6064	undefined
6065	undefined
6066	undefined
6067	undefined
6068	undefined
6069	undefined
6070	undefined
6071	undefined
6072	undefined
6073	undefined
6074	undefined
6075	undefined
6076	undefined
6077	undefined
6078	undefined
6079	undefined
6080	undefined
6081	undefined
6082	undefined
6083	undefined
6084	undefined
6085	undefined
6086	undefined
6087	undefined
6088	undefined
6089	undefined
6090	undefined
6091	undefined
6092	undefined
6093	undefined
6094	undefined
6095	undefined
6096	undefined
6097	undefined
6098	undefined
6099	undefined
6100	undefined
6101	undefined
6102	undefined
6103	undefined
6104	undefined
6105	undefined
6106	undefined
6107	undefined
6108	undefined
6109	undefined
6110	undefined
6111	undefined
6112	undefined
6113	undefined
6114	undefined
6115	undefined
6116	undefined
6117	undefined
6118	undefined
6119	undefined
6120	undefined
6121	undefined
6122	undefined
6123	undefined
6124	undefined
6125	undefined
6126	undefined
6127	undefined
6128	undefined
6129	undefined
6130	undefined
6131	undefined
6132	undefined
6133	undefined
6134	undefined
6135	undefined
6136	undefined
6137	undefined
6138	undefined
6139	undefined
6140	undefined
6141	undefined
6142	undefined
6143	undefined
6144	undefined
6145	undefined
6146	undefined
6147	undefined
6148	undefined
6149	undefined
6150	undefined
6151	undefined
6152	undefined
6153	undefined
6154	undefined
6155	undefined
6156	undefined
6157	undefined
6158	undefined
6159	undefined
6160	undefined
6161	undefined
6162	undefined
6163	undefined
6164	undefined
6165	undefined
6166	undefined
6167	undefined
6168	undefined
6169	undefined
6170	undefined
6171	undefined
6172	undefined
6173	undefined
6174	undefined
6175	undefined
6176	undefined
6177	undefined
6178	undefined
6179	undefined
6180	undefined
6181	undefined
6182	undefined
6183	undefined
6184	undefined
6185	undefined
6186	undefined
6187	undefined
6188	undefined
6189	undefined
6190	undefined
6191	undefined
6192	undefined
6193	undefined
6194	undefined
6195	undefined
6196	undefined
6197	undefined
6198	undefined
6199	undefined
6200	undefined
6201	undefined
6202	undefined
6203	undefined
6204	undefined
6205	undefined
6206	undefined
6207	undefined
6208	undefined
6209	undefined
6210	undefined
6211	undefined
6212	undefined
6213	undefined
6214	undefined
6215	undefined
6216	undefined
6217	undefined
6218	undefined
6219	undefined
6220	undefined
6221	undefined
6222	undefined
6223	undefined
6224	undefined
6225	undefined
6226	undefined
6227	undefined
6228	undefined
6229	undefined
6230	undefined
6231	undefined
6232	undefined
6233	undefined
6234	undefined
6235	undefined
6236	undefined
6237	undefined
6238	undefined
6239	undefined
6240	undefined
6241	undefined
6242	undefined
6243	undefined
6244	undefined
6245	undefined
6246	undefined
6247	undefined
6248	undefined
6249	undefined
6250	undefined
6251	undefined
6252	undefined
6253	undefined
6254	undefined
6255	undefined
6256	undefined
6257	undefined
6258	undefined
6259	undefined
6260	undefined
6261	undefined
6262	undefined
6263	undefined
6264	undefined
6265	undefined
6266	undefined
6267	undefined
6268	undefined
6269	undefined
6270	undefined
6271	undefined
6272	undefined
6273	undefined
6274	undefined
6275	undefined
6276	undefined
6277	undefined
6278	undefined
6279	undefined
6280	undefined
6281	undefined
6282	undefined
6283	undefined
6284	undefined
6285	undefined
6286	undefined
6287	undefined
6288	undefined
6289	undefined
6290	undefined
6291	undefined
6292	undefined
6293	undefined
6294	undefined
6295	undefined
6296	undefined
6297	undefined
6298	undefined
6299	undefined
6300	undefined
6301	undefined
6302	undefined
6303	undefined
6304	undefined
6305	undefined
6306	undefined
6307	undefined
6308	undefined
6309	undefined
6310	undefined
6311	undefined
6312	undefined
6313	undefined
6314	undefined
6315	undefined
6316	undefined
6317	undefined
6318	undefined
6319	undefined
6320	undefined
6321	undefined
6322	undefined
6323	undefined
6324	undefined
6325	undefined
6326	undefined
6327	undefined
6328	undefined
6329	undefined
6330	undefined
6331	undefined
6332	undefined
6333	undefined
6334	undefined
6335	undefined
6336	undefined
6337	undefined
6338	undefined
6339	undefined
6340	undefined
6341	undefined
6342	undefined
6343	undefined
6344	undefined
6345	undefined
6346	undefined
6347	undefined
6348	undefined
6349	undefined
6350	undefined
6351	undefined
6352	undefined
6353	undefined
6354	undefined
6355	undefined
6356	undefined
6357	undefined
6358	undefined
6359	undefined
6360	undefined
6361	undefined
6362	undefined
6363	undefined
6364	undefined
6365	undefined
6366	undefined
6367	undefined
6368	undefined
6369	undefined
6370	undefined
6371	undefined
6372	undefined
6373	undefined
6374	undefined
6375	undefined
6376	undefined
6377	undefined
6378	undefined
6379	undefined
6380	undefined
6381	undefined
6382	undefined
6383	undefined
6384	undefined
6385	undefined
6386	undefined
6387	undefined
6388	undefined
6389	undefined
6390	undefined
6391	undefined
6392	undefined
6393	undefined
6394	undefined
6395	undefined
6396	undefined
6397	undefined
6398	undefined
6399	undefined
6400	undefined
6401	undefined
6402	undefined
6403	undefined
6404	undefined
6405	undefined
6406	undefined
6407	undefined
6408	undefined
6409	undefined
6410	undefined
6411	undefined
6412	undefined
6413	undefined
6414	undefined
6415	undefined
6416	undefined
6417	undefined
6418	undefined
6419	undefined
6420	undefined
6421	undefined
6422	undefined
6423	undefined
6424	undefined
6425	undefined
6426	undefined
6427	undefined
6428	undefined
6429	undefined
6430	undefined
6431	undefined
6432	undefined
6433	undefined
6434	undefined
6435	undefined
6436	undefined
6437	undefined
6438	undefined
6439	undefined
6440	undefined
6441	undefined
6442	undefined
6443	undefined
6444	undefined
6445	undefined
6446	undefined
6447	undefined
6448	undefined
6449	undefined
6450	undefined
6451	undefined
6452	undefined
6453	undefined
6454	undefined
6455	undefined
6456	undefined
6457	undefined
6458	undefined
6459	undefined
6460	undefined
6461	undefined
6462	undefined
6463	undefined
6464	undefined
6465	undefined
6466	undefined
6467	undefined
6468	undefined
6469	undefined
6470	undefined
6471	undefined
6472	undefined
6473	undefined
6474	undefined
6475	undefined
6476	undefined
6477	undefined
6478	undefined
6479	undefined
6480	undefined
6481	undefined
6482	undefined
6483	undefined
6484	undefined
6485	undefined
6486	undefined
6487	undefined
6488	undefined
6489	undefined
6490	undefined
6491	undefined
6492	undefined
6493	undefined
6494	undefined
6495	undefined
6496	undefined
6497	undefined
6498	undefined
6499	undefined
6500	undefined
6501	undefined
6502	undefined
6503	undefined
6504	undefined
6505	undefined
6506	undefined
6507	undefined
6508	undefined
6509	undefined
6510	undefined
6511	undefined
6512	undefined
6513	undefined
6514	undefined
6515	undefined
6516	undefined
6517	undefined
6518	undefined
6519	undefined
6520	undefined
6521	undefined
6522	undefined
6523	undefined
6524	undefined
6525	undefined
6526	undefined
6527	undefined
6528	undefined
6529	undefined
6530	undefined
6531	undefined
6532	undefined
6533	undefined
6534	undefined
6535	undefined
6536	undefined
6537	undefined
6538	undefined
6539	undefined
6540	undefined
6541	undefined
6542	undefined
6543	undefined
6544	undefined
6545	undefined
6546	undefined
6547	undefined
6548	undefined
6549	undefined
6550	undefined
6551	undefined
6552	undefined
6553	undefined
6554	undefined
6555	undefined
6556	undefined
6557	undefined
6558	undefined
6559	undefined
6560	undefined
6561	undefined
6562	undefined
6563	undefined
6564	undefined
6565	undefined
6566	undefined
6567	undefined
6568	undefined
6569	undefined
6570	undefined
6571	undefined
6572	undefined
6573	undefined
6574	undefined
6575	undefined
6576	undefined
6577	undefined
6578	undefined
6579	undefined
6580	undefined
6581	undefined
6582	undefined
6583	undefined
6584	undefined
6585	undefined
6586	undefined
6587	undefined
6588	undefined
6589	undefined
6590	undefined
6591	undefined
6592	undefined
6593	undefined
6594	undefined
6595	undefined
6596	undefined
6597	undefined
6598	undefined
6599	undefined
6600	undefined
6601	undefined
6602	undefined
6603	undefined
6604	undefined
6605	undefined
6606	undefined
6607	undefined
6608	undefined
6609	undefined
6610	undefined
6611	undefined
6612	undefined
6613	undefined
6614	undefined
6615	undefined
6616	undefined
6617	undefined
6618	undefined
6619	undefined
6620	undefined
6621	undefined
6622	undefined
6623	undefined
6624	undefined
6625	undefined
6626	undefined
6627	undefined
6628	undefined
6629	undefined
6630	undefined
6631	undefined
6632	undefined
6633	undefined
6634	undefined
6635	undefined
6636	undefined
6637	undefined
6638	undefined
6639	undefined
6640	undefined
6641	undefined
6642	undefined
6643	undefined
6644	undefined
6645	undefined
6646	undefined
6647	undefined
6648	undefined
6649	undefined
6650	undefined
6651	undefined
6652	undefined
6653	undefined
6654	undefined
6655	undefined
6656	undefined
6657	undefined
6658	undefined
6659	undefined
6660	undefined
6661	undefined
6662	undefined
6663	undefined
6664	undefined
6665	undefined
6666	undefined
6667	undefined
6668	undefined
6669	undefined
6670	undefined
6671	undefined
6672	undefined
6673	undefined
6674	undefined
6675	undefined
6676	undefined
6677	undefined
6678	undefined
6679	undefined
6680	undefined
6681	undefined
6682	undefined
6683	undefined
6684	undefined
6685	undefined
6686	undefined
6687	undefined
6688	undefined
6689	undefined
6690	undefined
6691	undefined
6692	undefined
6693	undefined
6694	undefined
6695	undefined
6696	undefined
6697	undefined
6698	undefined
6699	undefined
6700	undefined
6701	undefined
6702	undefined
6703	undefined
6704	undefined
6705	undefined
6706	undefined
6707	undefined
6708	undefined
6709	undefined
6710	undefined
6711	undefined
6712	undefined
6713	undefined
6714	undefined
6715	undefined
6716	undefined
6717	undefined
6718	undefined
6719	undefined
6720	undefined
6721	undefined
6722	undefined
6723	undefined
6724	undefined
6725	undefined
6726	undefined
6727	undefined
6728	undefined
6729	undefined
6730	undefined
6731	undefined
6732	undefined
6733	undefined
6734	undefined
6735	undefined
6736	undefined
6737	undefined
6738	undefined
6739	undefined
6740	undefined
6741	undefined
6742	undefined
6743	undefined
6744	undefined
6745	undefined
6746	undefined
6747	undefined
6748	undefined
6749	undefined
6750	undefined
6751	undefined
6752	undefined
6753	undefined
6754	undefined
6755	undefined
6756	undefined
6757	undefined
6758	undefined
6759	undefined
6760	undefined
6761	undefined
6762	undefined
6763	undefined
6764	undefined
6765	undefined
6766	undefined
6767	undefined
6768	undefined
6769	undefined
6770	undefined
6771	undefined
6772	undefined
6773	undefined
6774	undefined
6775	undefined
6776	undefined
6777	undefined
6778	undefined
6779	undefined
6780	undefined
6781	undefined
6782	undefined
6783	undefined
6784	undefined
6785	undefined
6786	undefined
6787	undefined
6788	undefined
6789	undefined
6790	undefined
6791	undefined
6792	undefined
6793	undefined
6794	undefined
6795	undefined
6796	undefined
6797	undefined
6798	undefined
6799	undefined
6800	undefined
6801	undefined
6802	undefined
6803	undefined
6804	undefined
6805	undefined
6806	undefined
6807	undefined
6808	undefined
6809	undefined
6810	undefined
6811	undefined
6812	undefined
6813	undefined
6814	undefined
6815	undefined
6816	undefined
6817	undefined
6818	undefined
6819	undefined
6820	undefined
6821	undefined
6822	undefined
6823	undefined
6824	undefined
6825	undefined
6826	undefined
6827	undefined
6828	undefined
6829	undefined
6830	undefined
6831	undefined
6832	undefined
6833	undefined
6834	undefined
6835	undefined
6836	undefined
6837	undefined
6838	undefined
6839	undefined
6840	undefined
6841	undefined
6842	undefined
6843	undefined
6844	undefined
6845	undefined
6846	undefined
6847	undefined
6848	undefined
6849	undefined
6850	undefined
6851	undefined
6852	undefined
6853	undefined
6854	undefined
6855	undefined
6856	undefined
6857	undefined
6858	undefined
6859	undefined
6860	undefined
6861	undefined
6862	undefined
6863	undefined
6864	undefined
6865	undefined
6866	undefined
6867	undefined
6868	undefined
6869	undefined
6870	undefined
6871	undefined
6872	undefined
6873	undefined
6874	undefined
6875	undefined
6876	undefined
6877	undefined
6878	undefined
6879	undefined
6880	undefined
6881	undefined
6882	undefined
6883	undefined
6884	undefined
6885	undefined
6886	undefined
6887	undefined
6888	undefined
6889	undefined
6890	undefined
6891	undefined
6892	undefined
6893	undefined
6894	undefined
6895	undefined
6896	undefined
6897	undefined
6898	undefined
6899	undefined
6900	undefined
6901	undefined
6902	undefined
6903	undefined
6904	undefined
6905	undefined
6906	undefined
6907	undefined
6908	undefined
6909	undefined
6910	undefined
6911	undefined
6912	undefined
6913	undefined
6914	undefined
6915	undefined
6916	undefined
6917	undefined
6918	undefined
6919	undefined
6920	undefined
6921	undefined
6922	undefined
6923	undefined
6924	undefined
6925	undefined
6926	undefined
6927	undefined
6928	undefined
6929	undefined
6930	undefined
6931	undefined
6932	undefined
6933	undefined
6934	undefined
6935	undefined
6936	undefined
6937	undefined
6938	undefined
6939	undefined
6940	undefined
6941	undefined
6942	undefined
6943	undefined
6944	undefined
6945	undefined
6946	undefined
6947	undefined
6948	undefined
6949	undefined
6950	undefined
6951	undefined
6952	undefined
6953	undefined
6954	undefined
6955	undefined
6956	undefined
6957	undefined
6958	undefined
6959	undefined
6960	undefined
6961	undefined
6962	undefined
6963	undefined
6964	undefined
6965	undefined
6966	undefined
6967	undefined
6968	undefined
6969	undefined
6970	undefined
6971	undefined
6972	undefined
6973	undefined
6974	undefined
6975	undefined
6976	undefined
6977	undefined
6978	undefined
6979	undefined
6980	undefined
6981	undefined
6982	undefined
6983	undefined
6984	undefined
6985	undefined
6986	undefined
6987	undefined
6988	undefined
6989	undefined
6990	undefined
6991	undefined
6992	undefined
6993	undefined
6994	undefined
6995	undefined
6996	undefined
6997	undefined
6998	undefined
6999	undefined
7000	undefined
7001	undefined
7002	undefined
7003	undefined
7004	undefined
7005	undefined
7006	undefined
7007	undefined
7008	undefined
7009	undefined
7010	undefined
7011	undefined
7012	undefined
7013	undefined
7014	undefined
7015	undefined
7016	undefined
7017	undefined
7018	undefined
7019	undefined
7020	undefined
7021	undefined
7022	undefined
7023	undefined
7024	undefined
7025	undefined
7026	undefined
7027	undefined
7028	undefined
7029	undefined
7030	undefined
7031	undefined
7032	undefined
7033	undefined
7034	undefined
7035	undefined
7036	undefined
7037	undefined
7038	undefined
7039	undefined
7040	undefined
7041	undefined
7042	undefined
7043	undefined
7044	undefined
7045	undefined
7046	undefined
7047	undefined
7048	undefined
7049	undefined
7050	undefined
7051	undefined
7052	undefined
7053	undefined
7054	undefined
7055	undefined
7056	undefined
7057	undefined
7058	undefined
7059	undefined
7060	undefined
7061	undefined
7062	undefined
7063	undefined
7064	undefined
7065	undefined
7066	undefined
7067	undefined
7068	undefined
7069	undefined
7070	undefined
7071	undefined
7072	undefined
7073	undefined
7074	undefined
7075	undefined
7076	undefined
7077	undefined
7078	undefined
7079	undefined
7080	undefined
7081	undefined
7082	undefined
7083	undefined
7084	undefined
7085	undefined
7086	undefined
7087	undefined
7088	undefined
7089	undefined
7090	undefined
7091	undefined
7092	undefined
7093	undefined
7094	undefined
7095	undefined
7096	undefined
7097	undefined
7098	undefined
7099	undefined
7100	undefined
7101	undefined
7102	undefined
7103	undefined
7104	undefined
7105	undefined
7106	undefined
7107	undefined
7108	undefined
7109	undefined
7110	undefined
7111	undefined
7112	undefined
7113	undefined
7114	undefined
7115	undefined
7116	undefined
7117	undefined
7118	undefined
7119	undefined
7120	undefined
7121	undefined
7122	undefined
7123	undefined
7124	undefined
7125	undefined
7126	undefined
7127	undefined
7128	undefined
7129	undefined
7130	undefined
7131	undefined
7132	undefined
7133	undefined
7134	undefined
7135	undefined
7136	undefined
7137	undefined
7138	undefined
7139	undefined
7140	undefined
7141	undefined
7142	undefined
7143	undefined
7144	undefined
7145	undefined
7146	undefined
7147	undefined
7148	undefined
7149	undefined
7150	undefined
7151	undefined
7152	undefined
7153	undefined
7154	undefined
7155	undefined
7156	undefined
7157	undefined
7158	undefined
7159	undefined
7160	undefined
7161	undefined
7162	undefined
7163	undefined
7164	undefined
7165	undefined
7166	undefined
7167	undefined
7168	undefined
7169	undefined
7170	undefined
7171	undefined
7172	undefined
7173	undefined
7174	undefined
7175	undefined
7176	undefined
7177	undefined
7178	undefined
7179	undefined
7180	undefined
7181	undefined
7182	undefined
7183	undefined
7184	undefined
7185	undefined
7186	undefined
7187	undefined
7188	undefined
7189	undefined
7190	undefined
7191	undefined
7192	undefined
7193	undefined
7194	undefined
7195	undefined
7196	undefined
7197	undefined
7198	undefined
7199	undefined
7200	undefined
7201	undefined
7202	undefined
7203	undefined
7204	undefined
7205	undefined
7206	undefined
7207	undefined
7208	undefined
7209	undefined
7210	undefined
7211	undefined
7212	undefined
7213	undefined
7214	undefined
7215	undefined
7216	undefined
7217	undefined
7218	undefined
7219	undefined
7220	undefined
7221	undefined
7222	undefined
7223	undefined
7224	undefined
7225	undefined
7226	undefined
7227	undefined
7228	undefined
7229	undefined
7230	undefined
7231	undefined
7232	undefined
7233	undefined
7234	undefined
7235	undefined
7236	undefined
7237	undefined
7238	undefined
7239	undefined
7240	undefined
7241	undefined
7242	undefined
7243	undefined
7244	undefined
7245	undefined
7246	undefined
7247	undefined
7248	undefined
7249	undefined
7250	undefined
7251	undefined
7252	undefined
7253	undefined
7254	undefined
7255	undefined
7256	undefined
7257	undefined
7258	undefined
7259	undefined
7260	undefined
7261	undefined
7262	undefined
7263	undefined
7264	undefined
7265	undefined
7266	undefined
7267	undefined
7268	undefined
7269	undefined
7270	undefined
7271	undefined
7272	undefined
7273	undefined
7274	undefined
7275	undefined
7276	undefined
7277	undefined
7278	undefined
7279	undefined
7280	undefined
7281	undefined
7282	undefined
7283	undefined
7284	undefined
7285	undefined
7286	undefined
7287	undefined
7288	undefined
7289	undefined
7290	undefined
7291	undefined
7292	undefined
7293	undefined
7294	undefined
7295	undefined
7296	undefined
7297	undefined
7298	undefined
7299	undefined
7300	undefined
7301	undefined
7302	undefined
7303	undefined
7304	undefined
7305	undefined
7306	undefined
7307	undefined
7308	undefined
7309	undefined
7310	undefined
7311	undefined
7312	undefined
7313	undefined
7314	undefined
7315	undefined
7316	undefined
7317	undefined
7318	undefined
7319	undefined
7320	undefined
7321	undefined
7322	undefined
7323	undefined
7324	undefined
7325	undefined
7326	undefined
7327	undefined
7328	undefined
7329	undefined
7330	undefined
7331	undefined
7332	undefined
7333	undefined
7334	undefined
7335	undefined
7336	undefined
7337	undefined
7338	undefined
7339	undefined
7340	undefined
7341	undefined
7342	undefined
7343	undefined
7344	undefined
7345	undefined
7346	undefined
7347	undefined
7348	undefined
7349	undefined
7350	undefined
7351	undefined
7352	undefined
7353	undefined
7354	undefined
7355	undefined
7356	undefined
7357	undefined
7358	undefined
7359	undefined
7360	undefined
7361	undefined
7362	undefined
7363	undefined
7364	undefined
7365	undefined
7366	undefined
7367	undefined
7368	undefined
7369	undefined
7370	undefined
7371	undefined
7372	undefined
7373	undefined
7374	undefined
7375	undefined
7376	undefined
7377	undefined
7378	undefined
7379	undefined
7380	undefined
7381	undefined
7382	undefined
7383	undefined
7384	undefined
7385	undefined
7386	undefined
7387	undefined
7388	undefined
7389	undefined
7390	undefined
7391	undefined
7392	undefined
7393	undefined
7394	undefined
7395	undefined
7396	undefined
7397	undefined
7398	undefined
7399	undefined
7400	undefined
7401	undefined
7402	undefined
7403	undefined
7404	undefined
7405	undefined
7406	undefined
7407	undefined
7408	undefined
7409	undefined
7410	undefined
7411	undefined
7412	undefined
7413	undefined
7414	undefined
7415	undefined
7416	undefined
7417	undefined
7418	undefined
7419	undefined
7420	undefined
7421	undefined
7422	undefined
7423	undefined
7424	undefined
7425	undefined
7426	undefined
7427	undefined
7428	undefined
7429	undefined
7430	undefined
7431	undefined
7432	undefined
7433	undefined
7434	undefined
7435	undefined
7436	undefined
7437	undefined
7438	undefined
7439	undefined
7440	undefined
7441	undefined
7442	undefined
7443	undefined
7444	undefined
7445	undefined
7446	undefined
7447	undefined
7448	undefined
7449	undefined
7450	undefined
7451	undefined
7452	undefined
7453	undefined
7454	undefined
7455	undefined
7456	undefined
7457	undefined
7458	undefined
7459	undefined
7460	undefined
7461	undefined
7462	undefined
7463	undefined
7464	undefined
7465	undefined
7466	undefined
7467	undefined
7468	undefined
7469	undefined
7470	undefined
7471	undefined
7472	undefined
7473	undefined
7474	undefined
7475	undefined
7476	undefined
7477	undefined
7478	undefined
7479	undefined
7480	undefined
7481	undefined
7482	undefined
7483	undefined
7484	undefined
7485	undefined
7486	undefined
7487	undefined
7488	undefined
7489	undefined
7490	undefined
7491	undefined
7492	undefined
7493	undefined
7494	undefined
7495	undefined
7496	undefined
7497	undefined
7498	undefined
7499	undefined
7500	undefined
7501	undefined
7502	undefined
7503	undefined
7504	undefined
7505	undefined
7506	undefined
7507	undefined
7508	undefined
7509	undefined
7510	undefined
7511	undefined
7512	undefined
7513	undefined
7514	undefined
7515	undefined
7516	undefined
7517	undefined
7518	undefined
7519	undefined
7520	undefined
7521	undefined
7522	undefined
7523	undefined
7524	undefined
7525	undefined
7526	undefined
7527	undefined
7528	undefined
7529	undefined
7530	undefined
7531	undefined
7532	undefined
7533	undefined
7534	undefined
7535	undefined
7536	undefined
7537	undefined
7538	undefined
7539	undefined
7540	undefined
7541	undefined
7542	undefined
7543	undefined
7544	undefined
7545	undefined
7546	undefined
7547	undefined
7548	undefined
7549	undefined
7550	undefined
7551	undefined
7552	undefined
7553	undefined
7554	undefined
7555	undefined
7556	undefined
7557	undefined
7558	undefined
7559	undefined
7560	undefined
7561	undefined
7562	undefined
7563	undefined
7564	undefined
7565	undefined
7566	undefined
7567	undefined
7568	undefined
7569	undefined
7570	undefined
7571	undefined
7572	undefined
7573	undefined
7574	undefined
7575	undefined
7576	undefined
7577	undefined
7578	undefined
7579	undefined
7580	undefined
7581	undefined
7582	undefined
7583	undefined
7584	undefined
7585	undefined
7586	undefined
7587	undefined
7588	undefined
7589	undefined
7590	undefined
7591	undefined
7592	undefined
7593	undefined
7594	undefined
7595	undefined
7596	undefined
7597	undefined
7598	undefined
7599	undefined
7600	undefined
7601	undefined
7602	undefined
7603	undefined
7604	undefined
7605	undefined
7606	undefined
7607	undefined
7608	undefined
7609	undefined
7610	undefined
7611	undefined
7612	undefined
7613	undefined
7614	undefined
7615	undefined
7616	undefined
7617	undefined
7618	undefined
7619	undefined
7620	undefined
7621	undefined
7622	undefined
7623	undefined
7624	undefined
7625	undefined
7626	undefined
7627	undefined
7628	undefined
7629	undefined
7630	undefined
7631	undefined
7632	undefined
7633	undefined
7634	undefined
7635	undefined
7636	undefined
7637	undefined
7638	undefined
7639	undefined
7640	undefined
7641	undefined
7642	undefined
7643	undefined
7644	undefined
7645	undefined
7646	undefined
7647	undefined
7648	undefined
7649	undefined
7650	undefined
7651	undefined
7652	undefined
7653	undefined
7654	undefined
7655	undefined
7656	undefined
7657	undefined
7658	undefined
7659	undefined
7660	undefined
7661	undefined
7662	undefined
7663	undefined
7664	undefined
7665	undefined
7666	undefined
7667	undefined
7668	undefined
7669	undefined
7670	undefined
7671	undefined
7672	undefined
7673	undefined
7674	undefined
7675	undefined
7676	undefined
7677	undefined
7678	undefined
7679	undefined
7680	undefined
7681	undefined
7682	undefined
7683	undefined
7684	undefined
7685	undefined
7686	undefined
7687	undefined
7688	undefined
7689	undefined
7690	undefined
7691	undefined
7692	undefined
7693	undefined
7694	undefined
7695	undefined
7696	undefined
7697	undefined
7698	undefined
7699	undefined
7700	undefined
7701	undefined
7702	undefined
7703	undefined
7704	undefined
7705	undefined
7706	undefined
7707	undefined
7708	undefined
7709	undefined
7710	undefined
7711	undefined
7712	undefined
7713	undefined
7714	undefined
7715	undefined
7716	undefined
7717	undefined
7718	undefined
7719	undefined
7720	undefined
7721	undefined
7722	undefined
7723	undefined
7724	undefined
7725	undefined
7726	undefined
7727	undefined
7728	undefined
7729	undefined
7730	undefined
7731	undefined
7732	undefined
7733	undefined
7734	undefined
7735	undefined
7736	undefined
7737	undefined
7738	undefined
7739	undefined
7740	undefined
7741	undefined
7742	undefined
7743	undefined
7744	undefined
7745	undefined
7746	undefined
7747	undefined
7748	undefined
7749	undefined
7750	undefined
7751	undefined
7752	undefined
7753	undefined
7754	undefined
7755	undefined
7756	undefined
7757	undefined
7758	undefined
7759	undefined
7760	undefined
7761	undefined
7762	undefined
7763	undefined
7764	undefined
7765	undefined
7766	undefined
7767	undefined
7768	undefined
7769	undefined
7770	undefined
7771	undefined
7772	undefined
7773	undefined
7774	undefined
7775	undefined
7776	undefined
7777	undefined
7778	undefined
7779	undefined
7780	undefined
7781	undefined
7782	undefined
7783	undefined
7784	undefined
7785	undefined
7786	undefined
7787	undefined
7788	undefined
7789	undefined
7790	undefined
7791	undefined
7792	undefined
7793	undefined
7794	undefined
7795	undefined
7796	undefined
7797	undefined
7798	undefined
7799	undefined
7800	undefined
7801	undefined
7802	undefined
7803	undefined
7804	undefined
7805	undefined
7806	undefined
7807	undefined
7808	undefined
7809	undefined
7810	undefined
7811	undefined
7812	undefined
7813	undefined
7814	undefined
7815	undefined
7816	undefined
7817	undefined
7818	undefined
7819	undefined
7820	undefined
7821	undefined
7822	undefined
7823	undefined
7824	undefined
7825	undefined
7826	undefined
7827	undefined
7828	undefined
7829	undefined
7830	undefined
7831	undefined
7832	undefined
7833	undefined
7834	undefined
7835	undefined
7836	undefined
7837	undefined
7838	undefined
7839	undefined
7840	undefined
7841	undefined
7842	undefined
7843	undefined
7844	undefined
7845	undefined
7846	undefined
7847	undefined
7848	undefined
7849	undefined
7850	undefined
7851	undefined
7852	undefined
7853	undefined
7854	undefined
7855	undefined
7856	undefined
7857	undefined
7858	undefined
7859	undefined
7860	undefined
7861	undefined
7862	undefined
7863	undefined
7864	undefined
7865	undefined
7866	undefined
7867	undefined
7868	undefined
7869	undefined
7870	undefined
7871	undefined
7872	undefined
7873	undefined
7874	undefined
7875	undefined
7876	undefined
7877	undefined
7878	undefined
7879	undefined
7880	undefined
7881	undefined
7882	undefined
7883	undefined
7884	undefined
7885	undefined
7886	undefined
7887	undefined
7888	undefined
7889	undefined
7890	undefined
7891	undefined
7892	undefined
7893	undefined
7894	undefined
7895	undefined
7896	undefined
7897	undefined
7898	undefined
7899	undefined
7900	undefined
7901	undefined
7902	undefined
7903	undefined
7904	undefined
7905	undefined
7906	undefined
7907	undefined
7908	undefined
7909	undefined
7910	undefined
7911	undefined
7912	undefined
7913	undefined
7914	undefined
7915	undefined
7916	undefined
7917	undefined
7918	undefined
7919	undefined
7920	undefined
7921	undefined
7922	undefined
7923	undefined
7924	undefined
7925	undefined
7926	undefined
7927	undefined
7928	undefined
7929	undefined
7930	undefined
7931	undefined
7932	undefined
7933	undefined
7934	undefined
7935	undefined
7936	undefined
7937	undefined
7938	undefined
7939	undefined
7940	undefined
7941	undefined
7942	undefined
7943	undefined
7944	undefined
7945	undefined
7946	undefined
7947	undefined
7948	undefined
7949	undefined
7950	undefined
7951	undefined
7952	undefined
7953	undefined
7954	undefined
7955	undefined
7956	undefined
7957	undefined
7958	undefined
7959	undefined
7960	undefined
7961	undefined
7962	undefined
7963	undefined
7964	undefined
7965	undefined
7966	undefined
7967	undefined
7968	undefined
7969	undefined
7970	undefined
7971	undefined
7972	undefined
7973	undefined
7974	undefined
7975	undefined
7976	undefined
7977	undefined
7978	undefined
7979	undefined
7980	undefined
7981	undefined
7982	undefined
7983	undefined
7984	undefined
7985	undefined
7986	undefined
7987	undefined
7988	undefined
7989	undefined
7990	undefined
7991	undefined
7992	undefined
7993	undefined
7994	undefined
7995	undefined
7996	undefined
7997	undefined
7998	undefined
7999	undefined
8000	undefined
8001	undefined
8002	undefined
8003	undefined
8004	undefined
8005	undefined
8006	undefined
8007	undefined
8008	undefined
8009	undefined
8010	undefined
8011	undefined
8012	undefined
8013	undefined
8014	undefined
8015	undefined
8016	undefined
8017	undefined
8018	undefined
8019	undefined
8020	undefined
8021	undefined
8022	undefined
8023	undefined
8024	undefined
8025	undefined
8026	undefined
8027	undefined
8028	undefined
8029	undefined
8030	undefined
8031	undefined
8032	undefined
8033	undefined
8034	undefined
8035	undefined
8036	undefined
8037	undefined
8038	undefined
8039	undefined
8040	undefined
8041	undefined
8042	undefined
8043	undefined
8044	undefined
8045	undefined
8046	undefined
8047	undefined
8048	undefined
8049	undefined
8050	undefined
8051	undefined
8052	undefined
8053	undefined
8054	undefined
8055	undefined
8056	undefined
8057	undefined
8058	undefined
8059	undefined
8060	undefined
8061	undefined
8062	undefined
8063	undefined
8064	undefined
8065	undefined
8066	undefined
8067	undefined
8068	undefined
8069	undefined
8070	undefined
8071	undefined
8072	undefined
8073	undefined
8074	undefined
8075	undefined
8076	undefined
8077	undefined
8078	undefined
8079	undefined
8080	undefined
8081	undefined
8082	undefined
8083	undefined
8084	undefined
8085	undefined
8086	undefined
8087	undefined
8088	undefined
8089	undefined
8090	undefined
8091	undefined
8092	undefined
8093	undefined
8094	undefined
8095	undefined
8096	undefined
8097	undefined
8098	undefined
8099	undefined
8100	undefined
8101	undefined
8102	undefined
8103	undefined
8104	undefined
8105	undefined
8106	undefined
8107	undefined
8108	undefined
8109	undefined
8110	undefined
8111	undefined
8112	undefined
8113	undefined
8114	undefined
8115	undefined
8116	undefined
8117	undefined
8118	undefined
8119	undefined
8120	undefined
8121	undefined
8122	undefined
8123	undefined
8124	undefined
8125	undefined
8126	undefined
8127	undefined
8128	undefined
8129	undefined
8130	undefined
8131	undefined
8132	undefined
8133	undefined
8134	undefined
8135	undefined
8136	undefined
8137	undefined
8138	undefined
8139	undefined
8140	undefined
8141	undefined
8142	undefined
8143	undefined
8144	undefined
8145	undefined
8146	undefined
8147	undefined
8148	undefined
8149	undefined
8150	undefined
8151	undefined
8152	undefined
8153	undefined
8154	undefined
8155	undefined
8156	undefined
8157	undefined
8158	undefined
8159	undefined
8160	undefined
8161	undefined
8162	undefined
8163	undefined
8164	undefined
8165	undefined
8166	undefined
8167	undefined
8168	undefined
8169	undefined
8170	undefined
8171	undefined
8172	undefined
8173	undefined
8174	undefined
8175	undefined
8176	undefined
8177	undefined
8178	undefined
8179	undefined
8180	undefined
8181	undefined
8182	undefined
8183	undefined
8184	undefined
8185	undefined
8186	undefined
8187	undefined
8188	undefined
8189	undefined
8190	undefined
8191	undefined
8192	undefined
8193	undefined
8194	undefined
8195	undefined
8196	undefined
8197	undefined
8198	undefined
8199	undefined
8200	undefined
8201	undefined
8202	undefined
8203	undefined
8204	undefined
8205	undefined
8206	undefined
8207	undefined
8208	undefined
8209	undefined
8210	undefined
8211	undefined
8212	undefined
8213	undefined
8214	undefined
8215	undefined
8216	undefined
8217	undefined
8218	undefined
8219	undefined
8220	undefined
8221	undefined
8222	undefined
8223	undefined
8224	undefined
8225	undefined
8226	undefined
8227	undefined
8228	undefined
8229	undefined
8230	undefined
8231	undefined
8232	undefined
8233	undefined
8234	undefined
8235	undefined
8236	undefined
8237	undefined
8238	undefined
8239	undefined
8240	undefined
8241	undefined
8242	undefined
8243	undefined
8244	undefined
8245	undefined
8246	undefined
8247	undefined
8248	undefined
8249	undefined
8250	undefined
8251	undefined
8252	undefined
8253	undefined
8254	undefined
8255	undefined
8256	undefined
8257	undefined
8258	undefined
8259	undefined
8260	undefined
8261	undefined
8262	undefined
8263	undefined
8264	undefined
8265	undefined
8266	undefined
8267	undefined
8268	undefined
8269	undefined
8270	undefined
8271	undefined
8272	undefined
8273	undefined
8274	undefined
8275	undefined
8276	undefined
8277	undefined
8278	undefined
8279	undefined
8280	undefined
8281	undefined
8282	undefined
8283	undefined
8284	undefined
8285	undefined
8286	undefined
8287	undefined
8288	undefined
8289	undefined
8290	undefined
8291	undefined
8292	undefined
8293	undefined
8294	undefined
8295	undefined
8296	undefined
8297	undefined
8298	undefined
8299	undefined
8300	undefined
8301	undefined
8302	undefined
8303	undefined
8304	undefined
8305	undefined
8306	undefined
8307	undefined
8308	undefined
8309	undefined
8310	undefined
8311	undefined
8312	undefined
8313	undefined
8314	undefined
8315	undefined
8316	undefined
8317	undefined
8318	undefined
8319	undefined
8320	undefined
8321	undefined
8322	undefined
8323	undefined
8324	undefined
8325	undefined
8326	undefined
8327	undefined
8328	undefined
8329	undefined
8330	undefined
8331	undefined
8332	undefined
8333	undefined
8334	undefined
8335	undefined
8336	undefined
8337	undefined
8338	undefined
8339	undefined
8340	undefined
8341	undefined
8342	undefined
8343	undefined
8344	undefined
8345	undefined
8346	undefined
8347	undefined
8348	undefined
8349	undefined
8350	undefined
8351	undefined
8352	undefined
8353	undefined
8354	undefined
8355	undefined
8356	undefined
8357	undefined
8358	undefined
8359	undefined
8360	undefined
8361	undefined
8362	undefined
8363	undefined
8364	undefined
8365	undefined
8366	undefined
8367	undefined
8368	undefined
8369	undefined
8370	undefined
8371	undefined
8372	undefined
8373	undefined
8374	undefined
8375	undefined
8376	undefined
8377	undefined
8378	undefined
8379	undefined
8380	undefined
8381	undefined
8382	undefined
8383	undefined
8384	undefined
8385	undefined
8386	undefined
8387	undefined
8388	undefined
8389	undefined
8390	undefined
8391	undefined
8392	undefined
8393	undefined
8394	undefined
8395	undefined
8396	undefined
8397	undefined
8398	undefined
8399	undefined
8400	undefined
8401	undefined
8402	undefined
8403	undefined
8404	undefined
8405	undefined
8406	undefined
8407	undefined
8408	undefined
8409	undefined
8410	undefined
8411	undefined
8412	undefined
8413	undefined
8414	undefined
8415	undefined
8416	undefined
8417	undefined
8418	undefined
8419	undefined
8420	undefined
8421	undefined
8422	undefined
8423	undefined
8424	undefined
8425	undefined
8426	undefined
8427	undefined
8428	undefined
8429	undefined
8430	undefined
8431	undefined
8432	undefined
8433	undefined
8434	undefined
8435	undefined
8436	undefined
8437	undefined
8438	undefined
8439	undefined
8440	undefined
8441	undefined
8442	undefined
8443	undefined
8444	undefined
8445	undefined
8446	undefined
8447	undefined
8448	undefined
8449	undefined
8450	undefined
8451	undefined
8452	undefined
8453	undefined
8454	undefined
8455	undefined
8456	undefined
8457	undefined
8458	undefined
8459	undefined
8460	undefined
8461	undefined
8462	undefined
8463	undefined
8464	undefined
8465	undefined
8466	undefined
8467	undefined
8468	undefined
8469	undefined
8470	undefined
8471	undefined
8472	undefined
8473	undefined
8474	undefined
8475	undefined
8476	undefined
8477	undefined
8478	undefined
8479	undefined
8480	undefined
8481	undefined
8482	undefined
8483	undefined
8484	undefined
8485	undefined
8486	undefined
8487	undefined
8488	undefined
8489	undefined
8490	undefined
8491	undefined
8492	undefined
8493	undefined
8494	undefined
8495	undefined
8496	undefined
8497	undefined
8498	undefined
8499	undefined
8500	undefined
8501	undefined
8502	undefined
8503	undefined
8504	undefined
8505	undefined
8506	undefined
8507	undefined
8508	undefined
8509	undefined
8510	undefined
8511	undefined
8512	undefined
8513	undefined
8514	undefined
8515	undefined
8516	undefined
8517	undefined
8518	undefined
8519	undefined
8520	undefined
8521	undefined
8522	undefined
8523	undefined
8524	undefined
8525	undefined
8526	undefined
8527	undefined
8528	undefined
8529	undefined
8530	undefined
8531	undefined
8532	undefined
8533	undefined
8534	undefined
8535	undefined
8536	undefined
8537	undefined
8538	undefined
8539	undefined
8540	undefined
8541	undefined
8542	undefined
8543	undefined
8544	undefined
8545	undefined
8546	undefined
8547	undefined
8548	undefined
8549	undefined
8550	undefined
8551	undefined
8552	undefined
8553	undefined
8554	undefined
8555	undefined
8556	undefined
8557	undefined
8558	undefined
8559	undefined
8560	undefined
8561	undefined
8562	undefined
8563	undefined
8564	undefined
8565	undefined
8566	undefined
8567	undefined
8568	undefined
8569	undefined
8570	undefined
8571	undefined
8572	undefined
8573	undefined
8574	undefined
8575	undefined
8576	undefined
8577	undefined
8578	undefined
8579	undefined
8580	undefined
8581	undefined
8582	undefined
8583	undefined
8584	undefined
8585	undefined
8586	undefined
8587	undefined
8588	undefined
8589	undefined
8590	undefined
8591	undefined
8592	undefined
8593	undefined
8594	undefined
8595	undefined
8596	undefined
8597	undefined
8598	undefined
8599	undefined
8600	undefined
8601	undefined
8602	undefined
8603	undefined
8604	undefined
8605	undefined
8606	undefined
8607	undefined
8608	undefined
8609	undefined
8610	undefined
8611	undefined
8612	undefined
8613	undefined
8614	undefined
8615	undefined
8616	undefined
8617	undefined
8618	undefined
8619	undefined
8620	undefined
8621	undefined
8622	undefined
8623	undefined
8624	undefined
8625	undefined
8626	undefined
8627	undefined
8628	undefined
8629	undefined
8630	undefined
8631	undefined
8632	undefined
8633	undefined
8634	undefined
8635	undefined
8636	undefined
8637	undefined
8638	undefined
8639	undefined
8640	undefined
8641	undefined
8642	undefined
8643	undefined
8644	undefined
8645	undefined
8646	undefined
8647	undefined
8648	undefined
8649	undefined
8650	undefined
8651	undefined
8652	undefined
8653	undefined
8654	undefined
8655	undefined
8656	undefined
8657	undefined
8658	undefined
8659	undefined
8660	undefined
8661	undefined
8662	undefined
8663	undefined
8664	undefined
8665	undefined
8666	undefined
8667	undefined
8668	undefined
8669	undefined
8670	undefined
8671	undefined
8672	undefined
8673	undefined
8674	undefined
8675	undefined
8676	undefined
8677	undefined
8678	undefined
8679	undefined
8680	undefined
8681	undefined
8682	undefined
8683	undefined
8684	undefined
8685	undefined
8686	undefined
8687	undefined
8688	undefined
8689	undefined
8690	undefined
8691	undefined
8692	undefined
8693	undefined
8694	undefined
8695	undefined
8696	undefined
8697	undefined
8698	undefined
8699	undefined
8700	undefined
8701	undefined
8702	undefined
8703	undefined
8704	undefined
8705	undefined
8706	undefined
8707	undefined
8708	undefined
8709	undefined
8710	undefined
8711	undefined
8712	undefined
8713	undefined
8714	undefined
8715	undefined
8716	undefined
8717	undefined
8718	undefined
8719	undefined
8720	undefined
8721	undefined
8722	undefined
8723	undefined
8724	undefined
8725	undefined
8726	undefined
8727	undefined
8728	undefined
8729	undefined
8730	undefined
8731	undefined
8732	undefined
8733	undefined
8734	undefined
8735	undefined
8736	undefined
8737	undefined
8738	undefined
8739	undefined
8740	undefined
8741	undefined
8742	undefined
8743	undefined
8744	undefined
8745	undefined
8746	undefined
8747	undefined
8748	undefined
8749	undefined
8750	undefined
8751	undefined
8752	undefined
8753	undefined
8754	undefined
8755	undefined
8756	undefined
8757	undefined
8758	undefined
8759	undefined
8760	undefined
8761	undefined
8762	undefined
8763	undefined
8764	undefined
8765	undefined
8766	undefined
8767	undefined
8768	undefined
8769	undefined
8770	undefined
8771	undefined
8772	undefined
8773	undefined
8774	undefined
8775	undefined
8776	undefined
8777	undefined
8778	undefined
8779	undefined
8780	undefined
8781	undefined
8782	undefined
8783	undefined
8784	undefined
8785	undefined
8786	undefined
8787	undefined
8788	undefined
8789	undefined
8790	undefined
8791	undefined
8792	undefined
8793	undefined
8794	undefined
8795	undefined
8796	undefined
8797	undefined
8798	undefined
8799	undefined
8800	undefined
8801	undefined
8802	undefined
8803	undefined
8804	undefined
8805	undefined
8806	undefined
8807	undefined
8808	undefined
8809	undefined
8810	undefined
8811	undefined
8812	undefined
8813	undefined
8814	undefined
8815	undefined
8816	undefined
8817	undefined
8818	undefined
8819	undefined
8820	undefined
8821	undefined
8822	undefined
8823	undefined
8824	undefined
8825	undefined
8826	undefined
8827	undefined
8828	undefined
8829	undefined
8830	undefined
8831	undefined
8832	undefined
8833	undefined
8834	undefined
8835	undefined
8836	undefined
8837	undefined
8838	undefined
8839	undefined
8840	undefined
8841	undefined
8842	undefined
8843	undefined
8844	undefined
8845	undefined
8846	undefined
8847	undefined
8848	undefined
8849	undefined
8850	undefined
8851	undefined
8852	undefined
8853	undefined
8854	undefined
8855	undefined
8856	undefined
8857	undefined
8858	undefined
8859	undefined
8860	undefined
8861	undefined
8862	undefined
8863	undefined
8864	undefined
8865	undefined
8866	undefined
8867	undefined
8868	undefined
8869	undefined
8870	undefined
8871	undefined
8872	undefined
8873	undefined
8874	undefined
8875	undefined
8876	undefined
8877	undefined
8878	undefined
8879	undefined
8880	undefined
8881	undefined
8882	undefined
8883	undefined
8884	undefined
8885	undefined
8886	undefined
8887	undefined
8888	undefined
8889	undefined
8890	undefined
8891	undefined
8892	undefined
8893	undefined
8894	undefined
8895	undefined
8896	undefined
8897	undefined
8898	undefined
8899	undefined
8900	undefined
8901	undefined
8902	undefined
8903	undefined
8904	undefined
8905	undefined
8906	undefined
8907	undefined
8908	undefined
8909	undefined
8910	undefined
8911	undefined
8912	undefined
8913	undefined
8914	undefined
8915	undefined
8916	undefined
8917	undefined
8918	undefined
8919	undefined
8920	undefined
8921	undefined
8922	undefined
8923	undefined
8924	undefined
8925	undefined
8926	undefined
8927	undefined
8928	undefined
8929	undefined
8930	undefined
8931	undefined
8932	undefined
8933	undefined
8934	undefined
8935	undefined
8936	undefined
8937	undefined
8938	undefined
8939	undefined
8940	undefined
8941	undefined
8942	undefined
8943	undefined
8944	undefined
8945	undefined
8946	undefined
8947	undefined
8948	undefined
8949	undefined
8950	undefined
8951	undefined
8952	undefined
8953	undefined
8954	undefined
8955	undefined
8956	undefined
8957	undefined
8958	undefined
8959	undefined
8960	undefined
8961	undefined
8962	undefined
8963	undefined
8964	undefined
8965	undefined
8966	undefined
8967	undefined
8968	undefined
8969	undefined
8970	undefined
8971	undefined
8972	undefined
8973	undefined
8974	undefined
8975	undefined
8976	undefined
8977	undefined
8978	undefined
8979	undefined
8980	undefined
8981	undefined
8982	undefined
8983	undefined
8984	undefined
8985	undefined
8986	undefined
8987	undefined
8988	undefined
8989	undefined
8990	undefined
8991	undefined
8992	undefined
8993	undefined
8994	undefined
8995	undefined
8996	undefined
8997	undefined
8998	undefined
8999	undefined
9000	undefined
9001	undefined
9002	undefined
9003	undefined
9004	undefined
9005	undefined
9006	undefined
9007	undefined
9008	undefined
9009	undefined
9010	undefined
9011	undefined
9012	undefined
9013	undefined
9014	undefined
9015	undefined
9016	undefined
9017	undefined
9018	undefined
9019	undefined
9020	undefined
9021	undefined
9022	undefined
9023	undefined
9024	undefined
9025	undefined
9026	undefined
9027	undefined
9028	undefined
9029	undefined
9030	undefined
9031	undefined
9032	undefined
9033	undefined
9034	undefined
9035	undefined
9036	undefined
9037	undefined
9038	undefined
9039	undefined
9040	undefined
9041	undefined
9042	undefined
9043	undefined
9044	undefined
9045	undefined
9046	undefined
9047	undefined
9048	undefined
9049	undefined
9050	undefined
9051	undefined
9052	undefined
9053	undefined
9054	undefined
9055	undefined
9056	undefined
9057	undefined
9058	undefined
9059	undefined
9060	undefined
9061	undefined
9062	undefined
9063	undefined
9064	undefined
9065	undefined
9066	undefined
9067	undefined
9068	undefined
9069	undefined
9070	undefined
9071	undefined
9072	undefined
9073	undefined
9074	undefined
9075	undefined
9076	undefined
9077	undefined
9078	undefined
9079	undefined
9080	undefined
9081	undefined
9082	undefined
9083	undefined
9084	undefined
9085	undefined
9086	undefined
9087	undefined
9088	undefined
9089	undefined
9090	undefined
9091	undefined
9092	undefined
9093	undefined
9094	undefined
9095	undefined
9096	undefined
9097	undefined
9098	undefined
9099	undefined
9100	undefined
9101	undefined
9102	undefined
9103	undefined
9104	undefined
9105	undefined
9106	undefined
9107	undefined
9108	undefined
9109	undefined
9110	undefined
9111	undefined
9112	undefined
9113	undefined
9114	undefined
9115	undefined
9116	undefined
9117	undefined
9118	undefined
9119	undefined
9120	undefined
9121	undefined
9122	undefined
9123	undefined
9124	undefined
9125	undefined
9126	undefined
9127	undefined
9128	undefined
9129	undefined
9130	undefined
9131	undefined
9132	undefined
9133	undefined
9134	undefined
9135	undefined
9136	undefined
9137	undefined
9138	undefined
9139	undefined
9140	undefined
9141	undefined
9142	undefined
9143	undefined
9144	undefined
9145	undefined
9146	undefined
9147	undefined
9148	undefined
9149	undefined
9150	undefined
9151	undefined
9152	undefined
9153	undefined
9154	undefined
9155	undefined
9156	undefined
9157	undefined
9158	undefined
9159	undefined
9160	undefined
9161	undefined
9162	undefined
9163	undefined
9164	undefined
9165	undefined
9166	undefined
9167	undefined
9168	undefined
9169	undefined
9170	undefined
9171	undefined
9172	undefined
9173	undefined
9174	undefined
9175	undefined
9176	undefined
9177	undefined
9178	undefined
9179	undefined
9180	undefined
9181	undefined
9182	undefined
9183	undefined
9184	undefined
9185	undefined
9186	undefined
9187	undefined
9188	undefined
9189	undefined
9190	undefined
9191	undefined
9192	undefined
9193	undefined
9194	undefined
9195	undefined
9196	undefined
9197	undefined
9198	undefined
9199	undefined
9200	undefined
9201	undefined
9202	undefined
9203	undefined
9204	undefined
9205	undefined
9206	undefined
9207	undefined
9208	undefined
9209	undefined
9210	undefined
9211	undefined
9212	undefined
9213	undefined
9214	undefined
9215	undefined
9216	undefined
9217	undefined
9218	undefined
9219	undefined
9220	undefined
9221	undefined
9222	undefined
9223	undefined
9224	undefined
9225	undefined
9226	undefined
9227	undefined
9228	undefined
9229	undefined
9230	undefined
9231	undefined
9232	undefined
9233	undefined
9234	undefined
9235	undefined
9236	undefined
9237	undefined
9238	undefined
9239	undefined
9240	undefined
9241	undefined
9242	undefined
9243	undefined
9244	undefined
9245	undefined
9246	undefined
9247	undefined
9248	undefined
9249	undefined
9250	undefined
9251	undefined
9252	undefined
9253	undefined
9254	undefined
9255	undefined
9256	undefined
9257	undefined
9258	undefined
9259	undefined
9260	undefined
9261	undefined
9262	undefined
9263	undefined
9264	undefined
9265	undefined
9266	undefined
9267	undefined
9268	undefined
9269	undefined
9270	undefined
9271	undefined
9272	undefined
9273	undefined
9274	undefined
9275	undefined
9276	undefined
9277	undefined
9278	undefined
9279	undefined
9280	undefined
9281	undefined
9282	undefined
9283	undefined
9284	undefined
9285	undefined
9286	undefined
9287	undefined
9288	undefined
9289	undefined
9290	undefined
9291	undefined
9292	undefined
9293	undefined
9294	undefined
9295	undefined
9296	undefined
9297	undefined
9298	undefined
9299	undefined
9300	undefined
9301	undefined
9302	undefined
9303	undefined
9304	undefined
9305	undefined
9306	undefined
9307	undefined
9308	undefined
9309	undefined
9310	undefined
9311	undefined
9312	undefined
9313	undefined
9314	undefined
9315	undefined
9316	undefined
9317	undefined
9318	undefined
9319	undefined
9320	undefined
9321	undefined
9322	undefined
9323	undefined
9324	undefined
9325	undefined
9326	undefined
9327	undefined
9328	undefined
9329	undefined
9330	undefined
9331	undefined
9332	undefined
9333	undefined
9334	undefined
9335	undefined
9336	undefined
9337	undefined
9338	undefined
9339	undefined
9340	undefined
9341	undefined
9342	undefined
9343	undefined
9344	undefined
9345	undefined
9346	undefined
9347	undefined
9348	undefined
9349	undefined
9350	undefined
9351	undefined
9352	undefined
9353	undefined
9354	undefined
9355	undefined
9356	undefined
9357	undefined
9358	undefined
9359	undefined
9360	undefined
9361	undefined
9362	undefined
9363	undefined
9364	undefined
9365	undefined
9366	undefined
9367	undefined
9368	undefined
9369	undefined
9370	undefined
9371	undefined
9372	undefined
9373	undefined
9374	undefined
9375	undefined
9376	undefined
9377	undefined
9378	undefined
9379	undefined
9380	undefined
9381	undefined
9382	undefined
9383	undefined
9384	undefined
9385	undefined
9386	undefined
9387	undefined
9388	undefined
9389	undefined
9390	undefined
9391	undefined
9392	undefined
9393	undefined
9394	undefined
9395	undefined
9396	undefined
9397	undefined
9398	undefined
9399	undefined
9400	undefined
9401	undefined
9402	undefined
9403	undefined
9404	undefined
9405	undefined
9406	undefined
9407	undefined
9408	undefined
9409	undefined
9410	undefined
9411	undefined
9412	undefined
9413	undefined
9414	undefined
9415	undefined
9416	undefined
9417	undefined
9418	undefined
9419	undefined
9420	undefined
9421	undefined
9422	undefined
9423	undefined
9424	undefined
9425	undefined
9426	undefined
9427	undefined
9428	undefined
9429	undefined
9430	undefined
9431	undefined
9432	undefined
9433	undefined
9434	undefined
9435	undefined
9436	undefined
9437	undefined
9438	undefined
9439	undefined
9440	undefined
9441	undefined
9442	undefined
9443	undefined
9444	undefined
9445	undefined
9446	undefined
9447	undefined
9448	undefined
9449	undefined
9450	undefined
9451	undefined
9452	undefined
9453	undefined
9454	undefined
9455	undefined
9456	undefined
9457	undefined
9458	undefined
9459	undefined
9460	undefined
9461	undefined
9462	undefined
9463	undefined
9464	undefined
9465	undefined
9466	undefined
9467	undefined
9468	undefined
9469	undefined
9470	undefined
9471	undefined
9472	undefined
9473	undefined
9474	undefined
9475	undefined
9476	undefined
9477	undefined
9478	undefined
9479	undefined
9480	undefined
9481	undefined
9482	undefined
9483	undefined
9484	undefined
9485	undefined
9486	undefined
9487	undefined
9488	undefined
9489	undefined
9490	undefined
9491	undefined
9492	undefined
9493	undefined
9494	undefined
9495	undefined
9496	undefined
9497	undefined
9498	undefined
9499	undefined
9500	undefined
9501	undefined
9502	undefined
9503	undefined
9504	undefined
9505	undefined
9506	undefined
9507	undefined
9508	undefined
9509	undefined
9510	undefined
9511	undefined
9512	undefined
9513	undefined
9514	undefined
9515	undefined
9516	undefined
9517	undefined
9518	undefined
9519	undefined
9520	undefined
9521	undefined
9522	undefined
9523	undefined
9524	undefined
9525	undefined
9526	undefined
9527	undefined
9528	undefined
9529	undefined
9530	undefined
9531	undefined
9532	undefined
9533	undefined
9534	undefined
9535	undefined
9536	undefined
9537	undefined
9538	undefined
9539	undefined
9540	undefined
9541	undefined
9542	undefined
9543	undefined
9544	undefined
9545	undefined
9546	undefined
9547	undefined
9548	undefined
9549	undefined
9550	undefined
9551	undefined
9552	undefined
9553	undefined
9554	undefined
9555	undefined
9556	undefined
9557	undefined
9558	undefined
9559	undefined
9560	undefined
9561	undefined
9562	undefined
9563	undefined
9564	undefined
9565	undefined
9566	undefined
9567	undefined
9568	undefined
9569	undefined
9570	undefined
9571	undefined
9572	undefined
9573	undefined
9574	undefined
9575	undefined
9576	undefined
9577	undefined
9578	undefined
9579	undefined
9580	undefined
9581	undefined
9582	undefined
9583	undefined
9584	undefined
9585	undefined
9586	undefined
9587	undefined
9588	undefined
9589	undefined
9590	undefined
9591	undefined
9592	undefined
9593	undefined
9594	undefined
9595	undefined
9596	undefined
9597	undefined
9598	undefined
9599	undefined
9600	undefined
9601	undefined
9602	undefined
9603	undefined
9604	undefined
9605	undefined
9606	undefined
9607	undefined
9608	undefined
9609	undefined
9610	undefined
9611	undefined
9612	undefined
9613	undefined
9614	undefined
9615	undefined
9616	undefined
9617	undefined
9618	undefined
9619	undefined
9620	undefined
9621	undefined
9622	undefined
9623	undefined
9624	undefined
9625	undefined
9626	undefined
9627	undefined
9628	undefined
9629	undefined
9630	undefined
9631	undefined
9632	undefined
9633	undefined
9634	undefined
9635	undefined
9636	undefined
9637	undefined
9638	undefined
9639	undefined
9640	undefined
9641	undefined
9642	undefined
9643	undefined
9644	undefined
9645	undefined
9646	undefined
9647	undefined
9648	undefined
9649	undefined
9650	undefined
9651	undefined
9652	undefined
9653	undefined
9654	undefined
9655	undefined
9656	undefined
9657	undefined
9658	undefined
9659	undefined
9660	undefined
9661	undefined
9662	undefined
9663	undefined
9664	undefined
9665	undefined
9666	undefined
9667	undefined
9668	undefined
9669	undefined
9670	undefined
9671	undefined
9672	undefined
9673	undefined
9674	undefined
9675	undefined
9676	undefined
9677	undefined
9678	undefined
9679	undefined
9680	undefined
9681	undefined
9682	undefined
9683	undefined
9684	undefined
9685	undefined
9686	undefined
9687	undefined
9688	undefined
9689	undefined
9690	undefined
9691	undefined
9692	undefined
9693	undefined
9694	undefined
9695	undefined
9696	undefined
9697	undefined
9698	undefined
9699	undefined
9700	undefined
9701	undefined
9702	undefined
9703	undefined
9704	undefined
9705	undefined
9706	undefined
9707	undefined
9708	undefined
9709	undefined
9710	undefined
9711	undefined
9712	undefined
9713	undefined
9714	undefined
9715	undefined
9716	undefined
9717	undefined
9718	undefined
9719	undefined
9720	undefined
9721	undefined
9722	undefined
9723	undefined
9724	undefined
9725	undefined
9726	undefined
9727	undefined
9728	undefined
9729	undefined
9730	undefined
9731	undefined
9732	undefined
9733	undefined
9734	undefined
9735	undefined
9736	undefined
9737	undefined
9738	undefined
9739	undefined
9740	undefined
9741	undefined
9742	undefined
9743	undefined
9744	undefined
9745	undefined
9746	undefined
9747	undefined
9748	undefined
9749	undefined
9750	undefined
9751	undefined
9752	undefined
9753	undefined
9754	undefined
9755	undefined
9756	undefined
9757	undefined
9758	undefined
9759	undefined
9760	undefined
9761	undefined
9762	undefined
9763	undefined
9764	undefined
9765	undefined
9766	undefined
9767	undefined
9768	undefined
9769	undefined
9770	undefined
9771	undefined
9772	undefined
9773	undefined
9774	undefined
9775	undefined
9776	undefined
9777	undefined
9778	undefined
9779	undefined
9780	undefined
9781	undefined
9782	undefined
9783	undefined
9784	undefined
9785	undefined
9786	undefined
9787	undefined
9788	undefined
9789	undefined
9790	undefined
9791	undefined
9792	undefined
9793	undefined
9794	undefined
9795	undefined
9796	undefined
9797	undefined
9798	undefined
9799	undefined
9800	undefined
9801	undefined
9802	undefined
9803	undefined
9804	undefined
9805	undefined
9806	undefined
9807	undefined
9808	undefined
9809	undefined
9810	undefined
9811	undefined
9812	undefined
9813	undefined
9814	undefined
9815	undefined
9816	undefined
9817	undefined
9818	undefined
9819	undefined
9820	undefined
9821	undefined
9822	undefined
9823	undefined
9824	undefined
9825	undefined
9826	undefined
9827	undefined
9828	undefined
9829	undefined
9830	undefined
9831	undefined
9832	undefined
9833	undefined
9834	undefined
9835	undefined
9836	undefined
9837	undefined
9838	undefined
9839	undefined
9840	undefined
9841	undefined
9842	undefined
9843	undefined
9844	undefined
9845	undefined
9846	undefined
9847	undefined
9848	undefined
9849	undefined
9850	undefined
9851	undefined
9852	undefined
9853	undefined
9854	undefined
9855	undefined
9856	undefined
9857	undefined
9858	undefined
9859	undefined
9860	undefined
9861	undefined
9862	undefined
9863	undefined
9864	undefined
9865	undefined
9866	undefined
9867	undefined
9868	undefined
9869	undefined
9870	undefined
9871	undefined
9872	undefined
9873	undefined
9874	undefined
9875	undefined
9876	undefined
9877	undefined
9878	undefined
9879	undefined
9880	undefined
9881	undefined
9882	undefined
9883	undefined
9884	undefined
9885	undefined
9886	undefined
9887	undefined
9888	undefined
9889	undefined
9890	undefined
9891	undefined
9892	undefined
9893	undefined
9894	undefined
9895	undefined
9896	undefined
9897	undefined
9898	undefined
9899	undefined
9900	undefined
9901	undefined
9902	undefined
9903	undefined
9904	undefined
9905	undefined
9906	undefined
9907	undefined
9908	undefined
9909	undefined
9910	undefined
9911	undefined
9912	undefined
9913	undefined
9914	undefined
9915	undefined
9916	undefined
9917	undefined
9918	undefined
9919	undefined
9920	undefined
9921	undefined
9922	undefined
9923	undefined
9924	undefined
9925	undefined
9926	undefined
9927	undefined
9928	undefined
9929	undefined
9930	undefined
9931	undefined
9932	undefined
9933	undefined
9934	undefined
9935	undefined
9936	undefined
9937	undefined
9938	undefined
9939	undefined
9940	undefined
9941	undefined
9942	undefined
9943	undefined
9944	undefined
9945	undefined
9946	undefined
9947	undefined
9948	undefined
9949	undefined
9950	undefined
9951	undefined
9952	undefined
9953	undefined
9954	undefined
9955	undefined
9956	undefined
9957	undefined
9958	undefined
9959	undefined
9960	undefined
9961	undefined
9962	undefined
9963	undefined
9964	undefined
9965	undefined
9966	undefined
9967	undefined
9968	undefined
9969	undefined
9970	undefined
9971	undefined
9972	undefined
9973	undefined
9974	undefined
9975	undefined
9976	undefined
9977	undefined
9978	undefined
9979	undefined
9980	undefined
9981	undefined
9982	undefined
9983	undefined
9984	undefined
9985	undefined
9986	undefined
9987	undefined
9988	undefined
9989	undefined
9990	undefined
9991	undefined
9992	undefined
9993	undefined
9994	undefined
9995	undefined
9996	undefined
9997	undefined
9998	undefined
9999	undefined
10000	undefined
10001	undefined
10002	undefined
10003	undefined
10004	undefined
10005	undefined
10006	undefined
10007	undefined
10008	undefined
10009	undefined
10010	undefined
10011	undefined
10012	undefined
10013	undefined
10014	undefined
10015	undefined
10016	undefined
10017	undefined
10018	undefined
10019	undefined
10020	undefined
10021	undefined
10022	undefined
10023	undefined
10024	undefined
10025	undefined
10026	undefined
10027	undefined
10028	undefined
10029	undefined
10030	undefined
10031	undefined
10032	undefined
10033	undefined
10034	undefined
10035	undefined
10036	undefined
10037	undefined
10038	undefined
10039	undefined
10040	undefined
10041	undefined
10042	undefined
10043	undefined
10044	undefined
10045	undefined
10046	undefined
10047	undefined
10048	undefined
10049	undefined
10050	undefined
10051	undefined
10052	undefined
10053	undefined
10054	undefined
10055	undefined
10056	undefined
10057	undefined
10058	undefined
10059	undefined
10060	undefined
10061	undefined
10062	undefined
10063	undefined
10064	undefined
10065	undefined
10066	undefined
10067	undefined
10068	undefined
10069	undefined
10070	undefined
10071	undefined
10072	undefined
10073	undefined
10074	undefined
10075	undefined
10076	undefined
10077	undefined
10078	undefined
10079	undefined
10080	undefined
10081	undefined
10082	undefined
10083	undefined
10084	undefined
10085	undefined
10086	undefined
10087	undefined
10088	undefined
10089	undefined
10090	undefined
10091	undefined
10092	undefined
10093	undefined
10094	undefined
10095	undefined
10096	undefined
10097	undefined
10098	undefined
10099	undefined
10100	undefined
10101	undefined
10102	undefined
10103	undefined
10104	undefined
10105	undefined
10106	undefined
10107	undefined
10108	undefined
10109	undefined
10110	undefined
10111	undefined
10112	undefined
10113	undefined
10114	undefined
10115	undefined
10116	undefined
10117	undefined
10118	undefined
10119	undefined
10120	undefined
10121	undefined
10122	undefined
10123	undefined
10124	undefined
10125	undefined
10126	undefined
10127	undefined
10128	undefined
10129	undefined
10130	undefined
10131	undefined
10132	undefined
10133	undefined
10134	undefined
10135	undefined
10136	undefined
10137	undefined
10138	undefined
10139	undefined
10140	undefined
10141	undefined
10142	undefined
10143	undefined
10144	undefined
10145	undefined
10146	undefined
10147	undefined
10148	undefined
10149	undefined
10150	undefined
10151	undefined
10152	undefined
10153	undefined
10154	undefined
10155	undefined
10156	undefined
10157	undefined
10158	undefined
10159	undefined
10160	undefined
10161	undefined
10162	undefined
10163	undefined
10164	undefined
10165	undefined
10166	undefined
10167	undefined
10168	undefined
10169	undefined
10170	undefined
10171	undefined
10172	undefined
10173	undefined
10174	undefined
10175	undefined
10176	undefined
10177	undefined
10178	undefined
10179	undefined
10180	undefined
10181	undefined
10182	undefined
10183	undefined
10184	undefined
10185	undefined
10186	undefined
10187	undefined
10188	undefined
10189	undefined
10190	undefined
10191	undefined
10192	undefined
10193	undefined
10194	undefined
10195	undefined
10196	undefined
10197	undefined
10198	undefined
10199	undefined
10200	undefined
10201	undefined
10202	undefined
10203	undefined
10204	undefined
10205	undefined
10206	undefined
10207	undefined
10208	undefined
10209	undefined
10210	undefined
10211	undefined
10212	undefined
10213	undefined
10214	undefined
10215	undefined
10216	undefined
10217	undefined
10218	undefined
10219	undefined
10220	undefined
10221	undefined
10222	undefined
10223	undefined
10224	undefined
10225	undefined
10226	undefined
10227	undefined
10228	undefined
10229	undefined
10230	undefined
10231	undefined
10232	undefined
10233	undefined
10234	undefined
10235	undefined
10236	undefined
10237	undefined
10238	undefined
10239	undefined
10240	undefined
10241	undefined
10242	undefined
10243	undefined
10244	undefined
10245	undefined
10246	undefined
10247	undefined
10248	undefined
10249	undefined
10250	undefined
10251	undefined
10252	undefined
10253	undefined
10254	undefined
10255	undefined
10256	undefined
10257	undefined
10258	undefined
10259	undefined
10260	undefined
10261	undefined
10262	undefined
10263	undefined
10264	undefined
10265	undefined
10266	undefined
10267	undefined
10268	undefined
10269	undefined
10270	undefined
10271	undefined
10272	undefined
10273	undefined
10274	undefined
10275	undefined
10276	undefined
10277	undefined
10278	undefined
10279	undefined
10280	undefined
10281	undefined
10282	undefined
10283	undefined
10284	undefined
10285	undefined
10286	undefined
10287	undefined
10288	undefined
10289	undefined
10290	undefined
10291	undefined
10292	undefined
10293	undefined
10294	undefined
10295	undefined
10296	undefined
10297	undefined
10298	undefined
10299	undefined
10300	undefined
10301	undefined
10302	undefined
10303	undefined
10304	undefined
10305	undefined
10306	undefined
10307	undefined
10308	undefined
10309	undefined
10310	undefined
10311	undefined
10312	undefined
10313	undefined
10314	undefined
10315	undefined
10316	undefined
10317	undefined
10318	undefined
10319	undefined
10320	undefined
10321	undefined
10322	undefined
10323	undefined
10324	undefined
10325	undefined
10326	undefined
10327	undefined
10328	undefined
10329	undefined
10330	undefined
10331	undefined
10332	undefined
10333	undefined
10334	undefined
10335	undefined
10336	undefined
10337	undefined
10338	undefined
10339	undefined
10340	undefined
10341	undefined
10342	undefined
10343	undefined
10344	undefined
10345	undefined
10346	undefined
10347	undefined
10348	undefined
10349	undefined
10350	undefined
10351	undefined
10352	undefined
10353	undefined
10354	undefined
10355	undefined
10356	undefined
10357	undefined
10358	undefined
10359	undefined
10360	undefined
10361	undefined
10362	undefined
10363	undefined
10364	undefined
10365	undefined
10366	undefined
10367	undefined
10368	undefined
10369	undefined
10370	undefined
10371	undefined
10372	undefined
10373	undefined
10374	undefined
10375	undefined
10376	undefined
10377	undefined
10378	undefined
10379	undefined
10380	undefined
10381	undefined
10382	undefined
10383	undefined
10384	undefined
10385	undefined
10386	undefined
10387	undefined
10388	undefined
10389	undefined
10390	undefined
10391	undefined
10392	undefined
10393	undefined
10394	undefined
10395	undefined
10396	undefined
10397	undefined
10398	undefined
10399	undefined
10400	undefined
10401	undefined
10402	undefined
10403	undefined
10404	undefined
10405	undefined
10406	undefined
10407	undefined
10408	undefined
10409	undefined
10410	undefined
10411	undefined
10412	undefined
10413	undefined
10414	undefined
10415	undefined
10416	undefined
10417	undefined
10418	undefined
10419	undefined
10420	undefined
10421	undefined
10422	undefined
10423	undefined
10424	undefined
10425	undefined
10426	undefined
10427	undefined
10428	undefined
10429	undefined
10430	undefined
10431	undefined
10432	undefined
10433	undefined
10434	undefined
10435	undefined
10436	undefined
10437	undefined
10438	undefined
10439	undefined
10440	undefined
10441	undefined
10442	undefined
10443	undefined
10444	undefined
10445	undefined
10446	undefined
10447	undefined
10448	undefined
10449	undefined
10450	undefined
10451	undefined
10452	undefined
10453	undefined
10454	undefined
10455	undefined
10456	undefined
10457	undefined
10458	undefined
10459	undefined
10460	undefined
10461	undefined
10462	undefined
10463	undefined
10464	undefined
10465	undefined
10466	undefined
10467	undefined
10468	undefined
10469	undefined
10470	undefined
10471	undefined
10472	undefined
10473	undefined
10474	undefined
10475	undefined
10476	undefined
10477	undefined
10478	undefined
10479	undefined
10480	undefined
10481	undefined
10482	undefined
10483	undefined
10484	undefined
10485	undefined
10486	undefined
10487	undefined
10488	undefined
10489	undefined
10490	undefined
10491	undefined
10492	undefined
10493	undefined
10494	undefined
10495	undefined
10496	undefined
10497	undefined
10498	undefined
10499	undefined
10500	undefined
10501	undefined
10502	undefined
10503	undefined
10504	undefined
10505	undefined
10506	undefined
10507	undefined
10508	undefined
10509	undefined
10510	undefined
10511	undefined
10512	undefined
10513	undefined
10514	undefined
10515	undefined
10516	undefined
10517	undefined
10518	undefined
10519	undefined
10520	undefined
10521	undefined
10522	undefined
10523	undefined
10524	undefined
10525	undefined
10526	undefined
10527	undefined
10528	undefined
10529	undefined
10530	undefined
10531	undefined
10532	undefined
10533	undefined
10534	undefined
10535	undefined
10536	undefined
10537	undefined
10538	undefined
10539	undefined
10540	undefined
10541	undefined
10542	undefined
10543	undefined
10544	undefined
10545	undefined
10546	undefined
10547	undefined
10548	undefined
10549	undefined
10550	undefined
10551	undefined
10552	undefined
10553	undefined
10554	undefined
10555	undefined
10556	undefined
10557	undefined
10558	undefined
10559	undefined
10560	undefined
10561	undefined
10562	undefined
10563	undefined
10564	undefined
10565	undefined
10566	undefined
10567	undefined
10568	undefined
10569	undefined
10570	undefined
10571	undefined
10572	undefined
10573	undefined
10574	undefined
10575	undefined
10576	undefined
10577	undefined
10578	undefined
10579	undefined
10580	undefined
10581	undefined
10582	undefined
10583	undefined
10584	undefined
10585	undefined
10586	undefined
10587	undefined
10588	undefined
10589	undefined
10590	undefined
10591	undefined
10592	undefined
10593	undefined
10594	undefined
10595	undefined
10596	undefined
10597	undefined
10598	undefined
10599	undefined
10600	undefined
10601	undefined
10602	undefined
10603	undefined
10604	undefined
10605	undefined
10606	undefined
10607	undefined
10608	undefined
10609	undefined
10610	undefined
10611	undefined
10612	undefined
10613	undefined
10614	undefined
10615	undefined
10616	undefined
10617	undefined
10618	undefined
10619	undefined
10620	undefined
10621	undefined
10622	undefined
10623	undefined
10624	undefined
10625	undefined
10626	undefined
10627	undefined
10628	undefined
10629	undefined
10630	undefined
10631	undefined
10632	undefined
10633	undefined
10634	undefined
10635	undefined
10636	undefined
10637	undefined
10638	undefined
10639	undefined
10640	undefined
10641	undefined
10642	undefined
10643	undefined
10644	undefined
10645	undefined
10646	undefined
10647	undefined
10648	undefined
10649	undefined
10650	undefined
10651	undefined
10652	undefined
10653	undefined
10654	undefined
10655	undefined
10656	undefined
10657	undefined
10658	undefined
10659	undefined
10660	undefined
10661	undefined
10662	undefined
10663	undefined
10664	undefined
10665	undefined
10666	undefined
10667	undefined
10668	undefined
10669	undefined
10670	undefined
10671	undefined
10672	undefined
10673	undefined
10674	undefined
10675	undefined
10676	undefined
10677	undefined
10678	undefined
10679	undefined
10680	undefined
10681	undefined
10682	undefined
10683	undefined
10684	undefined
10685	undefined
10686	undefined
10687	undefined
10688	undefined
10689	undefined
10690	undefined
10691	undefined
10692	undefined
10693	undefined
10694	undefined
10695	undefined
10696	undefined
10697	undefined
10698	undefined
10699	undefined
10700	undefined
10701	undefined
10702	undefined
10703	undefined
10704	undefined
10705	undefined
10706	undefined
10707	undefined
10708	undefined
10709	undefined
10710	undefined
10711	undefined
10712	undefined
10713	undefined
10714	undefined
10715	undefined
10716	undefined
10717	undefined
10718	undefined
10719	undefined
10720	undefined
10721	undefined
10722	undefined
10723	undefined
10724	undefined
10725	undefined
10726	undefined
10727	undefined
10728	undefined
10729	undefined
10730	undefined
10731	undefined
10732	undefined
10733	undefined
10734	undefined
10735	undefined
10736	undefined
10737	undefined
10738	undefined
10739	undefined
10740	undefined
10741	undefined
10742	undefined
10743	undefined
10744	undefined
10745	undefined
10746	undefined
10747	undefined
10748	undefined
10749	undefined
10750	undefined
10751	undefined
10752	undefined
10753	undefined
10754	undefined
10755	undefined
10756	undefined
10757	undefined
10758	undefined
10759	undefined
10760	undefined
10761	undefined
10762	undefined
10763	undefined
10764	undefined
10765	undefined
10766	undefined
10767	undefined
10768	undefined
10769	undefined
10770	undefined
10771	undefined
10772	undefined
10773	undefined
10774	undefined
10775	undefined
10776	undefined
10777	undefined
10778	undefined
10779	undefined
10780	undefined
10781	undefined
10782	undefined
10783	undefined
10784	undefined
10785	undefined
10786	undefined
10787	undefined
10788	undefined
10789	undefined
10790	undefined
10791	undefined
10792	undefined
10793	undefined
10794	undefined
10795	undefined
10796	undefined
10797	undefined
10798	undefined
10799	undefined
10800	undefined
10801	undefined
10802	undefined
10803	undefined
10804	undefined
10805	undefined
10806	undefined
10807	undefined
10808	undefined
10809	undefined
10810	undefined
10811	undefined
10812	undefined
10813	undefined
10814	undefined
10815	undefined
10816	undefined
10817	undefined
10818	undefined
10819	undefined
10820	undefined
10821	undefined
10822	undefined
10823	undefined
10824	undefined
10825	undefined
10826	undefined
10827	undefined
10828	undefined
10829	undefined
10830	undefined
10831	undefined
10832	undefined
10833	undefined
10834	undefined
10835	undefined
10836	undefined
10837	undefined
10838	undefined
10839	undefined
10840	undefined
10841	undefined
10842	undefined
10843	undefined
10844	undefined
10845	undefined
10846	undefined
10847	undefined
10848	undefined
10849	undefined
10850	undefined
10851	undefined
10852	undefined
10853	undefined
10854	undefined
10855	undefined
10856	undefined
10857	undefined
10858	undefined
10859	undefined
10860	undefined
10861	undefined
10862	undefined
10863	undefined
10864	undefined
10865	undefined
10866	undefined
10867	undefined
10868	undefined
10869	undefined
10870	undefined
10871	undefined
10872	undefined
10873	undefined
10874	undefined
10875	undefined
10876	undefined
10877	undefined
10878	undefined
10879	undefined
10880	undefined
10881	undefined
10882	undefined
10883	undefined
10884	undefined
10885	undefined
10886	undefined
10887	undefined
10888	undefined
10889	undefined
10890	undefined
10891	undefined
10892	undefined
10893	undefined
10894	undefined
10895	undefined
10896	undefined
10897	undefined
10898	undefined
10899	undefined
10900	undefined
10901	undefined
10902	undefined
10903	undefined
10904	undefined
10905	undefined
10906	undefined
10907	undefined
10908	undefined
10909	undefined
10910	undefined
10911	undefined
10912	undefined
10913	undefined
10914	undefined
10915	undefined
10916	undefined
10917	undefined
10918	undefined
10919	undefined
10920	undefined
10921	undefined
10922	undefined
10923	undefined
10924	undefined
10925	undefined
10926	undefined
10927	undefined
10928	undefined
10929	undefined
10930	undefined
10931	undefined
10932	undefined
10933	undefined
10934	undefined
10935	undefined
10936	undefined
10937	undefined
10938	undefined
10939	undefined
10940	undefined
10941	undefined
10942	undefined
10943	undefined
10944	undefined
10945	undefined
10946	undefined
10947	undefined
10948	undefined
10949	undefined
10950	undefined
10951	undefined
10952	undefined
10953	undefined
10954	undefined
10955	undefined
10956	undefined
10957	undefined
10958	undefined
10959	undefined
10960	undefined
10961	undefined
10962	undefined
10963	undefined
10964	undefined
10965	undefined
10966	undefined
10967	undefined
10968	undefined
10969	undefined
10970	undefined
10971	undefined
10972	undefined
10973	undefined
10974	undefined
10975	undefined
10976	undefined
10977	undefined
10978	undefined
10979	undefined
10980	undefined
10981	undefined
10982	undefined
10983	undefined
10984	undefined
10985	undefined
10986	undefined
10987	undefined
10988	undefined
10989	undefined
10990	undefined
10991	undefined
10992	undefined
10993	undefined
10994	undefined
10995	undefined
10996	undefined
10997	undefined
10998	undefined
10999	undefined
11000	undefined
11001	undefined
11002	undefined
11003	undefined
11004	undefined
11005	undefined
11006	undefined
11007	undefined
11008	undefined
11009	undefined
11010	undefined
11011	undefined
11012	undefined
11013	undefined
11014	undefined
11015	undefined
11016	undefined
11017	undefined
11018	undefined
11019	undefined
11020	undefined
11021	undefined
11022	undefined
11023	undefined
11024	undefined
11025	undefined
11026	undefined
11027	undefined
11028	undefined
11029	undefined
11030	undefined
11031	undefined
11032	undefined
11033	undefined
11034	undefined
11035	undefined
11036	undefined
11037	undefined
11038	undefined
11039	undefined
11040	undefined
11041	undefined
11042	undefined
11043	undefined
11044	undefined
11045	undefined
11046	undefined
11047	undefined
11048	undefined
11049	undefined
11050	undefined
11051	undefined
11052	undefined
11053	undefined
11054	undefined
11055	undefined
11056	undefined
11057	undefined
11058	undefined
11059	undefined
11060	undefined
11061	undefined
11062	undefined
11063	undefined
11064	undefined
11065	undefined
11066	undefined
11067	undefined
11068	undefined
11069	undefined
11070	undefined
11071	undefined
11072	undefined
11073	undefined
11074	undefined
11075	undefined
11076	undefined
11077	undefined
11078	undefined
11079	undefined
11080	undefined
11081	undefined
11082	undefined
11083	undefined
11084	undefined
11085	undefined
11086	undefined
11087	undefined
11088	undefined
11089	undefined
11090	undefined
11091	undefined
11092	undefined
11093	undefined
11094	undefined
11095	undefined
11096	undefined
11097	undefined
11098	undefined
11099	undefined
11100	undefined
11101	undefined
11102	undefined
11103	undefined
11104	undefined
11105	undefined
11106	undefined
11107	undefined
11108	undefined
11109	undefined
11110	undefined
11111	undefined
11112	undefined
11113	undefined
11114	undefined
11115	undefined
11116	undefined
11117	undefined
11118	undefined
11119	undefined
11120	undefined
11121	undefined
11122	undefined
11123	undefined
11124	undefined
11125	undefined
11126	undefined
11127	undefined
11128	undefined
11129	undefined
11130	undefined
11131	undefined
11132	undefined
11133	undefined
11134	undefined
11135	undefined
11136	undefined
11137	undefined
11138	undefined
11139	undefined
11140	undefined
11141	undefined
11142	undefined
11143	undefined
11144	undefined
11145	undefined
11146	undefined
11147	undefined
11148	undefined
11149	undefined
11150	undefined
11151	undefined
11152	undefined
11153	undefined
11154	undefined
11155	undefined
11156	undefined
11157	undefined
11158	undefined
11159	undefined
11160	undefined
11161	undefined
11162	undefined
11163	undefined
11164	undefined
11165	undefined
11166	undefined
11167	undefined
11168	undefined
11169	undefined
11170	undefined
11171	undefined
11172	undefined
11173	undefined
11174	undefined
11175	undefined
11176	undefined
11177	undefined
11178	undefined
11179	undefined
11180	undefined
11181	undefined
11182	undefined
11183	undefined
11184	undefined
11185	undefined
11186	undefined
11187	undefined
11188	undefined
11189	undefined
11190	undefined
11191	undefined
11192	undefined
11193	undefined
11194	undefined
11195	undefined
11196	undefined
11197	undefined
11198	undefined
11199	undefined
11200	undefined
11201	undefined
11202	undefined
11203	undefined
11204	undefined
11205	undefined
11206	undefined
11207	undefined
11208	undefined
11209	undefined
11210	undefined
11211	undefined
11212	undefined
11213	undefined
11214	undefined
11215	undefined
11216	undefined
11217	undefined
11218	undefined
11219	undefined
11220	undefined
11221	undefined
11222	undefined
11223	undefined
11224	undefined
11225	undefined
11226	undefined
11227	undefined
11228	undefined
11229	undefined
11230	undefined
11231	undefined
11232	undefined
11233	undefined
11234	undefined
11235	undefined
11236	undefined
11237	undefined
11238	undefined
11239	undefined
11240	undefined
11241	undefined
11242	undefined
11243	undefined
11244	undefined
11245	undefined
11246	undefined
11247	undefined
11248	undefined
11249	undefined
11250	undefined
11251	undefined
11252	undefined
11253	undefined
11254	undefined
11255	undefined
11256	undefined
11257	undefined
11258	undefined
11259	undefined
11260	undefined
11261	undefined
11262	undefined
11263	undefined
11264	undefined
11265	undefined
11266	undefined
11267	undefined
11268	undefined
11269	undefined
11270	undefined
11271	undefined
11272	undefined
11273	undefined
11274	undefined
11275	undefined
11276	undefined
11277	undefined
11278	undefined
11279	undefined
11280	undefined
11281	undefined
11282	undefined
11283	undefined
11284	undefined
11285	undefined
11286	undefined
11287	undefined
11288	undefined
11289	undefined
11290	undefined
11291	undefined
11292	undefined
11293	undefined
11294	undefined
11295	undefined
11296	undefined
11297	undefined
11298	undefined
11299	undefined
11300	undefined
11301	undefined
11302	undefined
11303	undefined
11304	undefined
11305	undefined
11306	undefined
11307	undefined
11308	undefined
11309	undefined
11310	undefined
11311	undefined
11312	undefined
11313	undefined
11314	undefined
11315	undefined
11316	undefined
11317	undefined
11318	undefined
11319	undefined
11320	undefined
11321	undefined
11322	undefined
11323	undefined
11324	undefined
11325	undefined
11326	undefined
11327	undefined
11328	undefined
11329	undefined
11330	undefined
11331	undefined
11332	undefined
11333	undefined
11334	undefined
11335	undefined
11336	undefined
11337	undefined
11338	undefined
11339	undefined
11340	undefined
11341	undefined
11342	undefined
11343	undefined
11344	undefined
11345	undefined
11346	undefined
11347	undefined
11348	undefined
11349	undefined
11350	undefined
11351	undefined
11352	undefined
11353	undefined
11354	undefined
11355	undefined
11356	undefined
11357	undefined
11358	undefined
11359	undefined
11360	undefined
11361	undefined
11362	undefined
11363	undefined
11364	undefined
11365	undefined
11366	undefined
11367	undefined
11368	undefined
11369	undefined
11370	undefined
11371	undefined
11372	undefined
11373	undefined
11374	undefined
11375	undefined
11376	undefined
11377	undefined
11378	undefined
11379	undefined
11380	undefined
11381	undefined
11382	undefined
11383	undefined
11384	undefined
11385	undefined
11386	undefined
11387	undefined
11388	undefined
11389	undefined
11390	undefined
11391	undefined
11392	undefined
11393	undefined
11394	undefined
11395	undefined
11396	undefined
11397	undefined
11398	undefined
11399	undefined
11400	undefined
11401	undefined
11402	undefined
11403	undefined
11404	undefined
11405	undefined
11406	undefined
11407	undefined
11408	undefined
11409	undefined
11410	undefined
11411	undefined
11412	undefined
11413	undefined
11414	undefined
11415	undefined
11416	undefined
11417	undefined
11418	undefined
11419	undefined
11420	undefined
11421	undefined
11422	undefined
11423	undefined
11424	undefined
11425	undefined
11426	undefined
11427	undefined
11428	undefined
11429	undefined
11430	undefined
11431	undefined
11432	undefined
11433	undefined
11434	undefined
11435	undefined
11436	undefined
11437	undefined
11438	undefined
11439	undefined
11440	undefined
11441	undefined
11442	undefined
11443	undefined
11444	undefined
11445	undefined
11446	undefined
11447	undefined
11448	undefined
11449	undefined
11450	undefined
11451	undefined
11452	undefined
11453	undefined
11454	undefined
11455	undefined
11456	undefined
11457	undefined
11458	undefined
11459	undefined
11460	undefined
11461	undefined
11462	undefined
11463	undefined
11464	undefined
11465	undefined
11466	undefined
11467	undefined
11468	undefined
11469	undefined
11470	undefined
11471	undefined
11472	undefined
11473	undefined
11474	undefined
11475	undefined
11476	undefined
11477	undefined
11478	undefined
11479	undefined
11480	undefined
11481	undefined
11482	undefined
11483	undefined
11484	undefined
11485	undefined
11486	undefined
11487	undefined
11488	undefined
11489	undefined
11490	undefined
11491	undefined
11492	undefined
11493	undefined
11494	undefined
11495	undefined
11496	undefined
11497	undefined
11498	undefined
11499	undefined
11500	undefined
11501	undefined
11502	undefined
11503	undefined
11504	undefined
11505	undefined
11506	undefined
11507	undefined
11508	undefined
11509	undefined
11510	undefined
11511	undefined
11512	undefined
11513	undefined
11514	undefined
11515	undefined
11516	undefined
11517	undefined
11518	undefined
11519	undefined
11520	undefined
11521	undefined
11522	undefined
11523	undefined
11524	undefined
11525	undefined
11526	undefined
11527	undefined
11528	undefined
11529	undefined
11530	undefined
11531	undefined
11532	undefined
11533	undefined
11534	undefined
11535	undefined
11536	undefined
11537	undefined
11538	undefined
11539	undefined
11540	undefined
11541	undefined
11542	undefined
11543	undefined
11544	undefined
11545	undefined
11546	undefined
11547	undefined
11548	undefined
11549	undefined
11550	undefined
11551	undefined
11552	undefined
11553	undefined
11554	undefined
11555	undefined
11556	undefined
11557	undefined
11558	undefined
11559	undefined
11560	undefined
11561	undefined
11562	undefined
11563	undefined
11564	undefined
11565	undefined
11566	undefined
11567	undefined
11568	undefined
11569	undefined
11570	undefined
11571	undefined
11572	undefined
11573	undefined
11574	undefined
11575	undefined
11576	undefined
11577	undefined
11578	undefined
11579	undefined
11580	undefined
11581	undefined
11582	undefined
11583	undefined
11584	undefined
11585	undefined
11586	undefined
11587	undefined
11588	undefined
11589	undefined
11590	undefined
11591	undefined
11592	undefined
11593	undefined
11594	undefined
11595	undefined
11596	undefined
11597	undefined
11598	undefined
11599	undefined
11600	undefined
11601	undefined
11602	undefined
11603	undefined
11604	undefined
11605	undefined
11606	undefined
11607	undefined
11608	undefined
11609	undefined
11610	undefined
11611	undefined
11612	undefined
11613	undefined
11614	undefined
11615	undefined
11616	undefined
11617	undefined
11618	undefined
11619	undefined
11620	undefined
11621	undefined
11622	undefined
11623	undefined
11624	undefined
11625	undefined
11626	undefined
11627	undefined
11628	undefined
11629	undefined
11630	undefined
11631	undefined
11632	undefined
11633	undefined
11634	undefined
11635	undefined
11636	undefined
11637	undefined
11638	undefined
11639	undefined
11640	undefined
11641	undefined
11642	undefined
11643	undefined
11644	undefined
11645	undefined
11646	undefined
11647	undefined
11648	undefined
11649	undefined
11650	undefined
11651	undefined
11652	undefined
11653	undefined
11654	undefined
11655	undefined
11656	undefined
11657	undefined
11658	undefined
11659	undefined
11660	undefined
11661	undefined
11662	undefined
11663	undefined
11664	undefined
11665	undefined
11666	undefined
11667	undefined
11668	undefined
11669	undefined
11670	undefined
11671	undefined
11672	undefined
11673	undefined
11674	undefined
11675	undefined
11676	undefined
11677	undefined
11678	undefined
11679	undefined
11680	undefined
11681	undefined
11682	undefined
11683	undefined
11684	undefined
11685	undefined
11686	undefined
11687	undefined
11688	undefined
11689	undefined
11690	undefined
11691	undefined
11692	undefined
11693	undefined
11694	undefined
11695	undefined
11696	undefined
11697	undefined
11698	undefined
11699	undefined
11700	undefined
11701	undefined
11702	undefined
11703	undefined
11704	undefined
11705	undefined
11706	undefined
11707	undefined
11708	undefined
11709	undefined
11710	undefined
11711	undefined
11712	undefined
11713	undefined
11714	undefined
11715	undefined
11716	undefined
11717	undefined
11718	undefined
11719	undefined
11720	undefined
11721	undefined
11722	undefined
11723	undefined
11724	undefined
11725	undefined
11726	undefined
11727	undefined
11728	undefined
11729	undefined
11730	undefined
11731	undefined
11732	undefined
11733	undefined
11734	undefined
11735	undefined
11736	undefined
11737	undefined
11738	undefined
11739	undefined
11740	undefined
11741	undefined
11742	undefined
11743	undefined
11744	undefined
11745	undefined
11746	undefined
11747	undefined
11748	undefined
11749	undefined
11750	undefined
11751	undefined
11752	undefined
11753	undefined
11754	undefined
11755	undefined
11756	undefined
11757	undefined
11758	undefined
11759	undefined
11760	undefined
11761	undefined
11762	undefined
11763	undefined
11764	undefined
11765	undefined
11766	undefined
11767	undefined
11768	undefined
11769	undefined
11770	undefined
11771	undefined
11772	undefined
11773	undefined
11774	undefined
11775	undefined
11776	undefined
11777	undefined
11778	undefined
11779	undefined
11780	undefined
11781	undefined
11782	undefined
11783	undefined
11784	undefined
11785	undefined
11786	undefined
11787	undefined
11788	undefined
11789	undefined
11790	undefined
11791	undefined
11792	undefined
11793	undefined
11794	undefined
11795	undefined
11796	undefined
11797	undefined
11798	undefined
11799	undefined
11800	undefined
11801	undefined
11802	undefined
11803	undefined
11804	undefined
11805	undefined
11806	undefined
11807	undefined
11808	undefined
11809	undefined
11810	undefined
11811	undefined
11812	undefined
11813	undefined
11814	undefined
11815	undefined
11816	undefined
11817	undefined
11818	undefined
11819	undefined
11820	undefined
11821	undefined
11822	undefined
11823	undefined
11824	undefined
11825	undefined
11826	undefined
11827	undefined
11828	undefined
11829	undefined
11830	undefined
11831	undefined
11832	undefined
11833	undefined
11834	undefined
11835	undefined
11836	undefined
11837	undefined
11838	undefined
11839	undefined
11840	undefined
11841	undefined
11842	undefined
11843	undefined
11844	undefined
11845	undefined
11846	undefined
11847	undefined
11848	undefined
11849	undefined
11850	undefined
11851	undefined
11852	undefined
11853	undefined
11854	undefined
11855	undefined
11856	undefined
11857	undefined
11858	undefined
11859	undefined
11860	undefined
11861	undefined
11862	undefined
11863	undefined
11864	undefined
11865	undefined
11866	undefined
11867	undefined
11868	undefined
11869	undefined
11870	undefined
11871	undefined
11872	undefined
11873	undefined
11874	undefined
11875	undefined
11876	undefined
11877	undefined
11878	undefined
11879	undefined
11880	undefined
11881	undefined
11882	undefined
11883	undefined
11884	undefined
11885	undefined
11886	undefined
11887	undefined
11888	undefined
11889	undefined
11890	undefined
11891	undefined
11892	undefined
11893	undefined
11894	undefined
11895	undefined
11896	undefined
11897	undefined
11898	undefined
11899	undefined
11900	undefined
11901	undefined
11902	undefined
11903	undefined
11904	undefined
11905	undefined
11906	undefined
11907	undefined
11908	undefined
11909	undefined
11910	undefined
11911	undefined
11912	undefined
11913	undefined
11914	undefined
11915	undefined
11916	undefined
11917	undefined
11918	undefined
11919	undefined
11920	undefined
11921	undefined
11922	undefined
11923	undefined
11924	undefined
11925	undefined
11926	undefined
11927	undefined
11928	undefined
11929	undefined
11930	undefined
11931	undefined
11932	undefined
11933	undefined
11934	undefined
11935	undefined
11936	undefined
11937	undefined
11938	undefined
11939	undefined
11940	undefined
11941	undefined
11942	undefined
11943	undefined
11944	undefined
11945	undefined
11946	undefined
11947	undefined
11948	undefined
11949	undefined
11950	undefined
11951	undefined
11952	undefined
11953	undefined
11954	undefined
11955	undefined
11956	undefined
11957	undefined
11958	undefined
11959	undefined
11960	undefined
11961	undefined
11962	undefined
11963	undefined
11964	undefined
11965	undefined
11966	undefined
11967	undefined
11968	undefined
11969	undefined
11970	undefined
11971	undefined
11972	undefined
11973	undefined
11974	undefined
11975	undefined
11976	undefined
11977	undefined
11978	undefined
11979	undefined
11980	undefined
11981	undefined
11982	undefined
11983	undefined
11984	undefined
11985	undefined
11986	undefined
11987	undefined
11988	undefined
11989	undefined
11990	undefined
11991	undefined
11992	undefined
11993	undefined
11994	undefined
11995	undefined
11996	undefined
11997	undefined
11998	undefined
11999	undefined