0	0000000000000000
1	$_BGS
2	$_DDa
3	iv
4	BlockCipher
5	$_CEL
6	$_DIY
7	encryptBlock
8	$_CDi
9	Encryptor
10	$_CCj
11	 
12	$_DFi
13	pad
14	Pkcs7
15	clamp
16	prototype
17	CBC
18	blockSize
19	$_CAZ
20	max
21	$_DEL
22	call
23	$_EDv
24	lib
25	parse
26	$_BHV
27	min
28	sigBytes
29	createEncryptor
30	splice
31	split
32	$_DHB
33	$_EGr
34	$_DCu
35	reset
36	$_CIQ
37	cfg
38	input
39	hasOwnProperty
40	BlockCipherMode
41	$_ECl
42	$_EER
43	extend
44	mixIn
45	.
46	hidden
47	toString
48	words
49	charCodeAt
50	$_BJL
51	Latin1
52	algo
53	$_DAK
54	Cipher
55	$_DGM
56	智慧檢查中
57	undefined
58	Utf8
59	$_EBg
60	$super
61	create
62	$_EAV
63	processBlock
64	AES
65	format
66	$_CJV
67	push
68	ciphertext
69	div
70	mode
71	length
72	document
73	ceil
74	init
75	concat
76	finalize
77	$_CFb
78	$_EFy
79	slice
80	apply
81	Geetest requires a window with a document
82	i18n_labels
83	padding
84	Base
85	string
86	輕觸按鈕進行驗證
87	$_CBZ
88	enc
89	$_CGH
90	BufferedBlockAlgorithm
91	SerializableCipher
92	encrypt
93	CipherParams
94	object
95	$_BIs
96	WordArray
97	exports
98	驗證成功
99	$_DBf
100	未完了
101	Geetest
102	網路異常
103	Aceder ao website oficial do Geetest?
104	Kesalahan
105	正在載入驗證
106	공식 Geetest 웹사이트로 이동하시겠습니까?
107	Vous avez réussi
108	頁面出現錯誤啦！欲繼續操作，請重新整理此頁面。
109	통과했습니다
110	문제가 발생했습니다. 확인을 계속하려면 이 페이지를 새로 고침하십시오.
111	再試行
112	Réessayer
113	已驗證
114	Memuat
115	クリックして検証
116	智慧驗證檢查中
117	Tempo limite excedido
118	Ada masalah. Segarkan halaman ini untuk melanjutkan verifikasi.
119	미완료
120	클릭하여 확인
121	Batal
122	Повтор
123	Подтверждено
124	前往
125	Geetestの公式ウェブサイトに移動しますか？
126	غير مكتمل
127	Reintentar
128	Error
129	Отмена
130	خطأ
131	시간 만료
132	Aprobado
133	Klik untuk memverifikasi
135	오류
136	Нажмите для подтверждения
137	Не выполнено
138	Tentar novamente
139	취소
140	A carregar
141	확인
142	Waktu tunggu habis
143	網路逾時
144	확인 중
145	جارِ التحقق
146	キャンセル
147	Ocorreu um erro. Atualize esta página para continuar a verificar.
148	Cancelar
149	Hacer clic para comprobar
150	Coba lagi
151	OK
152	جارٍ التحقق
153	請輕觸重試
154	¿Ir al sitio web oficial de Geetest?
155	Cliquer pour vérifier
156	Clique para verificar
157	Incompleto
158	Тайм-аут
159	Erro
160	取消
161	Memverifikasi
162	A verificar
163	Vérification en cours.
164	Comprobando
165	エラー。検証を続行するには、このページを更新してください。
166	انتهت المهلة
167	検証中
168	請完成驗證
169	エラー
170	إعادة المحاولة
171	Annuler
172	로딩 중
173	Fin del tiempo de espera
174	読み込み中
175	Ошибка. Обновите эту страницу для завершения процесса подтверждения.
176	إلغاء
177	Ошибка
178	Aceptar
179	Перейти на официальный веб-сайт Geetest?
180	Aprovado
181	Загрузка
182	재시도
183	Подтверждение
184	موافق
185	Aller au site Internet officiel Geetest ?
186	حدثت مشكلة ما. قم بتحديث محتوى الصفحة لمتابعة عملية التحقق.
187	タイムアウト
188	合格
189	Sin completar
190	是否前往驗證服務 Geetest 官網
191	Buka situs web Geetest resmi?
192	Incomplet
193	هل تريد الانتقال إلى موقع Geetest الرسمي؟
194	Belum selesai
195	Cargando
196	أكملت العملية بنجاح
197	انقر لإتمام التحقق
198	Anda lulus
199	Chargement en cours
200	ko
201	由极验提供技术支持
202	Abbrechen
203	智能驗證檢測中
204	頁面出現錯誤啦！要繼續操作，請刷新此頁面。
205	appName
206	px
207	Zeitüberschreitung
208	Click to pass
209	getTime
210	通过验证
211	id
212	fr
213	网络故障
214	language
215	getFullYear
216	Succeeded
217	點擊按鈕進行驗證
218	Bestanden
219	通過驗證
220	toFixed
221	valueOf
222	offline
223	Click to retry
224	是否前往驗證服務Geetest官網？
225	hans
226	substr
227	智能验证检测中
228	:
229	智能檢測中
230	Network timeout
231	function
232	Detecting
233	請點擊此處重試
234	zh
235	zh-cn
236	是否前往验证服务Geetest官网？
237	Nicht abgeschlossen
238	trim
240	Délai expiré
241	Überprüfung
242	toLowerCase
243	Success
244	lang
245	Provided by Geetest
246	zh-tw
247	網絡故障
248	An error occured. Please refresh and try again!
249	Going to Geetest（verification service provider）？
250	Fehler
251	getMonth
252	en
253	userLanguage
254	ja
255	請點擊重試
256	網絡超時
257	random
258	正在加载验证
259	getHours
260	Netscape
261	Cancel
262	Network failure
263	getDate
264	Etwas ist schiefgelaufen. Seite aktualisieren, um die Überprüfung fortzusetzen.
265	请点击重试
266	es
267	Loading
268	replace
269	getMinutes
270	-
271	Erreur
272	index
273	ar
274	页面出现错误啦！要继续操作，请刷新此页面。
275	Zur offiziellen Geetest Website navigieren?
276	由極驗提供技術支持
277	Erneut versuchen
278	验证成功
279	hant
280	Klicken zum Überprüfen
281	Yes
282	请完成验证
284	ru
285	next
286	getSeconds
287	正在加載驗證
288	请点击此处重试
289	0
290	tw
291	Wird geladen…
292	de
293	智能检测中
294	$_EHE
295	zh-hk
296	Please finish it
297	pt-pt
298	点击按钮进行验证
299	网络超时
300	complete
301	验证的js地址无法加载
302	error_115
303	error_112
304	error_106
305	GeetestError
306	服务端forbidden： 请联系极验官网客服
307	传给bindForm接口的参数有误：只接受id选择器和DOM元素，并且需保证其存在于页面中
308	./usercallback/
309	验证图片加载失败：1.请保持网络畅通；2.请联系极验官网客服
310	error
311	/get.php请求报错：1.请保持网络畅通；2.检查初始化时传入的配置参数gt和challenge
312	apiserver
313	stylesheet
314	error_101
315	challenge
316	配置参数gt有误：请检查初始化时传入的配置参数gt（对应申请时的ID）
317	/ajax.php请求报错：1.请保持网络畅通；2.请联系极验官网客服
318	pt
319	link
320	$_FGs
321	$_FFL
322	error_104
323	boolean
324	$_FCS
325	loaded
326	error_109
327	msg
328	step
329	error_code
330	用户回调函数执行异常
331	user_error
332	error_105
333	配置錯誤
334	error_114
335	$_FHo
336	/
337	readyState
338	?
339	js
340	detail
341	配置错误
342	geetest_
343	无此类错误类型
344	$_FAA
345	$_FEq
346	api_server
347	传给appendTo接口的参数有误：只接受id选择器和DOM元素，并且需保证其存在于页面中
348	/refresh.php请求报错：1.请保持网络畅通；2.刷新次数本身有限制（10次以内），超过限制请刷新整个页面再试
349	: 
350	传给bindOn接口的参数有误：只接受id选择器和DOM元素，并且需保证其存在于页面中
351	audio
352	语音文件加载失败：1.请保持网络畅通；2.请联系极验官网客服
353	网络不给力
354	error_107
355	unknown
356	-cn
357	error_108
358	anonymous
359	error_110
360	-tw
361	$_EIc
362	配置参数area有误：只接受id选择器和DOM元素，并且需保证其存在于页面中
363	type
364	callback
365	验证的js地址不存在
366	網絡不給力
367	error_111
368	/reset.php请求报错：1.请保持网络畅通；2.请联系极验官网客服
369	&
370	hk
371	皮肤加载失败：1.请保持网络畅通；2.请联系极验官网客服
372	timeout
373	error_100
374	img
375	a
376	ip
377	error_117
378	error_113
379	gt
380	post
381	api_server_v3
382	css
383	error_116
384	604
385	=
386	Configuration Error
387	$_EJN
388	code
389	$_FDw
390	protocol
391	initGeetest里面的gt或者challenge参数缺少: 请检查初始化参数
392	UserCallBackError
393	$_FBA
394	error_103
395	number
396	indexOf
397	error_118
398	error_102
399	传给各回调的参数不是函数类型：请传入函数类型参数
400	getElementsByTagName
401	navigator
402	onunhandledrejection
403	UTF-8
404	getContext
405	onreadystatechange
406	$_GGH
407	jscrambler
408	onload
409	removeEventListener
410	open
411	2d
412	crypto
413	onerror
414	POST
415	style
416	attachEvent
417	detachEvent
418	end
419	$_GCC
420	nextBytes
421	$_GAF
422	fromNumber
423	application/json
424	JSON
425	3
426	script
427	y
428	mousemove
429	monitor.geetest.com
430	Accept
431	$_GFq
432	mozTransition
433	charAt
434	setRequestHeader
435	$_HBZ
436	clearTimeout
437	Start
438	stack
439	$_FIw
440	transition
441	userAgent
442	body
443	onmousemove
444	GeeChallenge
445	status: 
446	XMLHttpRequest
447	compatMode
448	message
449	Android
450	602
451	//
452	$_GE_
453	https://monitor.geetest.com/monitor/send
454	location
455	/monitor/send
456	fromCharCode
457	stringify
458	Content-Type
459	i
460	status
461	canvas
462	603
463	unhandledrejection
464	webkitTransition
465	GeeGT
466	$_HFz
467	ontimeout
468	ABCDEFGHIJKLMNOPQRSTUVWXYZabcdefghijklmnopqrstuvwxyz0123456789()
469	documentElement
470	filename
471	$_GBn
472	getRandomValues
473	$_GHU
474	send
475	

476	test
477	XDomainRequest
478	msTransition
479	End
480	monitor.geetest.com/monitor/send
481	x
482	err002
483	withCredentials
484	text/plain;charset=utf-8
485	res
486	floor
487	$_GDn
488	createElement
489	j
490	$_HAA
491	addEventListener
492	setTimeout
493	err001
494	head
495	$_HGf
496	responseText
497	$_HCB
498	S
499	$_GJ_
500	user_callback
501	each
502	drShiftTo
503	revert
504	am
505	$_BAAk
506	abs
507	doPublic
508	mulTo
509	dlShiftTo
510	setPublic
511	debug
512	$_IIs
513	um
514	compareTo
515	pow
516	$_IJn
517	fromString
518	e
519	modPowInt
520	s
521	$_IGv
522	mpl
523	PENDING
524	race
525	mp
526	$_JBp
527	$_IHl
528	$_IAN
529	$_JDi
530	subTo
531	$_JC_
532	REJECTED
533	shell
534	lShiftTo
535	multiplyTo
536	reduce
537	dmp1
538	$_ICa
539	t
540	DM
541	exp
542	n
543	isEven
544	negate
545	noConflict
546	$_ID_
547	then
548	DB
549	0123456789abcdefghijklmnopqrstuvwxyz
550	dequeue
551	mt2
552	$_IBc
553	$_IFj
554	isEmpty
555	ZERO
556	F1
557	$_JEb
558	FV
559	10001
560	mph
561	fromRadix
562	Microsoft Internet Explorer
563	queue is empty
564	d
565	enqueue
566	$_JFp
567	$_JJU
568	copyTo
569	invDigit
570	divRemTo
571	fromInt
572	ele
573	p
574	A
575	Message too long for RSA
576	squareTo
577	slide
578	sqrTo
579	q
580	all
581	m
582	$_JAn
583	rShiftTo
584	$_BACy
585	bitLength
587	RESOLVED
588	convert
589	DV
590	dmq1
591	clear
592	ONE
593	F2
594	Invalid RSA public key
595	coeff
596	toRadix
597	$_IEL
598	mod
599	$_HJT
600	left
601	setAttribute
602	djflasu
603	sc
604	si
605	[object Array]
606	re
607	$_BCJA
608	ZLmcfl_
609	className
610	unload
611	forEach
612	click
613	removeChild
614	touchcancel
615	$_BAFP
616	_p
617	insertBefore
618	on
619	substring
620	pointerup
621	tagName
622	$_BAEW
623	ek
624	focus
625	ph
626	width
627	toLocaleLowerCase
628	keyup
629	$_BAIA
630	_
631	focusin
632	beforeunload
633	webdriver
634	removeAttribute
635	_nig
636	none
637	isArray
638	children
639	mouseenter
640	description
641	line
642	blur
643	join
644	height
645	getPrototypeOf
646	fileName
647	block
648	wd
649	MSPointerDown
650	mousedown
651	htma
652	get
653	topfhvc
654	$_BCFn
655	bottom
656	resize
657	cp
658	pageshow
659	$_BDAd
660	constructor
661	appendChild
662	value
663	pointerdown
664	$_sTyyle
665	fn
666	keydown
667	$cdc_as
668	touchend
669	callP
670	getAttribute
671	top
672	ended
673	MSPointerMove
674	$_BCEJ
675	innerHTML
676	nt
677	scroll
678	mouseup
679	$_BAHY
680	sourceURL
681	column
682	mouseleave
683	hantom
684	$_DJL
685	$_JIQ
686	filter
687	$_BADN
688	touchstart
689	getOwnPropertyDescriptor
690	pointermove
691	map
692	MSPointerUp
693	$_BBDX
694	getBoundingClientRect
695	right
696	Number
697	touchmove
698	$_BDCE
699	parentNode
700	delegate
701	[
702	getUTCSeconds
703	\t
704	\u
705	completed
706	getUTCDate
707	scrollTop
708	getPropertyValue
709	getUTCHours
710	done
711	throw
712	,
713	arg
714	getUTCFullYear
715	$_BFCh
716	currentStyle
717	clientY
718	]
719	}
720	play
721	sandbox
722	\\
723	clientX
724	$
725	getComputedStyle
726	cancelable
727	"
728	return
729	ELEMENT_NODE
730	pageXOffset
731	toStringTag
732	{
733	styleSheet
734	[

735	pageYOffset
736	JSON.stringify
737	preventDefault
738	href
739	Generator is already running
740	{

741	cssText
742	getUTCMonth
743	T
744	iterator
745	changedTouches
746	0000
747	\r
748	[]
749	getUTCMinutes
750	@@iterator
751	$_BFDP
752	clientLeft
753	suspendedStart
754	toJSON
755	#
756	wrap
757	round
758	\b
759	dispatchException
760	scrollLeft
761	offsetParent
762	sent
763	createTextNode
764	jQuery
765	currentTime
766	visible
767	\f
768	\"
769	null
770	overflow
771	origin_
772	\n
773	$_BBJc
774	normal
775	{}
776	returnValue
777	Z
778	 is not a function
779	pause
780	Argument must be an object, or null
781	outerHTML
782	childNodes
783	lastIndex
784	$_BBEM
785	querySelector
786	this is null or not defined
787	method
788	getElementById
789	@@toStringTag
790	nodeType
791	cloneNode
792	abrupt
793	stopPropagation
794	suspendedYield
795	,

796	clientTop
797	offsetTop
798	offsetLeft
799	executing
800	vip_answer
801	UNMASKED_RENDERER_WEBGL
802	/static/js/worker.
803	navigationStart
804	unloadEventStart
805	postMessage
806	worker_path
807	catchLoc
808	host
809	callPhantom
810	static.geetest.com
811	errorCb
812	experimental-webgl
813	reverse
814	k
815	&mid=
816	$_BFEu
817	root
818	_phantom
819	gt_w_progress_
820	build
821	position
822	values
823	gt_w_done_
824	tryLoc
825	try statement without catch or finally
826	nightmare
827	UNMASKED_VENDOR_WEBGL
828	border
829	static_servers
830	completion
831	break
832	result
833	supportWorker
834	selenium
835	gt_w_error_
836	getParameter
837	/static/html
838	VENDOR
839	absolute
840	RENDERER
841	GeneratorFunction
842	config
843	powclient
844	c
845	finallyLoc
846	gt_w_stop_
847	WEBGL_debug_renderer_info
848	unloadEventEnd
849	Generator
850	readyCb
851	sort
852	vendor
853	SwiftShader
854	prev
855	[object Generator]
856	setPrototypeOf
857	.js
858	getExtension
859	afterLoc
860	$_BFFr
861	contentWindow
862	__nightmare
863	tryEntries
864	data
865	worker_version
866	calculate
867	performance
868	gt_w_start_
869	*
870	/gt-dist/html
871	iframeurl
872	timing
873	illegal catch attempt
874	beforeStart
875	$_BFIe
876	progress
877	puppet
878	rval
879	vip_content
880	keys
881	/iframe.1.0.5.html?w=
882	phantom
883	&t=
884	continue
885	mark
886	w
887	vip_key
888	$_BFGR
889	displayName
890	src
891	stop
892	pop
893	start
894	renderer
895	iframe
896	/static
897	loadCb
898	gt_w_ready_
899	debugConfig
900	down
901	BUTTON
902	$_BHHr
903	$_BHDo
904	mouseEvent
905	requestStart
906	HTMLLength
907	connectEnd
908	$_BGAm
909	ASIDE
910	SPAN
911	$_HDl
912	posY
913	$_BGEr
914	$_BGIU
915	$_BGDG
916	$_BIFV
917	screenAvailLeft
918	TABLE
919	$_JGb
920	()*,-./0123456789:?@ABCDEFGHIJKLMNOPQRSTUVWXYZ_abcdefghijklmnopqrstuvwxyz~
921	redirectStart
922	SELECT
923	$_BHA_
924	LABEL
925	domContentLoadedEventStart
926	mouse
927	documentMode
928	NAV
929	IFRAME
930	INPUT
931	BASE
932	STYLE
933	$_BGCU
934	$_BHCf
935	$_BIIm
936	textLength
937	$_BGHv
938	LINK
939	fetchStart
940	parseInt
941	domainLookupStart
942	$_BGJf
943	TEXTAREA
944	$_BFJI
945	LI
946	CANVAS
947	secureConnectionStart
948	$_BEJr
949	IMG
950	OL
951	1
952	$_BDBu
953	domainLookupEnd
954	CODE
955	pointer
956	VIDEO
957	ARTICLE
958	P
959	$_BGBk
960	touchEvent
961	touch
962	DIV
963	$_BEIx
964	log
965	responseEnd
966	SOURCE
967	domLoading
968	redirectEnd
969	posX
970	screenLeft
971	$_BGGo
972	domInteractive
973	connectStart
974	PICTURE
975	PRE
976	responseStart
977	loadEventStart
978	MSPointer
979	$_BHJq
980	AUDIO
981	domContentLoadedEventEnd
982	screenAvailTop
983	UL
984	move
985	up
986	lastTime
987	domComplete
988	$_BIEI
989	$_BHIh
990	$_BHEC
991	$_BHFa
992	$_BGFA
993	$_BHBY
994	OBJECT
995	SECTION
996	screenTop
997	$_BHGe
998	SCRIPT
999	loadEventEnd
1000	$_CAGW
1001	maxTouchPoints
1002	innerWidth
1003	$_BJIg
1004	popup
1005	radar_success
1006	not_compatible
1007	success
1008	|
1009	$_BIHu
1010	remUnit
1011	systemLanguage
1012	product
1013	$_BJHm
1014	close
1015	$_CAIT
1016	localStorageEnabled
1017	back
1018	https://
1019	float
1020	doNotTrack
1021	cc
1022	rem
1023	custom
1024	fail
1025	target
1026	radar_click_hide
1027	$_BDHn
1028	screenAvailWidth
1029	timezone
1030	$_BJEe
1031	theme
1032	$_CAEm
1033	browserLanguage
1034	$_CABR
1035	el
1036	start_compute
1037	internalip
1038	$_BJDV
1039	javaEnabled
1040	compute_2
1041	radar_error
1042	screenWidth
1043	web_mobile
1044	outerHeight
1045	wait_compute
1046	$_BIDL
1047	radar_click_ready
1048	flashEnabled
1049	magic data
1050	ready
1051	canvas2DFP
1052	screenHeight
1053	web
1054	canvas3DFP
1055	.holder.
1056	plugins
1057	colorDepth
1058	CPUClass
1059	$_CAHt
1060	autoLanguage
1061	https
1062	$_BJBm
1063	$_BJCe
1064	outerWidth
1065	!!
1066	devicePixelRatio
1067	$_BIJk
1068	screenAvailHeight
1069	radar_click
1070	$_BJJT
1071	platform
1072	jsFonts
1073	Network Error
1074	sessionStorageEnabled
1075	detect
1076	$_BIBC
1077	$_BJG_
1078	.fallback
1079	mediaDevices
1080	bind
1081	start_detect
1082	.holder.ie.
1083	$_CAAa
1084	innerHeight
1085	$_BJAB
1086	$_BJFE
1087	$_HIY
1088	netEnabled
1089	performanceTiming
1090	$_CAFC
1091	timestamp
1092	srcElement
1093	$_CADl
1094	browserLanguages
1095	indexedDBEnabled
1096	cookieEnabled
1097	$_CACk
1098	compute_1
1099	hardwareConcurrency
1100	$_CDAp
1101	|jordan
1102	$_CEFe
1103	","tsfq":"xovrayel"}
1104	rp
1105	$_CCCU
1106	$_CBIB
1107	url_get
1108	qwe
1109	$_CCBm
1110	$_CEIW
1111	$_CDJC
1112	error_21
1113	forbidden
1114	$_CDCd
1115	$_BBn
1116	$_CBBN
1117	$_CBAF
1118	dispatchEvent
1119	wind
1120	$_JHG
1121	$_CCAN
1122	dnf
1123	fp
1124	fEkexGxOwUyY
1125	":
1126	aeskey
1127	geetest_data_share_plugin
1128	lp
1129	$_CEDb
1130	te
1131	encrypt1
1132	$_CBEW
1133	$_CEBx
1134	ren
1135	http://
1136	fFtZ0VaY4Gg
1137	$_BFHL
1138	$_CEEQ
1139	/ajax.php
1140	$_CCJx
1141	light
1142	$_CBC_
1143	$_CBFh
1144	$_CCHP
1145	$_CCIu
1146	ww
1147	tm
1148	$_CBDo
1149	staticservers
1150	$_CECm
1151	api.geetest.com
1152	$_CCDV
1153	by
1154	config_lack
1155	passtime
1156	em
1157	$_CDIJ
1158	$_CDEO
1159	hh
1160	url_ajax
1161	https://www.geetest.com/first_page
1162	geetestPlugin
1163	$_CBHq
1164	h
1165	$_BICU
1166	fullpage
1167	geetestEvent
1168	tt
1169	validate
1170	$_CCGr
1171	ep
1172	ct
1173	score
1174	hi
1175	$_CAJz
1176	/get.php
1177	$_CDFf
1178	$_CDHh
1179	$_BABV
1180	$_CCEJ
1181	$_CCFV
1182	server_forbidden
1183	$_CBJy
1184	shift
1185	client_type
1186	static.geevisit.com
1187	$_CBGd
1188	9.2.0-guwyxh
1189	click_error
1190	$_CDBJ
1191	bbOy
1192	pure
1193	$_CDDn
1194	"captcha_token":"
1195	ven
1196	$_HEJ
1197	vip_order
1198	$_CEAp
1199	1.5.9
1200	/reset.php
1201	$_CGCj
1202	$_CGFn
1203	.goto_content_tip
1204	hideRefresh
1205	$_CEGH
1206	$_CHCW
1207	.radar_tip_content
1208	loading_content
1209	$_BDEl
1210	.goto_cancel
1211	$_CGDl
1212	ie
1213	.success_radar_tip_content
1214	$_CDGd
1215	.fullpage_click
1216	success_title
1217	$_CFAQ
1218	$_CGEW
1219	$_CHBa
1220	ur
1221	.panel_error_content
1222	$_CEJC
1223	skin_path
1224	deg)
1225	$_CFJN
1226	.goto_ghost
1227	error_title
1228	goto_homepage
1229	reversal
1231	$_BCBi
1232	.panel_footer_copyright
1233	$_CFHO
1234	exec
1235	$_CFFB
1236	leave
1237	autoReset
1238	slide3
1239	$_CGHx
1240	.dot
1241	atan
1242	js_not_exist
1243	goto_confirm
1244	.logo
1245	$_CGGK
1246	url_skin
1247	cancel
1248	text/css
1249	copyright
1250	logo
1251	$_BEDR
1252	.goto_confirm
1253	_style
1254	.panel_footer
1255	.radar_error_code
1256	.reset_tip_content
1257	_blank
1258	.goto
1259	nextDebugConfig
1260	destroy
1261	.panel_loading_content
1262	homepage
1263	$_CGAM
1264	fa
1265	.success_logo
1266	keyCode
1267	multi_line
1268	$_BBHJ
1269	$_CFIc
1270	$_CGBJ
1271	.sector
1272	.panel_ghost
1273	$_BBFR
1274	.radar_btn
1275	.radar_tip
1276	zoomEle
1277	.panel
1278	error_content
1279	$_BBGn
1280	.success_radar_tip
1281	$_CGJp
1282	.panel_success_title
1283	reversal_success
1284	iw
1285	hideClose
1286	$_CGIX
1287	js_unload
1288	.panel_error_code_text
1289	goto_cancel
1290	.holder
1291	PI
1292	$_CFBH
1293	next_ready
1294	$_CFGb
1295	rotate(
1296	hideSuccess
1297	fallback
1298	enter
1299	.panel_error_title
1300	$_CJAX
1301	$_CFCt
1302	.challenge
1303	hide
1304	maze
1305	$_CIHX
1306	next_width
1307	$_CIFX
1309	ie6panelshowclick
1310	.success_btn
1311	$_CHEd
1312	onChangeCaptcha
1313	panelshowslide
1314	portrait
1315	$_CEHT
1316	$_CIEU
1318	reload
1319	$_CHIf
1320	geetest_seccode
1321	area
1322	panelshowclick
1323	$_CHAw
1324	.validate
1325	$_CIGU
1326	onError
1327	geetest_validate
1328	$_BEEz
1329	_https
1330	no_logo
1331	.panel_loading
1332	beeline
1333	showBack
1334	orientation
1335	.panel_success
1336	font-family
1337	.panel_next
1338	margin-right
1339	.form
1340	.panel_box
1341	landscape
1342	geetest_challenge
1344	$_CID_
1345	$_BDFH
1346	$_CHDN
1347	.fullpage_ghost
1348	$_CICy
1349	.seccode
1350	onClose
1351	.panel_error
1352	embed
1353	$_CJBw
1354	margin-left
1355	onReady
1356	$_CFEo
1358	$_BDDv
1359	$_CIAC
1360	/style
1361	.fullpage_click_wrap
1362	.css
1363	$_CIJ_
1364	appendTo
1365	$_CHGV
1366	100%
1367	.wait
1368	$_CIBv
1369	onSuccess
1370	$_CHHy
1371	display
1372	$_BCIm
1373	show
1374	success_animate
1375	url_reset
1376	.fullpage_pointer
1377	/static/
1378	shake
1379	.ghost_success
1380	margin-top
1381	.fullpage_click_box
1382	fGpZzVnYeGgcwQ
1383	panelshowbeeline
1385	api_bindForm
1387	api_appendTo
1388	refresh_page
1389	onBack
1390	getValidate
1391	$_CHFp
1392	onFail
1393	theme_version
1394	api_bindButton
1395	pencil
1396	bg_color
1397	$_CIIN
1398	voice
1399	confirm
1400	undefined
1401	undefined
1402	undefined
1403	undefined
1404	undefined
1405	undefined
1406	undefined
1407	undefined
1408	undefined
1409	undefined
1410	undefined
1411	undefined
1412	undefined
1413	undefined
1414	undefined
1415	undefined
1416	undefined
1417	undefined
1418	undefined
1419	undefined
1420	undefined
1421	undefined
1422	undefined
1423	undefined
1424	undefined
1425	undefined
1426	undefined
1427	undefined
1428	undefined
1429	undefined
1430	undefined
1431	undefined
1432	undefined
1433	undefined
1434	undefined
1435	undefined
1436	undefined
1437	undefined
1438	undefined
1439	undefined
1440	undefined
1441	undefined
1442	undefined
1443	undefined
1444	undefined
1445	undefined
1446	undefined
1447	undefined
1448	undefined
1449	undefined
1450	undefined
1451	undefined
1452	undefined
1453	undefined
1454	undefined
1455	undefined
1456	undefined
1457	undefined
1458	undefined
1459	undefined
1460	undefined
1461	undefined
1462	undefined
1463	undefined
1464	undefined
1465	undefined
1466	undefined
1467	undefined
1468	undefined
1469	undefined
1470	undefined
1471	undefined
1472	undefined
1473	undefined
1474	undefined
1475	undefined
1476	undefined
1477	undefined
1478	undefined
1479	undefined
1480	undefined
1481	undefined
1482	undefined
1483	undefined
1484	undefined
1485	undefined
1486	undefined
1487	undefined
1488	undefined
1489	undefined
1490	undefined
1491	undefined
1492	undefined
1493	undefined
1494	undefined
1495	undefined
1496	undefined
1497	undefined
1498	undefined
1499	undefined
1500	undefined
1501	undefined
1502	undefined
1503	undefined
1504	undefined
1505	undefined
1506	undefined
1507	undefined
1508	undefined
1509	undefined
1510	undefined
1511	undefined
1512	undefined
1513	undefined
1514	undefined
1515	undefined
1516	undefined
1517	undefined
1518	undefined
1519	undefined
1520	undefined
1521	undefined
1522	undefined
1523	undefined
1524	undefined
1525	undefined
1526	undefined
1527	undefined
1528	undefined
1529	undefined
1530	undefined
1531	undefined
1532	undefined
1533	undefined
1534	undefined
1535	undefined
1536	undefined
1537	undefined
1538	undefined
1539	undefined
1540	undefined
1541	undefined
1542	undefined
1543	undefined
1544	undefined
1545	undefined
1546	undefined
1547	undefined
1548	undefined
1549	undefined
1550	undefined
1551	undefined
1552	undefined
1553	undefined
1554	undefined
1555	undefined
1556	undefined
1557	undefined
1558	undefined
1559	undefined
1560	undefined
1561	undefined
1562	undefined
1563	undefined
1564	undefined
1565	undefined
1566	undefined
1567	undefined
1568	undefined
1569	undefined
1570	undefined
1571	undefined
1572	undefined
1573	undefined
1574	undefined
1575	undefined
1576	undefined
1577	undefined
1578	undefined
1579	undefined
1580	undefined
1581	undefined
1582	undefined
1583	undefined
1584	undefined
1585	undefined
1586	undefined
1587	undefined
1588	undefined
1589	undefined
1590	undefined
1591	undefined
1592	undefined
1593	undefined
1594	undefined
1595	undefined
1596	undefined
1597	undefined
1598	undefined
1599	undefined
1600	undefined
1601	undefined
1602	undefined
1603	undefined
1604	undefined
1605	undefined
1606	undefined
1607	undefined
1608	undefined
1609	undefined
1610	undefined
1611	undefined
1612	undefined
1613	undefined
1614	undefined
1615	undefined
1616	undefined
1617	undefined
1618	undefined
1619	undefined
1620	undefined
1621	undefined
1622	undefined
1623	undefined
1624	undefined
1625	undefined
1626	undefined
1627	undefined
1628	undefined
1629	undefined
1630	undefined
1631	undefined
1632	undefined
1633	undefined
1634	undefined
1635	undefined
1636	undefined
1637	undefined
1638	undefined
1639	undefined
1640	undefined
1641	undefined
1642	undefined
1643	undefined
1644	undefined
1645	undefined
1646	undefined
1647	undefined
1648	undefined
1649	undefined
1650	undefined
1651	undefined
1652	undefined
1653	undefined
1654	undefined
1655	undefined
1656	undefined
1657	undefined
1658	undefined
1659	undefined
1660	undefined
1661	undefined
1662	undefined
1663	undefined
1664	undefined
1665	undefined
1666	undefined
1667	undefined
1668	undefined
1669	undefined
1670	undefined
1671	undefined
1672	undefined
1673	undefined
1674	undefined
1675	undefined
1676	undefined
1677	undefined
1678	undefined
1679	undefined
1680	undefined
1681	undefined
1682	undefined
1683	undefined
1684	undefined
1685	undefined
1686	undefined
1687	undefined
1688	undefined
1689	undefined
1690	undefined
1691	undefined
1692	undefined
1693	undefined
1694	undefined
1695	undefined
1696	undefined
1697	undefined
1698	undefined
1699	undefined
1700	undefined
1701	undefined
1702	undefined
1703	undefined
1704	undefined
1705	undefined
1706	undefined
1707	undefined
1708	undefined
1709	undefined
1710	undefined
1711	undefined
1712	undefined
1713	undefined
1714	undefined
1715	undefined
1716	undefined
1717	undefined
1718	undefined
1719	undefined
1720	undefined
1721	undefined
1722	undefined
1723	undefined
1724	undefined
1725	undefined
1726	undefined
1727	undefined
1728	undefined
1729	undefined
1730	undefined
1731	undefined
1732	undefined
1733	undefined
1734	undefined
1735	undefined
1736	undefined
1737	undefined
1738	undefined
1739	undefined
1740	undefined
1741	undefined
1742	undefined
1743	undefined
1744	undefined
1745	undefined
1746	undefined
1747	undefined
1748	undefined
1749	undefined
1750	undefined
1751	undefined
1752	undefined
1753	undefined
1754	undefined
1755	undefined
1756	undefined
1757	undefined
1758	undefined
1759	undefined
1760	undefined
1761	undefined
1762	undefined
1763	undefined
1764	undefined
1765	undefined
1766	undefined
1767	undefined
1768	undefined
1769	undefined
1770	undefined
1771	undefined
1772	undefined
1773	undefined
1774	undefined
1775	undefined
1776	undefined
1777	undefined
1778	undefined
1779	undefined
1780	undefined
1781	undefined
1782	undefined
1783	undefined
1784	undefined
1785	undefined
1786	undefined
1787	undefined
1788	undefined
1789	undefined
1790	undefined
1791	undefined
1792	undefined
1793	undefined
1794	undefined
1795	undefined
1796	undefined
1797	undefined
1798	undefined
1799	undefined
1800	undefined
1801	undefined
1802	undefined
1803	undefined
1804	undefined
1805	undefined
1806	undefined
1807	undefined
1808	undefined
1809	undefined
1810	undefined
1811	undefined
1812	undefined
1813	undefined
1814	undefined
1815	undefined
1816	undefined
1817	undefined
1818	undefined
1819	undefined
1820	undefined
1821	undefined
1822	undefined
1823	undefined
1824	undefined
1825	undefined
1826	undefined
1827	undefined
1828	undefined
1829	undefined
1830	undefined
1831	undefined
1832	undefined
1833	undefined
1834	undefined
1835	undefined
1836	undefined
1837	undefined
1838	undefined
1839	undefined
1840	undefined
1841	undefined
1842	undefined
1843	undefined
1844	undefined
1845	undefined
1846	undefined
1847	undefined
1848	undefined
1849	undefined
1850	undefined
1851	undefined
1852	undefined
1853	undefined
1854	undefined
1855	undefined
1856	undefined
1857	undefined
1858	undefined
1859	undefined
1860	undefined
1861	undefined
1862	undefined
1863	undefined
1864	undefined
1865	undefined
1866	undefined
1867	undefined
1868	undefined
1869	undefined
1870	undefined
1871	undefined
1872	undefined
1873	undefined
1874	undefined
1875	undefined
1876	undefined
1877	undefined
1878	undefined
1879	undefined
1880	undefined
1881	undefined
1882	undefined
1883	undefined
1884	undefined
1885	undefined
1886	undefined
1887	undefined
1888	undefined
1889	undefined
1890	undefined
1891	undefined
1892	undefined
1893	undefined
1894	undefined
1895	undefined
1896	undefined
1897	undefined
1898	undefined
1899	undefined
1900	undefined
1901	undefined
1902	undefined
1903	undefined
1904	undefined
1905	undefined
1906	undefined
1907	undefined
1908	undefined
1909	undefined
1910	undefined
1911	undefined
1912	undefined
1913	undefined
1914	undefined
1915	undefined
1916	undefined
1917	undefined
1918	undefined
1919	undefined
1920	undefined
1921	undefined
1922	undefined
1923	undefined
1924	undefined
1925	undefined
1926	undefined
1927	undefined
1928	undefined
1929	undefined
1930	undefined
1931	undefined
1932	undefined
1933	undefined
1934	undefined
1935	undefined
1936	undefined
1937	undefined
1938	undefined
1939	undefined
1940	undefined
1941	undefined
1942	undefined
1943	undefined
1944	undefined
1945	undefined
1946	undefined
1947	undefined
1948	undefined
1949	undefined
1950	undefined
1951	undefined
1952	undefined
1953	undefined
1954	undefined
1955	undefined
1956	undefined
1957	undefined
1958	undefined
1959	undefined
1960	undefined
1961	undefined
1962	undefined
1963	undefined
1964	undefined
1965	undefined
1966	undefined
1967	undefined
1968	undefined
1969	undefined
1970	undefined
1971	undefined
1972	undefined
1973	undefined
1974	undefined
1975	undefined
1976	undefined
1977	undefined
1978	undefined
1979	undefined
1980	undefined
1981	undefined
1982	undefined
1983	undefined
1984	undefined
1985	undefined
1986	undefined
1987	undefined
1988	undefined
1989	undefined
1990	undefined
1991	undefined
1992	undefined
1993	undefined
1994	undefined
1995	undefined
1996	undefined
1997	undefined
1998	undefined
1999	undefined
2000	undefined
2001	undefined
2002	undefined
2003	undefined
2004	undefined
2005	undefined
2006	undefined
2007	undefined
2008	undefined
2009	undefined
2010	undefined
2011	undefined
2012	undefined
2013	undefined
2014	undefined
2015	undefined
2016	undefined
2017	undefined
2018	undefined
2019	undefined
2020	undefined
2021	undefined
2022	undefined
2023	undefined
2024	undefined
2025	undefined
2026	undefined
2027	undefined
2028	undefined
2029	undefined
2030	undefined
2031	undefined
2032	undefined
2033	undefined
2034	undefined
2035	undefined
2036	undefined
2037	undefined
2038	undefined
2039	undefined
2040	undefined
2041	undefined
2042	undefined
2043	undefined
2044	undefined
2045	undefined
2046	undefined
2047	undefined
2048	undefined
2049	undefined
2050	undefined
2051	undefined
2052	undefined
2053	undefined
2054	undefined
2055	undefined
2056	undefined
2057	undefined
2058	undefined
2059	undefined
2060	undefined
2061	undefined
2062	undefined
2063	undefined
2064	undefined
2065	undefined
2066	undefined
2067	undefined
2068	undefined
2069	undefined
2070	undefined
2071	undefined
2072	undefined
2073	undefined
2074	undefined
2075	undefined
2076	undefined
2077	undefined
2078	undefined
2079	undefined
2080	undefined
2081	undefined
2082	undefined
2083	undefined
2084	undefined
2085	undefined
2086	undefined
2087	undefined
2088	undefined
2089	undefined
2090	undefined
2091	undefined
2092	undefined
2093	undefined
2094	undefined
2095	undefined
2096	undefined
2097	undefined
2098	undefined
2099	undefined
2100	undefined
2101	undefined
2102	undefined
2103	undefined
2104	undefined
2105	undefined
2106	undefined
2107	undefined
2108	undefined
2109	undefined
2110	undefined
2111	undefined
2112	undefined
2113	undefined
2114	undefined
2115	undefined
2116	undefined
2117	undefined
2118	undefined
2119	undefined
2120	undefined
2121	undefined
2122	undefined
2123	undefined
2124	undefined
2125	undefined
2126	undefined
2127	undefined
2128	undefined
2129	undefined
2130	undefined
2131	undefined
2132	undefined
2133	undefined
2134	undefined
2135	undefined
2136	undefined
2137	undefined
2138	undefined
2139	undefined
2140	undefined
2141	undefined
2142	undefined
2143	undefined
2144	undefined
2145	undefined
2146	undefined
2147	undefined
2148	undefined
2149	undefined
2150	undefined
2151	undefined
2152	undefined
2153	undefined
2154	undefined
2155	undefined
2156	undefined
2157	undefined
2158	undefined
2159	undefined
2160	undefined
2161	undefined
2162	undefined
2163	undefined
2164	undefined
2165	undefined
2166	undefined
2167	undefined
2168	undefined
2169	undefined
2170	undefined
2171	undefined
2172	undefined
2173	undefined
2174	undefined
2175	undefined
2176	undefined
2177	undefined
2178	undefined
2179	undefined
2180	undefined
2181	undefined
2182	undefined
2183	undefined
2184	undefined
2185	undefined
2186	undefined
2187	undefined
2188	undefined
2189	undefined
2190	undefined
2191	undefined
2192	undefined
2193	undefined
2194	undefined
2195	undefined
2196	undefined
2197	undefined
2198	undefined
2199	undefined
2200	undefined
2201	undefined
2202	undefined
2203	undefined
2204	undefined
2205	undefined
2206	undefined
2207	undefined
2208	undefined
2209	undefined
2210	undefined
2211	undefined
2212	undefined
2213	undefined
2214	undefined
2215	undefined
2216	undefined
2217	undefined
2218	undefined
2219	undefined
2220	undefined
2221	undefined
2222	undefined
2223	undefined
2224	undefined
2225	undefined
2226	undefined
2227	undefined
2228	undefined
2229	undefined
2230	undefined
2231	undefined
2232	undefined
2233	undefined
2234	undefined
2235	undefined
2236	undefined
2237	undefined
2238	undefined
2239	undefined
2240	undefined
2241	undefined
2242	undefined
2243	undefined
2244	undefined
2245	undefined
2246	undefined
2247	undefined
2248	undefined
2249	undefined
2250	undefined
2251	undefined
2252	undefined
2253	undefined
2254	undefined
2255	undefined
2256	undefined
2257	undefined
2258	undefined
2259	undefined
2260	undefined
2261	undefined
2262	undefined
2263	undefined
2264	undefined
2265	undefined
2266	undefined
2267	undefined
2268	undefined
2269	undefined
2270	undefined
2271	undefined
2272	undefined
2273	undefined
2274	undefined
2275	undefined
2276	undefined
2277	undefined
2278	undefined
2279	undefined
2280	undefined
2281	undefined
2282	undefined
2283	undefined
2284	undefined
2285	undefined
2286	undefined
2287	undefined
2288	undefined
2289	undefined
2290	undefined
2291	undefined
2292	undefined
2293	undefined
2294	undefined
2295	undefined
2296	undefined
2297	undefined
2298	undefined
2299	undefined
2300	undefined
2301	undefined
2302	undefined
2303	undefined
2304	undefined
2305	undefined
2306	undefined
2307	undefined
2308	undefined
2309	undefined
2310	undefined
2311	undefined
2312	undefined
2313	undefined
2314	undefined
2315	undefined
2316	undefined
2317	undefined
2318	undefined
2319	undefined
2320	undefined
2321	undefined
2322	undefined
2323	undefined
2324	undefined
2325	undefined
2326	undefined
2327	undefined
2328	undefined
2329	undefined
2330	undefined
2331	undefined
2332	undefined
2333	undefined
2334	undefined
2335	undefined
2336	undefined
2337	undefined
2338	undefined
2339	undefined
2340	undefined
2341	undefined
2342	undefined
2343	undefined
2344	undefined
2345	undefined
2346	undefined
2347	undefined
2348	undefined
2349	undefined
2350	undefined
2351	undefined
2352	undefined
2353	undefined
2354	undefined
2355	undefined
2356	undefined
2357	undefined
2358	undefined
2359	undefined
2360	undefined
2361	undefined
2362	undefined
2363	undefined
2364	undefined
2365	undefined
2366	undefined
2367	undefined
2368	undefined
2369	undefined
2370	undefined
2371	undefined
2372	undefined
2373	undefined
2374	undefined
2375	undefined
2376	undefined
2377	undefined
2378	undefined
2379	undefined
2380	undefined
2381	undefined
2382	undefined
2383	undefined
2384	undefined
2385	undefined
2386	undefined
2387	undefined
2388	undefined
2389	undefined
2390	undefined
2391	undefined
2392	undefined
2393	undefined
2394	undefined
2395	undefined
2396	undefined
2397	undefined
2398	undefined
2399	undefined
2400	undefined
2401	undefined
2402	undefined
2403	undefined
2404	undefined
2405	undefined
2406	undefined
2407	undefined
2408	undefined
2409	undefined
2410	undefined
2411	undefined
2412	undefined
2413	undefined
2414	undefined
2415	undefined
2416	undefined
2417	undefined
2418	undefined
2419	undefined
2420	undefined
2421	undefined
2422	undefined
2423	undefined
2424	undefined
2425	undefined
2426	undefined
2427	undefined
2428	undefined
2429	undefined
2430	undefined
2431	undefined
2432	undefined
2433	undefined
2434	undefined
2435	undefined
2436	undefined
2437	undefined
2438	undefined
2439	undefined
2440	undefined
2441	undefined
2442	undefined
2443	undefined
2444	undefined
2445	undefined
2446	undefined
2447	undefined
2448	undefined
2449	undefined
2450	undefined
2451	undefined
2452	undefined
2453	undefined
2454	undefined
2455	undefined
2456	undefined
2457	undefined
2458	undefined
2459	undefined
2460	undefined
2461	undefined
2462	undefined
2463	undefined
2464	undefined
2465	undefined
2466	undefined
2467	undefined
2468	undefined
2469	undefined
2470	undefined
2471	undefined
2472	undefined
2473	undefined
2474	undefined
2475	undefined
2476	undefined
2477	undefined
2478	undefined
2479	undefined
2480	undefined
2481	undefined
2482	undefined
2483	undefined
2484	undefined
2485	undefined
2486	undefined
2487	undefined
2488	undefined
2489	undefined
2490	undefined
2491	undefined
2492	undefined
2493	undefined
2494	undefined
2495	undefined
2496	undefined
2497	undefined
2498	undefined
2499	undefined
2500	undefined
2501	undefined
2502	undefined
2503	undefined
2504	undefined
2505	undefined
2506	undefined
2507	undefined
2508	undefined
2509	undefined
2510	undefined
2511	undefined
2512	undefined
2513	undefined
2514	undefined
2515	undefined
2516	undefined
2517	undefined
2518	undefined
2519	undefined
2520	undefined
2521	undefined
2522	undefined
2523	undefined
2524	undefined
2525	undefined
2526	undefined
2527	undefined
2528	undefined
2529	undefined
2530	undefined
2531	undefined
2532	undefined
2533	undefined
2534	undefined
2535	undefined
2536	undefined
2537	undefined
2538	undefined
2539	undefined
2540	undefined
2541	undefined
2542	undefined
2543	undefined
2544	undefined
2545	undefined
2546	undefined
2547	undefined
2548	undefined
2549	undefined
2550	undefined
2551	undefined
2552	undefined
2553	undefined
2554	undefined
2555	undefined
2556	undefined
2557	undefined
2558	undefined
2559	undefined
2560	undefined
2561	undefined
2562	undefined
2563	undefined
2564	undefined
2565	undefined
2566	undefined
2567	undefined
2568	undefined
2569	undefined
2570	undefined
2571	undefined
2572	undefined
2573	undefined
2574	undefined
2575	undefined
2576	undefined
2577	undefined
2578	undefined
2579	undefined
2580	undefined
2581	undefined
2582	undefined
2583	undefined
2584	undefined
2585	undefined
2586	undefined
2587	undefined
2588	undefined
2589	undefined
2590	undefined
2591	undefined
2592	undefined
2593	undefined
2594	undefined
2595	undefined
2596	undefined
2597	undefined
2598	undefined
2599	undefined
2600	undefined
2601	undefined
2602	undefined
2603	undefined
2604	undefined
2605	undefined
2606	undefined
2607	undefined
2608	undefined
2609	undefined
2610	undefined
2611	undefined
2612	undefined
2613	undefined
2614	undefined
2615	undefined
2616	undefined
2617	undefined
2618	undefined
2619	undefined
2620	undefined
2621	undefined
2622	undefined
2623	undefined
2624	undefined
2625	undefined
2626	undefined
2627	undefined
2628	undefined
2629	undefined
2630	undefined
2631	undefined
2632	undefined
2633	undefined
2634	undefined
2635	undefined
2636	undefined
2637	undefined
2638	undefined
2639	undefined
2640	undefined
2641	undefined
2642	undefined
2643	undefined
2644	undefined
2645	undefined
2646	undefined
2647	undefined
2648	undefined
2649	undefined
2650	undefined
2651	undefined
2652	undefined
2653	undefined
2654	undefined
2655	undefined
2656	undefined
2657	undefined
2658	undefined
2659	undefined
2660	undefined
2661	undefined
2662	undefined
2663	undefined
2664	undefined
2665	undefined
2666	undefined
2667	undefined
2668	undefined
2669	undefined
2670	undefined
2671	undefined
2672	undefined
2673	undefined
2674	undefined
2675	undefined
2676	undefined
2677	undefined
2678	undefined
2679	undefined
2680	undefined
2681	undefined
2682	undefined
2683	undefined
2684	undefined
2685	undefined
2686	undefined
2687	undefined
2688	undefined
2689	undefined
2690	undefined
2691	undefined
2692	undefined
2693	undefined
2694	undefined
2695	undefined
2696	undefined
2697	undefined
2698	undefined
2699	undefined
2700	undefined
2701	undefined
2702	undefined
2703	undefined
2704	undefined
2705	undefined
2706	undefined
2707	undefined
2708	undefined
2709	undefined
2710	undefined
2711	undefined
2712	undefined
2713	undefined
2714	undefined
2715	undefined
2716	undefined
2717	undefined
2718	undefined
2719	undefined
2720	undefined
2721	undefined
2722	undefined
2723	undefined
2724	undefined
2725	undefined
2726	undefined
2727	undefined
2728	undefined
2729	undefined
2730	undefined
2731	undefined
2732	undefined
2733	undefined
2734	undefined
2735	undefined
2736	undefined
2737	undefined
2738	undefined
2739	undefined
2740	undefined
2741	undefined
2742	undefined
2743	undefined
2744	undefined
2745	undefined
2746	undefined
2747	undefined
2748	undefined
2749	undefined
2750	undefined
2751	undefined
2752	undefined
2753	undefined
2754	undefined
2755	undefined
2756	undefined
2757	undefined
2758	undefined
2759	undefined
2760	undefined
2761	undefined
2762	undefined
2763	undefined
2764	undefined
2765	undefined
2766	undefined
2767	undefined
2768	undefined
2769	undefined
2770	undefined
2771	undefined
2772	undefined
2773	undefined
2774	undefined
2775	undefined
2776	undefined
2777	undefined
2778	undefined
2779	undefined
2780	undefined
2781	undefined
2782	undefined
2783	undefined
2784	undefined
2785	undefined
2786	undefined
2787	undefined
2788	undefined
2789	undefined
2790	undefined
2791	undefined
2792	undefined
2793	undefined
2794	undefined
2795	undefined
2796	undefined
2797	undefined
2798	undefined
2799	undefined
2800	undefined
2801	undefined
2802	undefined
2803	undefined
2804	undefined
2805	undefined
2806	undefined
2807	undefined
2808	undefined
2809	undefined
2810	undefined
2811	undefined
2812	undefined
2813	undefined
2814	undefined
2815	undefined
2816	undefined
2817	undefined
2818	undefined
2819	undefined
2820	undefined
2821	undefined
2822	undefined
2823	undefined
2824	undefined
2825	undefined
2826	undefined
2827	undefined
2828	undefined
2829	undefined
2830	undefined
2831	undefined
2832	undefined
2833	undefined
2834	undefined
2835	undefined
2836	undefined
2837	undefined
2838	undefined
2839	undefined
2840	undefined
2841	undefined
2842	undefined
2843	undefined
2844	undefined
2845	undefined
2846	undefined
2847	undefined
2848	undefined
2849	undefined
2850	undefined
2851	undefined
2852	undefined
2853	undefined
2854	undefined
2855	undefined
2856	undefined
2857	undefined
2858	undefined
2859	undefined
2860	undefined
2861	undefined
2862	undefined
2863	undefined
2864	undefined
2865	undefined
2866	undefined
2867	undefined
2868	undefined
2869	undefined
2870	undefined
2871	undefined
2872	undefined
2873	undefined
2874	undefined
2875	undefined
2876	undefined
2877	undefined
2878	undefined
2879	undefined
2880	undefined
2881	undefined
2882	undefined
2883	undefined
2884	undefined
2885	undefined
2886	undefined
2887	undefined
2888	undefined
2889	undefined
2890	undefined
2891	undefined
2892	undefined
2893	undefined
2894	undefined
2895	undefined
2896	undefined
2897	undefined
2898	undefined
2899	undefined
2900	undefined
2901	undefined
2902	undefined
2903	undefined
2904	undefined
2905	undefined
2906	undefined
2907	undefined
2908	undefined
2909	undefined
2910	undefined
2911	undefined
2912	undefined
2913	undefined
2914	undefined
2915	undefined
2916	undefined
2917	undefined
2918	undefined
2919	undefined
2920	undefined
2921	undefined
2922	undefined
2923	undefined
2924	undefined
2925	undefined
2926	undefined
2927	undefined
2928	undefined
2929	undefined
2930	undefined
2931	undefined
2932	undefined
2933	undefined
2934	undefined
2935	undefined
2936	undefined
2937	undefined
2938	undefined
2939	undefined
2940	undefined
2941	undefined
2942	undefined
2943	undefined
2944	undefined
2945	undefined
2946	undefined
2947	undefined
2948	undefined
2949	undefined
2950	undefined
2951	undefined
2952	undefined
2953	undefined
2954	undefined
2955	undefined
2956	undefined
2957	undefined
2958	undefined
2959	undefined
2960	undefined
2961	undefined
2962	undefined
2963	undefined
2964	undefined
2965	undefined
2966	undefined
2967	undefined
2968	undefined
2969	undefined
2970	undefined
2971	undefined
2972	undefined
2973	undefined
2974	undefined
2975	undefined
2976	undefined
2977	undefined
2978	undefined
2979	undefined
2980	undefined
2981	undefined
2982	undefined
2983	undefined
2984	undefined
2985	undefined
2986	undefined
2987	undefined
2988	undefined
2989	undefined
2990	undefined
2991	undefined
2992	undefined
2993	undefined
2994	undefined
2995	undefined
2996	undefined
2997	undefined
2998	undefined
2999	undefined
3000	undefined
3001	undefined
3002	undefined
3003	undefined
3004	undefined
3005	undefined
3006	undefined
3007	undefined
3008	undefined
3009	undefined
3010	undefined
3011	undefined
3012	undefined
3013	undefined
3014	undefined
3015	undefined
3016	undefined
3017	undefined
3018	undefined
3019	undefined
3020	undefined
3021	undefined
3022	undefined
3023	undefined
3024	undefined
3025	undefined
3026	undefined
3027	undefined
3028	undefined
3029	undefined
3030	undefined
3031	undefined
3032	undefined
3033	undefined
3034	undefined
3035	undefined
3036	undefined
3037	undefined
3038	undefined
3039	undefined
3040	undefined
3041	undefined
3042	undefined
3043	undefined
3044	undefined
3045	undefined
3046	undefined
3047	undefined
3048	undefined
3049	undefined
3050	undefined
3051	undefined
3052	undefined
3053	undefined
3054	undefined
3055	undefined
3056	undefined
3057	undefined
3058	undefined
3059	undefined
3060	undefined
3061	undefined
3062	undefined
3063	undefined
3064	undefined
3065	undefined
3066	undefined
3067	undefined
3068	undefined
3069	undefined
3070	undefined
3071	undefined
3072	undefined
3073	undefined
3074	undefined
3075	undefined
3076	undefined
3077	undefined
3078	undefined
3079	undefined
3080	undefined
3081	undefined
3082	undefined
3083	undefined
3084	undefined
3085	undefined
3086	undefined
3087	undefined
3088	undefined
3089	undefined
3090	undefined
3091	undefined
3092	undefined
3093	undefined
3094	undefined
3095	undefined
3096	undefined
3097	undefined
3098	undefined
3099	undefined
3100	undefined
3101	undefined
3102	undefined
3103	undefined
3104	undefined
3105	undefined
3106	undefined
3107	undefined
3108	undefined
3109	undefined
3110	undefined
3111	undefined
3112	undefined
3113	undefined
3114	undefined
3115	undefined
3116	undefined
3117	undefined
3118	undefined
3119	undefined
3120	undefined
3121	undefined
3122	undefined
3123	undefined
3124	undefined
3125	undefined
3126	undefined
3127	undefined
3128	undefined
3129	undefined
3130	undefined
3131	undefined
3132	undefined
3133	undefined
3134	undefined
3135	undefined
3136	undefined
3137	undefined
3138	undefined
3139	undefined
3140	undefined
3141	undefined
3142	undefined
3143	undefined
3144	undefined
3145	undefined
3146	undefined
3147	undefined
3148	undefined
3149	undefined
3150	undefined
3151	undefined
3152	undefined
3153	undefined
3154	undefined
3155	undefined
3156	undefined
3157	undefined
3158	undefined
3159	undefined
3160	undefined
3161	undefined
3162	undefined
3163	undefined
3164	undefined
3165	undefined
3166	undefined
3167	undefined
3168	undefined
3169	undefined
3170	undefined
3171	undefined
3172	undefined
3173	undefined
3174	undefined
3175	undefined
3176	undefined
3177	undefined
3178	undefined
3179	undefined
3180	undefined
3181	undefined
3182	undefined
3183	undefined
3184	undefined
3185	undefined
3186	undefined
3187	undefined
3188	undefined
3189	undefined
3190	undefined
3191	undefined
3192	undefined
3193	undefined
3194	undefined
3195	undefined
3196	undefined
3197	undefined
3198	undefined
3199	undefined
3200	undefined
3201	undefined
3202	undefined
3203	undefined
3204	undefined
3205	undefined
3206	undefined
3207	undefined
3208	undefined
3209	undefined
3210	undefined
3211	undefined
3212	undefined
3213	undefined
3214	undefined
3215	undefined
3216	undefined
3217	undefined
3218	undefined
3219	undefined
3220	undefined
3221	undefined
3222	undefined
3223	undefined
3224	undefined
3225	undefined
3226	undefined
3227	undefined
3228	undefined
3229	undefined
3230	undefined
3231	undefined
3232	undefined
3233	undefined
3234	undefined
3235	undefined
3236	undefined
3237	undefined
3238	undefined
3239	undefined
3240	undefined
3241	undefined
3242	undefined
3243	undefined
3244	undefined
3245	undefined
3246	undefined
3247	undefined
3248	undefined
3249	undefined
3250	undefined
3251	undefined
3252	undefined
3253	undefined
3254	undefined
3255	undefined
3256	undefined
3257	undefined
3258	undefined
3259	undefined
3260	undefined
3261	undefined
3262	undefined
3263	undefined
3264	undefined
3265	undefined
3266	undefined
3267	undefined
3268	undefined
3269	undefined
3270	undefined
3271	undefined
3272	undefined
3273	undefined
3274	undefined
3275	undefined
3276	undefined
3277	undefined
3278	undefined
3279	undefined
3280	undefined
3281	undefined
3282	undefined
3283	undefined
3284	undefined
3285	undefined
3286	undefined
3287	undefined
3288	undefined
3289	undefined
3290	undefined
3291	undefined
3292	undefined
3293	undefined
3294	undefined
3295	undefined
3296	undefined
3297	undefined
3298	undefined
3299	undefined
3300	undefined
3301	undefined
3302	undefined
3303	undefined
3304	undefined
3305	undefined
3306	undefined
3307	undefined
3308	undefined
3309	undefined
3310	undefined
3311	undefined
3312	undefined
3313	undefined
3314	undefined
3315	undefined
3316	undefined
3317	undefined
3318	undefined
3319	undefined
3320	undefined
3321	undefined
3322	undefined
3323	undefined
3324	undefined
3325	undefined
3326	undefined
3327	undefined
3328	undefined
3329	undefined
3330	undefined
3331	undefined
3332	undefined
3333	undefined
3334	undefined
3335	undefined
3336	undefined
3337	undefined
3338	undefined
3339	undefined
3340	undefined
3341	undefined
3342	undefined
3343	undefined
3344	undefined
3345	undefined
3346	undefined
3347	undefined
3348	undefined
3349	undefined
3350	undefined
3351	undefined
3352	undefined
3353	undefined
3354	undefined
3355	undefined
3356	undefined
3357	undefined
3358	undefined
3359	undefined
3360	undefined
3361	undefined
3362	undefined
3363	undefined
3364	undefined
3365	undefined
3366	undefined
3367	undefined
3368	undefined
3369	undefined
3370	undefined
3371	undefined
3372	undefined
3373	undefined
3374	undefined
3375	undefined
3376	undefined
3377	undefined
3378	undefined
3379	undefined
3380	undefined
3381	undefined
3382	undefined
3383	undefined
3384	undefined
3385	undefined
3386	undefined
3387	undefined
3388	undefined
3389	undefined
3390	undefined
3391	undefined
3392	undefined
3393	undefined
3394	undefined
3395	undefined
3396	undefined
3397	undefined
3398	undefined
3399	undefined
3400	undefined
3401	undefined
3402	undefined
3403	undefined
3404	undefined
3405	undefined
3406	undefined
3407	undefined
3408	undefined
3409	undefined
3410	undefined
3411	undefined
3412	undefined
3413	undefined
3414	undefined
3415	undefined
3416	undefined
3417	undefined
3418	undefined
3419	undefined
3420	undefined
3421	undefined
3422	undefined
3423	undefined
3424	undefined
3425	undefined
3426	undefined
3427	undefined
3428	undefined
3429	undefined
3430	undefined
3431	undefined
3432	undefined
3433	undefined
3434	undefined
3435	undefined
3436	undefined
3437	undefined
3438	undefined
3439	undefined
3440	undefined
3441	undefined
3442	undefined
3443	undefined
3444	undefined
3445	undefined
3446	undefined
3447	undefined
3448	undefined
3449	undefined
3450	undefined
3451	undefined
3452	undefined
3453	undefined
3454	undefined
3455	undefined
3456	undefined
3457	undefined
3458	undefined
3459	undefined
3460	undefined
3461	undefined
3462	undefined
3463	undefined
3464	undefined
3465	undefined
3466	undefined
3467	undefined
3468	undefined
3469	undefined
3470	undefined
3471	undefined
3472	undefined
3473	undefined
3474	undefined
3475	undefined
3476	undefined
3477	undefined
3478	undefined
3479	undefined
3480	undefined
3481	undefined
3482	undefined
3483	undefined
3484	undefined
3485	undefined
3486	undefined
3487	undefined
3488	undefined
3489	undefined
3490	undefined
3491	undefined
3492	undefined
3493	undefined
3494	undefined
3495	undefined
3496	undefined
3497	undefined
3498	undefined
3499	undefined
3500	undefined
3501	undefined
3502	undefined
3503	undefined
3504	undefined
3505	undefined
3506	undefined
3507	undefined
3508	undefined
3509	undefined
3510	undefined
3511	undefined
3512	undefined
3513	undefined
3514	undefined
3515	undefined
3516	undefined
3517	undefined
3518	undefined
3519	undefined
3520	undefined
3521	undefined
3522	undefined
3523	undefined
3524	undefined
3525	undefined
3526	undefined
3527	undefined
3528	undefined
3529	undefined
3530	undefined
3531	undefined
3532	undefined
3533	undefined
3534	undefined
3535	undefined
3536	undefined
3537	undefined
3538	undefined
3539	undefined
3540	undefined
3541	undefined
3542	undefined
3543	undefined
3544	undefined
3545	undefined
3546	undefined
3547	undefined
3548	undefined
3549	undefined
3550	undefined
3551	undefined
3552	undefined
3553	undefined
3554	undefined
3555	undefined
3556	undefined
3557	undefined
3558	undefined
3559	undefined
3560	undefined
3561	undefined
3562	undefined
3563	undefined
3564	undefined
3565	undefined
3566	undefined
3567	undefined
3568	undefined
3569	undefined
3570	undefined
3571	undefined
3572	undefined
3573	undefined
3574	undefined
3575	undefined
3576	undefined
3577	undefined
3578	undefined
3579	undefined
3580	undefined
3581	undefined
3582	undefined
3583	undefined
3584	undefined
3585	undefined
3586	undefined
3587	undefined
3588	undefined
3589	undefined
3590	undefined
3591	undefined
3592	undefined
3593	undefined
3594	undefined
3595	undefined
3596	undefined
3597	undefined
3598	undefined
3599	undefined
3600	undefined
3601	undefined
3602	undefined
3603	undefined
3604	undefined
3605	undefined
3606	undefined
3607	undefined
3608	undefined
3609	undefined
3610	undefined
3611	undefined
3612	undefined
3613	undefined
3614	undefined
3615	undefined
3616	undefined
3617	undefined
3618	undefined
3619	undefined
3620	undefined
3621	undefined
3622	undefined
3623	undefined
3624	undefined
3625	undefined
3626	undefined
3627	undefined
3628	undefined
3629	undefined
3630	undefined
3631	undefined
3632	undefined
3633	undefined
3634	undefined
3635	undefined
3636	undefined
3637	undefined
3638	undefined
3639	undefined
3640	undefined
3641	undefined
3642	undefined
3643	undefined
3644	undefined
3645	undefined
3646	undefined
3647	undefined
3648	undefined
3649	undefined
3650	undefined
3651	undefined
3652	undefined
3653	undefined
3654	undefined
3655	undefined
3656	undefined
3657	undefined
3658	undefined
3659	undefined
3660	undefined
3661	undefined
3662	undefined
3663	undefined
3664	undefined
3665	undefined
3666	undefined
3667	undefined
3668	undefined
3669	undefined
3670	undefined
3671	undefined
3672	undefined
3673	undefined
3674	undefined
3675	undefined
3676	undefined
3677	undefined
3678	undefined
3679	undefined
3680	undefined
3681	undefined
3682	undefined
3683	undefined
3684	undefined
3685	undefined
3686	undefined
3687	undefined
3688	undefined
3689	undefined
3690	undefined
3691	undefined
3692	undefined
3693	undefined
3694	undefined
3695	undefined
3696	undefined
3697	undefined
3698	undefined
3699	undefined
3700	undefined
3701	undefined
3702	undefined
3703	undefined
3704	undefined
3705	undefined
3706	undefined
3707	undefined
3708	undefined
3709	undefined
3710	undefined
3711	undefined
3712	undefined
3713	undefined
3714	undefined
3715	undefined
3716	undefined
3717	undefined
3718	undefined
3719	undefined
3720	undefined
3721	undefined
3722	undefined
3723	undefined
3724	undefined
3725	undefined
3726	undefined
3727	undefined
3728	undefined
3729	undefined
3730	undefined
3731	undefined
3732	undefined
3733	undefined
3734	undefined
3735	undefined
3736	undefined
3737	undefined
3738	undefined
3739	undefined
3740	undefined
3741	undefined
3742	undefined
3743	undefined
3744	undefined
3745	undefined
3746	undefined
3747	undefined
3748	undefined
3749	undefined
3750	undefined
3751	undefined
3752	undefined
3753	undefined
3754	undefined
3755	undefined
3756	undefined
3757	undefined
3758	undefined
3759	undefined
3760	undefined
3761	undefined
3762	undefined
3763	undefined
3764	undefined
3765	undefined
3766	undefined
3767	undefined
3768	undefined
3769	undefined
3770	undefined
3771	undefined
3772	undefined
3773	undefined
3774	undefined
3775	undefined
3776	undefined
3777	undefined
3778	undefined
3779	undefined
3780	undefined
3781	undefined
3782	undefined
3783	undefined
3784	undefined
3785	undefined
3786	undefined
3787	undefined
3788	undefined
3789	undefined
3790	undefined
3791	undefined
3792	undefined
3793	undefined
3794	undefined
3795	undefined
3796	undefined
3797	undefined
3798	undefined
3799	undefined
3800	undefined
3801	undefined
3802	undefined
3803	undefined
3804	undefined
3805	undefined
3806	undefined
3807	undefined
3808	undefined
3809	undefined
3810	undefined
3811	undefined
3812	undefined
3813	undefined
3814	undefined
3815	undefined
3816	undefined
3817	undefined
3818	undefined
3819	undefined
3820	undefined
3821	undefined
3822	undefined
3823	undefined
3824	undefined
3825	undefined
3826	undefined
3827	undefined
3828	undefined
3829	undefined
3830	undefined
3831	undefined
3832	undefined
3833	undefined
3834	undefined
3835	undefined
3836	undefined
3837	undefined
3838	undefined
3839	undefined
3840	undefined
3841	undefined
3842	undefined
3843	undefined
3844	undefined
3845	undefined
3846	undefined
3847	undefined
3848	undefined
3849	undefined
3850	undefined
3851	undefined
3852	undefined
3853	undefined
3854	undefined
3855	undefined
3856	undefined
3857	undefined
3858	undefined
3859	undefined
3860	undefined
3861	undefined
3862	undefined
3863	undefined
3864	undefined
3865	undefined
3866	undefined
3867	undefined
3868	undefined
3869	undefined
3870	undefined
3871	undefined
3872	undefined
3873	undefined
3874	undefined
3875	undefined
3876	undefined
3877	undefined
3878	undefined
3879	undefined
3880	undefined
3881	undefined
3882	undefined
3883	undefined
3884	undefined
3885	undefined
3886	undefined
3887	undefined
3888	undefined
3889	undefined
3890	undefined
3891	undefined
3892	undefined
3893	undefined
3894	undefined
3895	undefined
3896	undefined
3897	undefined
3898	undefined
3899	undefined
3900	undefined
3901	undefined
3902	undefined
3903	undefined
3904	undefined
3905	undefined
3906	undefined
3907	undefined
3908	undefined
3909	undefined
3910	undefined
3911	undefined
3912	undefined
3913	undefined
3914	undefined
3915	undefined
3916	undefined
3917	undefined
3918	undefined
3919	undefined
3920	undefined
3921	undefined
3922	undefined
3923	undefined
3924	undefined
3925	undefined
3926	undefined
3927	undefined
3928	undefined
3929	undefined
3930	undefined
3931	undefined
3932	undefined
3933	undefined
3934	undefined
3935	undefined
3936	undefined
3937	undefined
3938	undefined
3939	undefined
3940	undefined
3941	undefined
3942	undefined
3943	undefined
3944	undefined
3945	undefined
3946	undefined
3947	undefined
3948	undefined
3949	undefined
3950	undefined
3951	undefined
3952	undefined
3953	undefined
3954	undefined
3955	undefined
3956	undefined
3957	undefined
3958	undefined
3959	undefined
3960	undefined
3961	undefined
3962	undefined
3963	undefined
3964	undefined
3965	undefined
3966	undefined
3967	undefined
3968	undefined
3969	undefined
3970	undefined
3971	undefined
3972	undefined
3973	undefined
3974	undefined
3975	undefined
3976	undefined
3977	undefined
3978	undefined
3979	undefined
3980	undefined
3981	undefined
3982	undefined
3983	undefined
3984	undefined
3985	undefined
3986	undefined
3987	undefined
3988	undefined
3989	undefined
3990	undefined
3991	undefined
3992	undefined
3993	undefined
3994	undefined
3995	undefined
3996	undefined
3997	undefined
3998	undefined
3999	undefined
4000	undefined
4001	undefined
4002	undefined
4003	undefined
4004	undefined
4005	undefined
4006	undefined
4007	undefined
4008	undefined
4009	undefined
4010	undefined
4011	undefined
4012	undefined
4013	undefined
4014	undefined
4015	undefined
4016	undefined
4017	undefined
4018	undefined
4019	undefined
4020	undefined
4021	undefined
4022	undefined
4023	undefined
4024	undefined
4025	undefined
4026	undefined
4027	undefined
4028	undefined
4029	undefined
4030	undefined
4031	undefined
4032	undefined
4033	undefined
4034	undefined
4035	undefined
4036	undefined
4037	undefined
4038	undefined
4039	undefined
4040	undefined
4041	undefined
4042	undefined
4043	undefined
4044	undefined
4045	undefined
4046	undefined
4047	undefined
4048	undefined
4049	undefined
4050	undefined
4051	undefined
4052	undefined
4053	undefined
4054	undefined
4055	undefined
4056	undefined
4057	undefined
4058	undefined
4059	undefined
4060	undefined
4061	undefined
4062	undefined
4063	undefined
4064	undefined
4065	undefined
4066	undefined
4067	undefined
4068	undefined
4069	undefined
4070	undefined
4071	undefined
4072	undefined
4073	undefined
4074	undefined
4075	undefined
4076	undefined
4077	undefined
4078	undefined
4079	undefined
4080	undefined
4081	undefined
4082	undefined
4083	undefined
4084	undefined
4085	undefined
4086	undefined
4087	undefined
4088	undefined
4089	undefined
4090	undefined
4091	undefined
4092	undefined
4093	undefined
4094	undefined
4095	undefined
4096	undefined
4097	undefined
4098	undefined
4099	undefined
4100	undefined
4101	undefined
4102	undefined
4103	undefined
4104	undefined
4105	undefined
4106	undefined
4107	undefined
4108	undefined
4109	undefined
4110	undefined
4111	undefined
4112	undefined
4113	undefined
4114	undefined
4115	undefined
4116	undefined
4117	undefined
4118	undefined
4119	undefined
4120	undefined
4121	undefined
4122	undefined
4123	undefined
4124	undefined
4125	undefined
4126	undefined
4127	undefined
4128	undefined
4129	undefined
4130	undefined
4131	undefined
4132	undefined
4133	undefined
4134	undefined
4135	undefined
4136	undefined
4137	undefined
4138	undefined
4139	undefined
4140	undefined
4141	undefined
4142	undefined
4143	undefined
4144	undefined
4145	undefined
4146	undefined
4147	undefined
4148	undefined
4149	undefined
4150	undefined
4151	undefined
4152	undefined
4153	undefined
4154	undefined
4155	undefined
4156	undefined
4157	undefined
4158	undefined
4159	undefined
4160	undefined
4161	undefined
4162	undefined
4163	undefined
4164	undefined
4165	undefined
4166	undefined
4167	undefined
4168	undefined
4169	undefined
4170	undefined
4171	undefined
4172	undefined
4173	undefined
4174	undefined
4175	undefined
4176	undefined
4177	undefined
4178	undefined
4179	undefined
4180	undefined
4181	undefined
4182	undefined
4183	undefined
4184	undefined
4185	undefined
4186	undefined
4187	undefined
4188	undefined
4189	undefined
4190	undefined
4191	undefined
4192	undefined
4193	undefined
4194	undefined
4195	undefined
4196	undefined
4197	undefined
4198	undefined
4199	undefined
4200	undefined
4201	undefined
4202	undefined
4203	undefined
4204	undefined
4205	undefined
4206	undefined
4207	undefined
4208	undefined
4209	undefined
4210	undefined
4211	undefined
4212	undefined
4213	undefined
4214	undefined
4215	undefined
4216	undefined
4217	undefined
4218	undefined
4219	undefined
4220	undefined
4221	undefined
4222	undefined
4223	undefined
4224	undefined
4225	undefined
4226	undefined
4227	undefined
4228	undefined
4229	undefined
4230	undefined
4231	undefined
4232	undefined
4233	undefined
4234	undefined
4235	undefined
4236	undefined
4237	undefined
4238	undefined
4239	undefined
4240	undefined
4241	undefined
4242	undefined
4243	undefined
4244	undefined
4245	undefined
4246	undefined
4247	undefined
4248	undefined
4249	undefined
4250	undefined
4251	undefined
4252	undefined
4253	undefined
4254	undefined
4255	undefined
4256	undefined
4257	undefined
4258	undefined
4259	undefined
4260	undefined
4261	undefined
4262	undefined
4263	undefined
4264	undefined
4265	undefined
4266	undefined
4267	undefined
4268	undefined
4269	undefined
4270	undefined
4271	undefined
4272	undefined
4273	undefined
4274	undefined
4275	undefined
4276	undefined
4277	undefined
4278	undefined
4279	undefined
4280	undefined
4281	undefined
4282	undefined
4283	undefined
4284	undefined
4285	undefined
4286	undefined
4287	undefined
4288	undefined
4289	undefined
4290	undefined
4291	undefined
4292	undefined
4293	undefined
4294	undefined
4295	undefined
4296	undefined
4297	undefined
4298	undefined
4299	undefined
4300	undefined
4301	undefined
4302	undefined
4303	undefined
4304	undefined
4305	undefined
4306	undefined
4307	undefined
4308	undefined
4309	undefined
4310	undefined
4311	undefined
4312	undefined
4313	undefined
4314	undefined
4315	undefined
4316	undefined
4317	undefined
4318	undefined
4319	undefined
4320	undefined
4321	undefined
4322	undefined
4323	undefined
4324	undefined
4325	undefined
4326	undefined
4327	undefined
4328	undefined
4329	undefined
4330	undefined
4331	undefined
4332	undefined
4333	undefined
4334	undefined
4335	undefined
4336	undefined
4337	undefined
4338	undefined
4339	undefined
4340	undefined
4341	undefined
4342	undefined
4343	undefined
4344	undefined
4345	undefined
4346	undefined
4347	undefined
4348	undefined
4349	undefined
4350	undefined
4351	undefined
4352	undefined
4353	undefined
4354	undefined
4355	undefined
4356	undefined
4357	undefined
4358	undefined
4359	undefined
4360	undefined
4361	undefined
4362	undefined
4363	undefined
4364	undefined
4365	undefined
4366	undefined
4367	undefined
4368	undefined
4369	undefined
4370	undefined
4371	undefined
4372	undefined
4373	undefined
4374	undefined
4375	undefined
4376	undefined
4377	undefined
4378	undefined
4379	undefined
4380	undefined
4381	undefined
4382	undefined
4383	undefined
4384	undefined
4385	undefined
4386	undefined
4387	undefined
4388	undefined
4389	undefined
4390	undefined
4391	undefined
4392	undefined
4393	undefined
4394	undefined
4395	undefined
4396	undefined
4397	undefined
4398	undefined
4399	undefined
4400	undefined
4401	undefined
4402	undefined
4403	undefined
4404	undefined
4405	undefined
4406	undefined
4407	undefined
4408	undefined
4409	undefined
4410	undefined
4411	undefined
4412	undefined
4413	undefined
4414	undefined
4415	undefined
4416	undefined
4417	undefined
4418	undefined
4419	undefined
4420	undefined
4421	undefined
4422	undefined
4423	undefined
4424	undefined
4425	undefined
4426	undefined
4427	undefined
4428	undefined
4429	undefined
4430	undefined
4431	undefined
4432	undefined
4433	undefined
4434	undefined
4435	undefined
4436	undefined
4437	undefined
4438	undefined
4439	undefined
4440	undefined
4441	undefined
4442	undefined
4443	undefined
4444	undefined
4445	undefined
4446	undefined
4447	undefined
4448	undefined
4449	undefined
4450	undefined
4451	undefined
4452	undefined
4453	undefined
4454	undefined
4455	undefined
4456	undefined
4457	undefined
4458	undefined
4459	undefined
4460	undefined
4461	undefined
4462	undefined
4463	undefined
4464	undefined
4465	undefined
4466	undefined
4467	undefined
4468	undefined
4469	undefined
4470	undefined
4471	undefined
4472	undefined
4473	undefined
4474	undefined
4475	undefined
4476	undefined
4477	undefined
4478	undefined
4479	undefined
4480	undefined
4481	undefined
4482	undefined
4483	undefined
4484	undefined
4485	undefined
4486	undefined
4487	undefined
4488	undefined
4489	undefined
4490	undefined
4491	undefined
4492	undefined
4493	undefined
4494	undefined
4495	undefined
4496	undefined
4497	undefined
4498	undefined
4499	undefined
4500	undefined
4501	undefined
4502	undefined
4503	undefined
4504	undefined
4505	undefined
4506	undefined
4507	undefined
4508	undefined
4509	undefined
4510	undefined
4511	undefined
4512	undefined
4513	undefined
4514	undefined
4515	undefined
4516	undefined
4517	undefined
4518	undefined
4519	undefined
4520	undefined
4521	undefined
4522	undefined
4523	undefined
4524	undefined
4525	undefined
4526	undefined
4527	undefined
4528	undefined
4529	undefined
4530	undefined
4531	undefined
4532	undefined
4533	undefined
4534	undefined
4535	undefined
4536	undefined
4537	undefined
4538	undefined
4539	undefined
4540	undefined
4541	undefined
4542	undefined
4543	undefined
4544	undefined
4545	undefined
4546	undefined
4547	undefined
4548	undefined
4549	undefined
4550	undefined
4551	undefined
4552	undefined
4553	undefined
4554	undefined
4555	undefined
4556	undefined
4557	undefined
4558	undefined
4559	undefined
4560	undefined
4561	undefined
4562	undefined
4563	undefined
4564	undefined
4565	undefined
4566	undefined
4567	undefined
4568	undefined
4569	undefined
4570	undefined
4571	undefined
4572	undefined
4573	undefined
4574	undefined
4575	undefined
4576	undefined
4577	undefined
4578	undefined
4579	undefined
4580	undefined
4581	undefined
4582	undefined
4583	undefined
4584	undefined
4585	undefined
4586	undefined
4587	undefined
4588	undefined
4589	undefined
4590	undefined
4591	undefined
4592	undefined
4593	undefined
4594	undefined
4595	undefined
4596	undefined
4597	undefined
4598	undefined
4599	undefined
4600	undefined
4601	undefined
4602	undefined
4603	undefined
4604	undefined
4605	undefined
4606	undefined
4607	undefined
4608	undefined
4609	undefined
4610	undefined
4611	undefined
4612	undefined
4613	undefined
4614	undefined
4615	undefined
4616	undefined
4617	undefined
4618	undefined
4619	undefined
4620	undefined
4621	undefined
4622	undefined
4623	undefined
4624	undefined
4625	undefined
4626	undefined
4627	undefined
4628	undefined
4629	undefined
4630	undefined
4631	undefined
4632	undefined
4633	undefined
4634	undefined
4635	undefined
4636	undefined
4637	undefined
4638	undefined
4639	undefined
4640	undefined
4641	undefined
4642	undefined
4643	undefined
4644	undefined
4645	undefined
4646	undefined
4647	undefined
4648	undefined
4649	undefined
4650	undefined
4651	undefined
4652	undefined
4653	undefined
4654	undefined
4655	undefined
4656	undefined
4657	undefined
4658	undefined
4659	undefined
4660	undefined
4661	undefined
4662	undefined
4663	undefined
4664	undefined
4665	undefined
4666	undefined
4667	undefined
4668	undefined
4669	undefined
4670	undefined
4671	undefined
4672	undefined
4673	undefined
4674	undefined
4675	undefined
4676	undefined
4677	undefined
4678	undefined
4679	undefined
4680	undefined
4681	undefined
4682	undefined
4683	undefined
4684	undefined
4685	undefined
4686	undefined
4687	undefined
4688	undefined
4689	undefined
4690	undefined
4691	undefined
4692	undefined
4693	undefined
4694	undefined
4695	undefined
4696	undefined
4697	undefined
4698	undefined
4699	undefined
4700	undefined
4701	undefined
4702	undefined
4703	undefined
4704	undefined
4705	undefined
4706	undefined
4707	undefined
4708	undefined
4709	undefined
4710	undefined
4711	undefined
4712	undefined
4713	undefined
4714	undefined
4715	undefined
4716	undefined
4717	undefined
4718	undefined
4719	undefined
4720	undefined
4721	undefined
4722	undefined
4723	undefined
4724	undefined
4725	undefined
4726	undefined
4727	undefined
4728	undefined
4729	undefined
4730	undefined
4731	undefined
4732	undefined
4733	undefined
4734	undefined
4735	undefined
4736	undefined
4737	undefined
4738	undefined
4739	undefined
4740	undefined
4741	undefined
4742	undefined
4743	undefined
4744	undefined
4745	undefined
4746	undefined
4747	undefined
4748	undefined
4749	undefined
4750	undefined
4751	undefined
4752	undefined
4753	undefined
4754	undefined
4755	undefined
4756	undefined
4757	undefined
4758	undefined
4759	undefined
4760	undefined
4761	undefined
4762	undefined
4763	undefined
4764	undefined
4765	undefined
4766	undefined
4767	undefined
4768	undefined
4769	undefined
4770	undefined
4771	undefined
4772	undefined
4773	undefined
4774	undefined
4775	undefined
4776	undefined
4777	undefined
4778	undefined
4779	undefined
4780	undefined
4781	undefined
4782	undefined
4783	undefined
4784	undefined
4785	undefined
4786	undefined
4787	undefined
4788	undefined
4789	undefined
4790	undefined
4791	undefined
4792	undefined
4793	undefined
4794	undefined
4795	undefined
4796	undefined
4797	undefined
4798	undefined
4799	undefined
4800	undefined
4801	undefined
4802	undefined
4803	undefined
4804	undefined
4805	undefined
4806	undefined
4807	undefined
4808	undefined
4809	undefined
4810	undefined
4811	undefined
4812	undefined
4813	undefined
4814	undefined
4815	undefined
4816	undefined
4817	undefined
4818	undefined
4819	undefined
4820	undefined
4821	undefined
4822	undefined
4823	undefined
4824	undefined
4825	undefined
4826	undefined
4827	undefined
4828	undefined
4829	undefined
4830	undefined
4831	undefined
4832	undefined
4833	undefined
4834	undefined
4835	undefined
4836	undefined
4837	undefined
4838	undefined
4839	undefined
4840	undefined
4841	undefined
4842	undefined
4843	undefined
4844	undefined
4845	undefined
4846	undefined
4847	undefined
4848	undefined
4849	undefined
4850	undefined
4851	undefined
4852	undefined
4853	undefined
4854	undefined
4855	undefined
4856	undefined
4857	undefined
4858	undefined
4859	undefined
4860	undefined
4861	undefined
4862	undefined
4863	undefined
4864	undefined
4865	undefined
4866	undefined
4867	undefined
4868	undefined
4869	undefined
4870	undefined
4871	undefined
4872	undefined
4873	undefined
4874	undefined
4875	undefined
4876	undefined
4877	undefined
4878	undefined
4879	undefined
4880	undefined
4881	undefined
4882	undefined
4883	undefined
4884	undefined
4885	undefined
4886	undefined
4887	undefined
4888	undefined
4889	undefined
4890	undefined
4891	undefined
4892	undefined
4893	undefined
4894	undefined
4895	undefined
4896	undefined
4897	undefined
4898	undefined
4899	undefined
4900	undefined
4901	undefined
4902	undefined
4903	undefined
4904	undefined
4905	undefined
4906	undefined
4907	undefined
4908	undefined
4909	undefined
4910	undefined
4911	undefined
4912	undefined
4913	undefined
4914	undefined
4915	undefined
4916	undefined
4917	undefined
4918	undefined
4919	undefined
4920	undefined
4921	undefined
4922	undefined
4923	undefined
4924	undefined
4925	undefined
4926	undefined
4927	undefined
4928	undefined
4929	undefined
4930	undefined
4931	undefined
4932	undefined
4933	undefined
4934	undefined
4935	undefined
4936	undefined
4937	undefined
4938	undefined
4939	undefined
4940	undefined
4941	undefined
4942	undefined
4943	undefined
4944	undefined
4945	undefined
4946	undefined
4947	undefined
4948	undefined
4949	undefined
4950	undefined
4951	undefined
4952	undefined
4953	undefined
4954	undefined
4955	undefined
4956	undefined
4957	undefined
4958	undefined
4959	undefined
4960	undefined
4961	undefined
4962	undefined
4963	undefined
4964	undefined
4965	undefined
4966	undefined
4967	undefined
4968	undefined
4969	undefined
4970	undefined
4971	undefined
4972	undefined
4973	undefined
4974	undefined
4975	undefined
4976	undefined
4977	undefined
4978	undefined
4979	undefined
4980	undefined
4981	undefined
4982	undefined
4983	undefined
4984	undefined
4985	undefined
4986	undefined
4987	undefined
4988	undefined
4989	undefined
4990	undefined
4991	undefined
4992	undefined
4993	undefined
4994	undefined
4995	undefined
4996	undefined
4997	undefined
4998	undefined
4999	undefined
5000	undefined
5001	undefined
5002	undefined
5003	undefined
5004	undefined
5005	undefined
5006	undefined
5007	undefined
5008	undefined
5009	undefined
5010	undefined
5011	undefined
5012	undefined
5013	undefined
5014	undefined
5015	undefined
5016	undefined
5017	undefined
5018	undefined
5019	undefined
5020	undefined
5021	undefined
5022	undefined
5023	undefined
5024	undefined
5025	undefined
5026	undefined
5027	undefined
5028	undefined
5029	undefined
5030	undefined
5031	undefined
5032	undefined
5033	undefined
5034	undefined
5035	undefined
5036	undefined
5037	undefined
5038	undefined
5039	undefined
5040	undefined
5041	undefined
5042	undefined
5043	undefined
5044	undefined
5045	undefined
5046	undefined
5047	undefined
5048	undefined
5049	undefined
5050	undefined
5051	undefined
5052	undefined
5053	undefined
5054	undefined
5055	undefined
5056	undefined
5057	undefined
5058	undefined
5059	undefined
5060	undefined
5061	undefined
5062	undefined
5063	undefined
5064	undefined
5065	undefined
5066	undefined
5067	undefined
5068	undefined
5069	undefined
5070	undefined
5071	undefined
5072	undefined
5073	undefined
5074	undefined
5075	undefined
5076	undefined
5077	undefined
5078	undefined
5079	undefined
5080	undefined
5081	undefined
5082	undefined
5083	undefined
5084	undefined
5085	undefined
5086	undefined
5087	undefined
5088	undefined
5089	undefined
5090	undefined
5091	undefined
5092	undefined
5093	undefined
5094	undefined
5095	undefined
5096	undefined
5097	undefined
5098	undefined
5099	undefined
5100	undefined
5101	undefined
5102	undefined
5103	undefined
5104	undefined
5105	undefined
5106	undefined
5107	undefined
5108	undefined
5109	undefined
5110	undefined
5111	undefined
5112	undefined
5113	undefined
5114	undefined
5115	undefined
5116	undefined
5117	undefined
5118	undefined
5119	undefined
5120	undefined
5121	undefined
5122	undefined
5123	undefined
5124	undefined
5125	undefined
5126	undefined
5127	undefined
5128	undefined
5129	undefined
5130	undefined
5131	undefined
5132	undefined
5133	undefined
5134	undefined
5135	undefined
5136	undefined
5137	undefined
5138	undefined
5139	undefined
5140	undefined
5141	undefined
5142	undefined
5143	undefined
5144	undefined
5145	undefined
5146	undefined
5147	undefined
5148	undefined
5149	undefined
5150	undefined
5151	undefined
5152	undefined
5153	undefined
5154	undefined
5155	undefined
5156	undefined
5157	undefined
5158	undefined
5159	undefined
5160	undefined
5161	undefined
5162	undefined
5163	undefined
5164	undefined
5165	undefined
5166	undefined
5167	undefined
5168	undefined
5169	undefined
5170	undefined
5171	undefined
5172	undefined
5173	undefined
5174	undefined
5175	undefined
5176	undefined
5177	undefined
5178	undefined
5179	undefined
5180	undefined
5181	undefined
5182	undefined
5183	undefined
5184	undefined
5185	undefined
5186	undefined
5187	undefined
5188	undefined
5189	undefined
5190	undefined
5191	undefined
5192	undefined
5193	undefined
5194	undefined
5195	undefined
5196	undefined
5197	undefined
5198	undefined
5199	undefined
5200	undefined
5201	undefined
5202	undefined
5203	undefined
5204	undefined
5205	undefined
5206	undefined
5207	undefined
5208	undefined
5209	undefined
5210	undefined
5211	undefined
5212	undefined
5213	undefined
5214	undefined
5215	undefined
5216	undefined
5217	undefined
5218	undefined
5219	undefined
5220	undefined
5221	undefined
5222	undefined
5223	undefined
5224	undefined
5225	undefined
5226	undefined
5227	undefined
5228	undefined
5229	undefined
5230	undefined
5231	undefined
5232	undefined
5233	undefined
5234	undefined
5235	undefined
5236	undefined
5237	undefined
5238	undefined
5239	undefined
5240	undefined
5241	undefined
5242	undefined
5243	undefined
5244	undefined
5245	undefined
5246	undefined
5247	undefined
5248	undefined
5249	undefined
5250	undefined
5251	undefined
5252	undefined
5253	undefined
5254	undefined
5255	undefined
5256	undefined
5257	undefined
5258	undefined
5259	undefined
5260	undefined
5261	undefined
5262	undefined
5263	undefined
5264	undefined
5265	undefined
5266	undefined
5267	undefined
5268	undefined
5269	undefined
5270	undefined
5271	undefined
5272	undefined
5273	undefined
5274	undefined
5275	undefined
5276	undefined
5277	undefined
5278	undefined
5279	undefined
5280	undefined
5281	undefined
5282	undefined
5283	undefined
5284	undefined
5285	undefined
5286	undefined
5287	undefined
5288	undefined
5289	undefined
5290	undefined
5291	undefined
5292	undefined
5293	undefined
5294	undefined
5295	undefined
5296	undefined
5297	undefined
5298	undefined
5299	undefined
5300	undefined
5301	undefined
5302	undefined
5303	undefined
5304	undefined
5305	undefined
5306	undefined
5307	undefined
5308	undefined
5309	undefined
5310	undefined
5311	undefined
5312	undefined
5313	undefined
5314	undefined
5315	undefined
5316	undefined
5317	undefined
5318	undefined
5319	undefined
5320	undefined
5321	undefined
5322	undefined
5323	undefined
5324	undefined
5325	undefined
5326	undefined
5327	undefined
5328	undefined
5329	undefined
5330	undefined
5331	undefined
5332	undefined
5333	undefined
5334	undefined
5335	undefined
5336	undefined
5337	undefined
5338	undefined
5339	undefined
5340	undefined
5341	undefined
5342	undefined
5343	undefined
5344	undefined
5345	undefined
5346	undefined
5347	undefined
5348	undefined
5349	undefined
5350	undefined
5351	undefined
5352	undefined
5353	undefined
5354	undefined
5355	undefined
5356	undefined
5357	undefined
5358	undefined
5359	undefined
5360	undefined
5361	undefined
5362	undefined
5363	undefined
5364	undefined
5365	undefined
5366	undefined
5367	undefined
5368	undefined
5369	undefined
5370	undefined
5371	undefined
5372	undefined
5373	undefined
5374	undefined
5375	undefined
5376	undefined
5377	undefined
5378	undefined
5379	undefined
5380	undefined
5381	undefined
5382	undefined
5383	undefined
5384	undefined
5385	undefined
5386	undefined
5387	undefined
5388	undefined
5389	undefined
5390	undefined
5391	undefined
5392	undefined
5393	undefined
5394	undefined
5395	undefined
5396	undefined
5397	undefined
5398	undefined
5399	undefined
5400	undefined
5401	undefined
5402	undefined
5403	undefined
5404	undefined
5405	undefined
5406	undefined
5407	undefined
5408	undefined
5409	undefined
5410	undefined
5411	undefined
5412	undefined
5413	undefined
5414	undefined
5415	undefined
5416	undefined
5417	undefined
5418	undefined
5419	undefined
5420	undefined
5421	undefined
5422	undefined
5423	undefined
5424	undefined
5425	undefined
5426	undefined
5427	undefined
5428	undefined
5429	undefined
5430	undefined
5431	undefined
5432	undefined
5433	undefined
5434	undefined
5435	undefined
5436	undefined
5437	undefined
5438	undefined
5439	undefined
5440	undefined
5441	undefined
5442	undefined
5443	undefined
5444	undefined
5445	undefined
5446	undefined
5447	undefined
5448	undefined
5449	undefined
5450	undefined
5451	undefined
5452	undefined
5453	undefined
5454	undefined
5455	undefined
5456	undefined
5457	undefined
5458	undefined
5459	undefined
5460	undefined
5461	undefined
5462	undefined
5463	undefined
5464	undefined
5465	undefined
5466	undefined
5467	undefined
5468	undefined
5469	undefined
5470	undefined
5471	undefined
5472	undefined
5473	undefined
5474	undefined
5475	undefined
5476	undefined
5477	undefined
5478	undefined
5479	undefined
5480	undefined
5481	undefined
5482	undefined
5483	undefined
5484	undefined
5485	undefined
5486	undefined
5487	undefined
5488	undefined
5489	undefined
5490	undefined
5491	undefined
5492	undefined
5493	undefined
5494	undefined
5495	undefined
5496	undefined
5497	undefined
5498	undefined
5499	undefined
5500	undefined
5501	undefined
5502	undefined
5503	undefined
5504	undefined
5505	undefined
5506	undefined
5507	undefined
5508	undefined
5509	undefined
5510	undefined
5511	undefined
5512	undefined
5513	undefined
5514	undefined
5515	undefined
5516	undefined
5517	undefined
5518	undefined
5519	undefined
5520	undefined
5521	undefined
5522	undefined
5523	undefined
5524	undefined
5525	undefined
5526	undefined
5527	undefined
5528	undefined
5529	undefined
5530	undefined
5531	undefined
5532	undefined
5533	undefined
5534	undefined
5535	undefined
5536	undefined
5537	undefined
5538	undefined
5539	undefined
5540	undefined
5541	undefined
5542	undefined
5543	undefined
5544	undefined
5545	undefined
5546	undefined
5547	undefined
5548	undefined
5549	undefined
5550	undefined
5551	undefined
5552	undefined
5553	undefined
5554	undefined
5555	undefined
5556	undefined
5557	undefined
5558	undefined
5559	undefined
5560	undefined
5561	undefined
5562	undefined
5563	undefined
5564	undefined
5565	undefined
5566	undefined
5567	undefined
5568	undefined
5569	undefined
5570	undefined
5571	undefined
5572	undefined
5573	undefined
5574	undefined
5575	undefined
5576	undefined
5577	undefined
5578	undefined
5579	undefined
5580	undefined
5581	undefined
5582	undefined
5583	undefined
5584	undefined
5585	undefined
5586	undefined
5587	undefined
5588	undefined
5589	undefined
5590	undefined
5591	undefined
5592	undefined
5593	undefined
5594	undefined
5595	undefined
5596	undefined
5597	undefined
5598	undefined
5599	undefined
5600	undefined
5601	undefined
5602	undefined
5603	undefined
5604	undefined
5605	undefined
5606	undefined
5607	undefined
5608	undefined
5609	undefined
5610	undefined
5611	undefined
5612	undefined
5613	undefined
5614	undefined
5615	undefined
5616	undefined
5617	undefined
5618	undefined
5619	undefined
5620	undefined
5621	undefined
5622	undefined
5623	undefined
5624	undefined
5625	undefined
5626	undefined
5627	undefined
5628	undefined
5629	undefined
5630	undefined
5631	undefined
5632	undefined
5633	undefined
5634	undefined
5635	undefined
5636	undefined
5637	undefined
5638	undefined
5639	undefined
5640	undefined
5641	undefined
5642	undefined
5643	undefined
5644	undefined
5645	undefined
5646	undefined
5647	undefined
5648	undefined
5649	undefined
5650	undefined
5651	undefined
5652	undefined
5653	undefined
5654	undefined
5655	undefined
5656	undefined
5657	undefined
5658	undefined
5659	undefined
5660	undefined
5661	undefined
5662	undefined
5663	undefined
5664	undefined
5665	undefined
5666	undefined
5667	undefined
5668	undefined
5669	undefined
5670	undefined
5671	undefined
5672	undefined
5673	undefined
5674	undefined
5675	undefined
5676	undefined
5677	undefined
5678	undefined
5679	undefined
5680	undefined
5681	undefined
5682	undefined
5683	undefined
5684	undefined
5685	undefined
5686	undefined
5687	undefined
5688	undefined
5689	undefined
5690	undefined
5691	undefined
5692	undefined
5693	undefined
5694	undefined
5695	undefined
5696	undefined
5697	undefined
5698	undefined
5699	undefined
5700	undefined
5701	undefined
5702	undefined
5703	undefined
5704	undefined
5705	undefined
5706	undefined
5707	undefined
5708	undefined
5709	undefined
5710	undefined
5711	undefined
5712	undefined
5713	undefined
5714	undefined
5715	undefined
5716	undefined
5717	undefined
5718	undefined
5719	undefined
5720	undefined
5721	undefined
5722	undefined
5723	undefined
5724	undefined
5725	undefined
5726	undefined
5727	undefined
5728	undefined
5729	undefined
5730	undefined
5731	undefined
5732	undefined
5733	undefined
5734	undefined
5735	undefined
5736	undefined
5737	undefined
5738	undefined
5739	undefined
5740	undefined
5741	undefined
5742	undefined
5743	undefined
5744	undefined
5745	undefined
5746	undefined
5747	undefined
5748	undefined
5749	undefined
5750	undefined
5751	undefined
5752	undefined
5753	undefined
5754	undefined
5755	undefined
5756	undefined
5757	undefined
5758	undefined
5759	undefined
5760	undefined
5761	undefined
5762	undefined
5763	undefined
5764	undefined
5765	undefined
5766	undefined
5767	undefined
5768	undefined
5769	undefined
5770	undefined
5771	undefined
5772	undefined
5773	undefined
5774	undefined
5775	undefined
5776	undefined
5777	undefined
5778	undefined
5779	undefined
5780	undefined
5781	undefined
5782	undefined
5783	undefined
5784	undefined
5785	undefined
5786	undefined
5787	undefined
5788	undefined
5789	undefined
5790	undefined
5791	undefined
5792	undefined
5793	undefined
5794	undefined
5795	undefined
5796	undefined
5797	undefined
5798	undefined
5799	undefined
5800	undefined
5801	undefined
5802	undefined
5803	undefined
5804	undefined
5805	undefined
5806	undefined
5807	undefined
5808	undefined
5809	undefined
5810	undefined
5811	undefined
5812	undefined
5813	undefined
5814	undefined
5815	undefined
5816	undefined
5817	undefined
5818	undefined
5819	undefined
5820	undefined
5821	undefined
5822	undefined
5823	undefined
5824	undefined
5825	undefined
5826	undefined
5827	undefined
5828	undefined
5829	undefined
5830	undefined
5831	undefined
5832	undefined
5833	undefined
5834	undefined
5835	undefined
5836	undefined
5837	undefined
5838	undefined
5839	undefined
5840	undefined
5841	undefined
5842	undefined
5843	undefined
5844	undefined
5845	undefined
5846	undefined
5847	undefined
5848	undefined
5849	undefined
5850	undefined
5851	undefined
5852	undefined
5853	undefined
5854	undefined
5855	undefined
5856	undefined
5857	undefined
5858	undefined
5859	undefined
5860	undefined
5861	undefined
5862	undefined
5863	undefined
5864	undefined
5865	undefined
5866	undefined
5867	undefined
5868	undefined
5869	undefined
5870	undefined
5871	undefined
5872	undefined
5873	undefined
5874	undefined
5875	undefined
5876	undefined
5877	undefined
5878	undefined
5879	undefined
5880	undefined
5881	undefined
5882	undefined
5883	undefined
5884	undefined
5885	undefined
5886	undefined
5887	undefined
5888	undefined
5889	undefined
5890	undefined
5891	undefined
5892	undefined
5893	undefined
5894	undefined
5895	undefined
5896	undefined
5897	undefined
5898	undefined
5899	undefined
5900	undefined
5901	undefined
5902	undefined
5903	undefined
5904	undefined
5905	undefined
5906	undefined
5907	undefined
5908	undefined
5909	undefined
5910	undefined
5911	undefined
5912	undefined
5913	undefined
5914	undefined
5915	undefined
5916	undefined
5917	undefined
5918	undefined
5919	undefined
5920	undefined
5921	undefined
5922	undefined
5923	undefined
5924	undefined
5925	undefined
5926	undefined
5927	undefined
5928	undefined
5929	undefined
5930	undefined
5931	undefined
5932	undefined
5933	undefined
5934	undefined
5935	undefined
5936	undefined
5937	undefined
5938	undefined
5939	undefined
5940	undefined
5941	undefined
5942	undefined
5943	undefined
5944	undefined
5945	undefined
5946	undefined
5947	undefined
5948	undefined
5949	undefined
5950	undefined
5951	undefined
5952	undefined
5953	undefined
5954	undefined
5955	undefined
5956	undefined
5957	undefined
5958	undefined
5959	undefined
5960	undefined
5961	undefined
5962	undefined
5963	undefined
5964	undefined
5965	undefined
5966	undefined
5967	undefined
5968	undefined
5969	undefined
5970	undefined
5971	undefined
5972	undefined
5973	undefined
5974	undefined
5975	undefined
5976	undefined
5977	undefined
5978	undefined
5979	undefined
5980	undefined
5981	undefined
5982	undefined
5983	undefined
5984	undefined
5985	undefined
5986	undefined
5987	undefined
5988	undefined
5989	undefined
5990	undefined
5991	undefined
5992	undefined
5993	undefined
5994	undefined
5995	undefined
5996	undefined
5997	undefined
5998	undefined
5999	undefined
6000	undefined
6001	undefined
6002	undefined
6003	undefined
6004	undefined
6005	undefined
6006	undefined
6007	undefined
6008	undefined
6009	undefined
6010	undefined
6011	undefined
6012	undefined
6013	undefined
6014	undefined
6015	undefined
6016	undefined
6017	undefined
6018	undefined
6019	undefined
6020	undefined
6021	undefined
6022	undefined
6023	undefined
6024	undefined
6025	undefined
6026	undefined
6027	undefined
6028	undefined
6029	undefined
6030	undefined
6031	undefined
6032	undefined
6033	undefined
6034	undefined
6035	undefined
6036	undefined
6037	undefined
6038	undefined
6039	undefined
6040	undefined
6041	undefined
6042	undefined
6043	undefined
6044	undefined
6045	undefined
6046	undefined
6047	undefined
6048	undefined
6049	undefined
6050	undefined
6051	undefined
6052	undefined
6053	undefined
6054	undefined
6055	undefined
6056	undefined
6057	undefined
6058	undefined
6059	undefined
6060	undefined
6061	undefined
6062	undefined
6063	undefined
6064	undefined
6065	undefined
6066	undefined
6067	undefined
6068	undefined
6069	undefined
6070	undefined
6071	undefined
6072	undefined
6073	undefined
6074	undefined
6075	undefined
6076	undefined
6077	undefined
6078	undefined
6079	undefined
6080	undefined
6081	undefined
6082	undefined
6083	undefined
6084	undefined
6085	undefined
6086	undefined
6087	undefined
6088	undefined
6089	undefined
6090	undefined
6091	undefined
6092	undefined
6093	undefined
6094	undefined
6095	undefined
6096	undefined
6097	undefined
6098	undefined
6099	undefined
6100	undefined
6101	undefined
6102	undefined
6103	undefined
6104	undefined
6105	undefined
6106	undefined
6107	undefined
6108	undefined
6109	undefined
6110	undefined
6111	undefined
6112	undefined
6113	undefined
6114	undefined
6115	undefined
6116	undefined
6117	undefined
6118	undefined
6119	undefined
6120	undefined
6121	undefined
6122	undefined
6123	undefined
6124	undefined
6125	undefined
6126	undefined
6127	undefined
6128	undefined
6129	undefined
6130	undefined
6131	undefined
6132	undefined
6133	undefined
6134	undefined
6135	undefined
6136	undefined
6137	undefined
6138	undefined
6139	undefined
6140	undefined
6141	undefined
6142	undefined
6143	undefined
6144	undefined
6145	undefined
6146	undefined
6147	undefined
6148	undefined
6149	undefined
6150	undefined
6151	undefined
6152	undefined
6153	undefined
6154	undefined
6155	undefined
6156	undefined
6157	undefined
6158	undefined
6159	undefined
6160	undefined
6161	undefined
6162	undefined
6163	undefined
6164	undefined
6165	undefined
6166	undefined
6167	undefined
6168	undefined
6169	undefined
6170	undefined
6171	undefined
6172	undefined
6173	undefined
6174	undefined
6175	undefined
6176	undefined
6177	undefined
6178	undefined
6179	undefined
6180	undefined
6181	undefined
6182	undefined
6183	undefined
6184	undefined
6185	undefined
6186	undefined
6187	undefined
6188	undefined
6189	undefined
6190	undefined
6191	undefined
6192	undefined
6193	undefined
6194	undefined
6195	undefined
6196	undefined
6197	undefined
6198	undefined
6199	undefined
6200	undefined
6201	undefined
6202	undefined
6203	undefined
6204	undefined
6205	undefined
6206	undefined
6207	undefined
6208	undefined
6209	undefined
6210	undefined
6211	undefined
6212	undefined
6213	undefined
6214	undefined
6215	undefined
6216	undefined
6217	undefined
6218	undefined
6219	undefined
6220	undefined
6221	undefined
6222	undefined
6223	undefined
6224	undefined
6225	undefined
6226	undefined
6227	undefined
6228	undefined
6229	undefined
6230	undefined
6231	undefined
6232	undefined
6233	undefined
6234	undefined
6235	undefined
6236	undefined
6237	undefined
6238	undefined
6239	undefined
6240	undefined
6241	undefined
6242	undefined
6243	undefined
6244	undefined
6245	undefined
6246	undefined
6247	undefined
6248	undefined
6249	undefined
6250	undefined
6251	undefined
6252	undefined
6253	undefined
6254	undefined
6255	undefined
6256	undefined
6257	undefined
6258	undefined
6259	undefined
6260	undefined
6261	undefined
6262	undefined
6263	undefined
6264	undefined
6265	undefined
6266	undefined
6267	undefined
6268	undefined
6269	undefined
6270	undefined
6271	undefined
6272	undefined
6273	undefined
6274	undefined
6275	undefined
6276	undefined
6277	undefined
6278	undefined
6279	undefined
6280	undefined
6281	undefined
6282	undefined
6283	undefined
6284	undefined
6285	undefined
6286	undefined
6287	undefined
6288	undefined
6289	undefined
6290	undefined
6291	undefined
6292	undefined
6293	undefined
6294	undefined
6295	undefined
6296	undefined
6297	undefined
6298	undefined
6299	undefined
6300	undefined
6301	undefined
6302	undefined
6303	undefined
6304	undefined
6305	undefined
6306	undefined
6307	undefined
6308	undefined
6309	undefined
6310	undefined
6311	undefined
6312	undefined
6313	undefined
6314	undefined
6315	undefined
6316	undefined
6317	undefined
6318	undefined
6319	undefined
6320	undefined
6321	undefined
6322	undefined
6323	undefined
6324	undefined
6325	undefined
6326	undefined
6327	undefined
6328	undefined
6329	undefined
6330	undefined
6331	undefined
6332	undefined
6333	undefined
6334	undefined
6335	undefined
6336	undefined
6337	undefined
6338	undefined
6339	undefined
6340	undefined
6341	undefined
6342	undefined
6343	undefined
6344	undefined
6345	undefined
6346	undefined
6347	undefined
6348	undefined
6349	undefined
6350	undefined
6351	undefined
6352	undefined
6353	undefined
6354	undefined
6355	undefined
6356	undefined
6357	undefined
6358	undefined
6359	undefined
6360	undefined
6361	undefined
6362	undefined
6363	undefined
6364	undefined
6365	undefined
6366	undefined
6367	undefined
6368	undefined
6369	undefined
6370	undefined
6371	undefined
6372	undefined
6373	undefined
6374	undefined
6375	undefined
6376	undefined
6377	undefined
6378	undefined
6379	undefined
6380	undefined
6381	undefined
6382	undefined
6383	undefined
6384	undefined
6385	undefined
6386	undefined
6387	undefined
6388	undefined
6389	undefined
6390	undefined
6391	undefined
6392	undefined
6393	undefined
6394	undefined
6395	undefined
6396	undefined
6397	undefined
6398	undefined
6399	undefined
6400	undefined
6401	undefined
6402	undefined
6403	undefined
6404	undefined
6405	undefined
6406	undefined
6407	undefined
6408	undefined
6409	undefined
6410	undefined
6411	undefined
6412	undefined
6413	undefined
6414	undefined
6415	undefined
6416	undefined
6417	undefined
6418	undefined
6419	undefined
6420	undefined
6421	undefined
6422	undefined
6423	undefined
6424	undefined
6425	undefined
6426	undefined
6427	undefined
6428	undefined
6429	undefined
6430	undefined
6431	undefined
6432	undefined
6433	undefined
6434	undefined
6435	undefined
6436	undefined
6437	undefined
6438	undefined
6439	undefined
6440	undefined
6441	undefined
6442	undefined
6443	undefined
6444	undefined
6445	undefined
6446	undefined
6447	undefined
6448	undefined
6449	undefined
6450	undefined
6451	undefined
6452	undefined
6453	undefined
6454	undefined
6455	undefined
6456	undefined
6457	undefined
6458	undefined
6459	undefined
6460	undefined
6461	undefined
6462	undefined
6463	undefined
6464	undefined
6465	undefined
6466	undefined
6467	undefined
6468	undefined
6469	undefined
6470	undefined
6471	undefined
6472	undefined
6473	undefined
6474	undefined
6475	undefined
6476	undefined
6477	undefined
6478	undefined
6479	undefined
6480	undefined
6481	undefined
6482	undefined
6483	undefined
6484	undefined
6485	undefined
6486	undefined
6487	undefined
6488	undefined
6489	undefined
6490	undefined
6491	undefined
6492	undefined
6493	undefined
6494	undefined
6495	undefined
6496	undefined
6497	undefined
6498	undefined
6499	undefined
6500	undefined
6501	undefined
6502	undefined
6503	undefined
6504	undefined
6505	undefined
6506	undefined
6507	undefined
6508	undefined
6509	undefined
6510	undefined
6511	undefined
6512	undefined
6513	undefined
6514	undefined
6515	undefined
6516	undefined
6517	undefined
6518	undefined
6519	undefined
6520	undefined
6521	undefined
6522	undefined
6523	undefined
6524	undefined
6525	undefined
6526	undefined
6527	undefined
6528	undefined
6529	undefined
6530	undefined
6531	undefined
6532	undefined
6533	undefined
6534	undefined
6535	undefined
6536	undefined
6537	undefined
6538	undefined
6539	undefined
6540	undefined
6541	undefined
6542	undefined
6543	undefined
6544	undefined
6545	undefined
6546	undefined
6547	undefined
6548	undefined
6549	undefined
6550	undefined
6551	undefined
6552	undefined
6553	undefined
6554	undefined
6555	undefined
6556	undefined
6557	undefined
6558	undefined
6559	undefined
6560	undefined
6561	undefined
6562	undefined
6563	undefined
6564	undefined
6565	undefined
6566	undefined
6567	undefined
6568	undefined
6569	undefined
6570	undefined
6571	undefined
6572	undefined
6573	undefined
6574	undefined
6575	undefined
6576	undefined
6577	undefined
6578	undefined
6579	undefined
6580	undefined
6581	undefined
6582	undefined
6583	undefined
6584	undefined
6585	undefined
6586	undefined
6587	undefined
6588	undefined
6589	undefined
6590	undefined
6591	undefined
6592	undefined
6593	undefined
6594	undefined
6595	undefined
6596	undefined
6597	undefined
6598	undefined
6599	undefined
6600	undefined
6601	undefined
6602	undefined
6603	undefined
6604	undefined
6605	undefined
6606	undefined
6607	undefined
6608	undefined
6609	undefined
6610	undefined
6611	undefined
6612	undefined
6613	undefined
6614	undefined
6615	undefined
6616	undefined
6617	undefined
6618	undefined
6619	undefined
6620	undefined
6621	undefined
6622	undefined
6623	undefined
6624	undefined
6625	undefined
6626	undefined
6627	undefined
6628	undefined
6629	undefined
6630	undefined
6631	undefined
6632	undefined
6633	undefined
6634	undefined
6635	undefined
6636	undefined
6637	undefined
6638	undefined
6639	undefined
6640	undefined
6641	undefined
6642	undefined
6643	undefined
6644	undefined
6645	undefined
6646	undefined
6647	undefined
6648	undefined
6649	undefined
6650	undefined
6651	undefined
6652	undefined
6653	undefined
6654	undefined
6655	undefined
6656	undefined
6657	undefined
6658	undefined
6659	undefined
6660	undefined
6661	undefined
6662	undefined
6663	undefined
6664	undefined
6665	undefined
6666	undefined
6667	undefined
6668	undefined
6669	undefined
6670	undefined
6671	undefined
6672	undefined
6673	undefined
6674	undefined
6675	undefined
6676	undefined
6677	undefined
6678	undefined
6679	undefined
6680	undefined
6681	undefined
6682	undefined
6683	undefined
6684	undefined
6685	undefined
6686	undefined
6687	undefined
6688	undefined
6689	undefined
6690	undefined
6691	undefined
6692	undefined
6693	undefined
6694	undefined
6695	undefined
6696	undefined
6697	undefined
6698	undefined
6699	undefined
6700	undefined
6701	undefined
6702	undefined
6703	undefined
6704	undefined
6705	undefined
6706	undefined
6707	undefined
6708	undefined
6709	undefined
6710	undefined
6711	undefined
6712	undefined
6713	undefined
6714	undefined
6715	undefined
6716	undefined
6717	undefined
6718	undefined
6719	undefined
6720	undefined
6721	undefined
6722	undefined
6723	undefined
6724	undefined
6725	undefined
6726	undefined
6727	undefined
6728	undefined
6729	undefined
6730	undefined
6731	undefined
6732	undefined
6733	undefined
6734	undefined
6735	undefined
6736	undefined
6737	undefined
6738	undefined
6739	undefined
6740	undefined
6741	undefined
6742	undefined
6743	undefined
6744	undefined
6745	undefined
6746	undefined
6747	undefined
6748	undefined
6749	undefined
6750	undefined
6751	undefined
6752	undefined
6753	undefined
6754	undefined
6755	undefined
6756	undefined
6757	undefined
6758	undefined
6759	undefined
6760	undefined
6761	undefined
6762	undefined
6763	undefined
6764	undefined
6765	undefined
6766	undefined
6767	undefined
6768	undefined
6769	undefined
6770	undefined
6771	undefined
6772	undefined
6773	undefined
6774	undefined
6775	undefined
6776	undefined
6777	undefined
6778	undefined
6779	undefined
6780	undefined
6781	undefined
6782	undefined
6783	undefined
6784	undefined
6785	undefined
6786	undefined
6787	undefined
6788	undefined
6789	undefined
6790	undefined
6791	undefined
6792	undefined
6793	undefined
6794	undefined
6795	undefined
6796	undefined
6797	undefined
6798	undefined
6799	undefined
6800	undefined
6801	undefined
6802	undefined
6803	undefined
6804	undefined
6805	undefined
6806	undefined
6807	undefined
6808	undefined
6809	undefined
6810	undefined
6811	undefined
6812	undefined
6813	undefined
6814	undefined
6815	undefined
6816	undefined
6817	undefined
6818	undefined
6819	undefined
6820	undefined
6821	undefined
6822	undefined
6823	undefined
6824	undefined
6825	undefined
6826	undefined
6827	undefined
6828	undefined
6829	undefined
6830	undefined
6831	undefined
6832	undefined
6833	undefined
6834	undefined
6835	undefined
6836	undefined
6837	undefined
6838	undefined
6839	undefined
6840	undefined
6841	undefined
6842	undefined
6843	undefined
6844	undefined
6845	undefined
6846	undefined
6847	undefined
6848	undefined
6849	undefined
6850	undefined
6851	undefined
6852	undefined
6853	undefined
6854	undefined
6855	undefined
6856	undefined
6857	undefined
6858	undefined
6859	undefined
6860	undefined
6861	undefined
6862	undefined
6863	undefined
6864	undefined
6865	undefined
6866	undefined
6867	undefined
6868	undefined
6869	undefined
6870	undefined
6871	undefined
6872	undefined
6873	undefined
6874	undefined
6875	undefined
6876	undefined
6877	undefined
6878	undefined
6879	undefined
6880	undefined
6881	undefined
6882	undefined
6883	undefined
6884	undefined
6885	undefined
6886	undefined
6887	undefined
6888	undefined
6889	undefined
6890	undefined
6891	undefined
6892	undefined
6893	undefined
6894	undefined
6895	undefined
6896	undefined
6897	undefined
6898	undefined
6899	undefined
6900	undefined
6901	undefined
6902	undefined
6903	undefined
6904	undefined
6905	undefined
6906	undefined
6907	undefined
6908	undefined
6909	undefined
6910	undefined
6911	undefined
6912	undefined
6913	undefined
6914	undefined
6915	undefined
6916	undefined
6917	undefined
6918	undefined
6919	undefined
6920	undefined
6921	undefined
6922	undefined
6923	undefined
6924	undefined
6925	undefined
6926	undefined
6927	undefined
6928	undefined
6929	undefined
6930	undefined
6931	undefined
6932	undefined
6933	undefined
6934	undefined
6935	undefined
6936	undefined
6937	undefined
6938	undefined
6939	undefined
6940	undefined
6941	undefined
6942	undefined
6943	undefined
6944	undefined
6945	undefined
6946	undefined
6947	undefined
6948	undefined
6949	undefined
6950	undefined
6951	undefined
6952	undefined
6953	undefined
6954	undefined
6955	undefined
6956	undefined
6957	undefined
6958	undefined
6959	undefined
6960	undefined
6961	undefined
6962	undefined
6963	undefined
6964	undefined
6965	undefined
6966	undefined
6967	undefined
6968	undefined
6969	undefined
6970	undefined
6971	undefined
6972	undefined
6973	undefined
6974	undefined
6975	undefined
6976	undefined
6977	undefined
6978	undefined
6979	undefined
6980	undefined
6981	undefined
6982	undefined
6983	undefined
6984	undefined
6985	undefined
6986	undefined
6987	undefined
6988	undefined
6989	undefined
6990	undefined
6991	undefined
6992	undefined
6993	undefined
6994	undefined
6995	undefined
6996	undefined
6997	undefined
6998	undefined
6999	undefined
7000	undefined
7001	undefined
7002	undefined
7003	undefined
7004	undefined
7005	undefined
7006	undefined
7007	undefined
7008	undefined
7009	undefined
7010	undefined
7011	undefined
7012	undefined
7013	undefined
7014	undefined
7015	undefined
7016	undefined
7017	undefined
7018	undefined
7019	undefined
7020	undefined
7021	undefined
7022	undefined
7023	undefined
7024	undefined
7025	undefined
7026	undefined
7027	undefined
7028	undefined
7029	undefined
7030	undefined
7031	undefined
7032	undefined
7033	undefined
7034	undefined
7035	undefined
7036	undefined
7037	undefined
7038	undefined
7039	undefined
7040	undefined
7041	undefined
7042	undefined
7043	undefined
7044	undefined
7045	undefined
7046	undefined
7047	undefined
7048	undefined
7049	undefined
7050	undefined
7051	undefined
7052	undefined
7053	undefined
7054	undefined
7055	undefined
7056	undefined
7057	undefined
7058	undefined
7059	undefined
7060	undefined
7061	undefined
7062	undefined
7063	undefined
7064	undefined
7065	undefined
7066	undefined
7067	undefined
7068	undefined
7069	undefined
7070	undefined
7071	undefined
7072	undefined
7073	undefined
7074	undefined
7075	undefined
7076	undefined
7077	undefined
7078	undefined
7079	undefined
7080	undefined
7081	undefined
7082	undefined
7083	undefined
7084	undefined
7085	undefined
7086	undefined
7087	undefined
7088	undefined
7089	undefined
7090	undefined
7091	undefined
7092	undefined
7093	undefined
7094	undefined
7095	undefined
7096	undefined
7097	undefined
7098	undefined
7099	undefined
7100	undefined
7101	undefined
7102	undefined
7103	undefined
7104	undefined
7105	undefined
7106	undefined
7107	undefined
7108	undefined
7109	undefined
7110	undefined
7111	undefined
7112	undefined
7113	undefined
7114	undefined
7115	undefined
7116	undefined
7117	undefined
7118	undefined
7119	undefined
7120	undefined
7121	undefined
7122	undefined
7123	undefined
7124	undefined
7125	undefined
7126	undefined
7127	undefined
7128	undefined
7129	undefined
7130	undefined
7131	undefined
7132	undefined
7133	undefined
7134	undefined
7135	undefined
7136	undefined
7137	undefined
7138	undefined
7139	undefined
7140	undefined
7141	undefined
7142	undefined
7143	undefined
7144	undefined
7145	undefined
7146	undefined
7147	undefined
7148	undefined
7149	undefined
7150	undefined
7151	undefined
7152	undefined
7153	undefined
7154	undefined
7155	undefined
7156	undefined
7157	undefined
7158	undefined
7159	undefined
7160	undefined
7161	undefined
7162	undefined
7163	undefined
7164	undefined
7165	undefined
7166	undefined
7167	undefined
7168	undefined
7169	undefined
7170	undefined
7171	undefined
7172	undefined
7173	undefined
7174	undefined
7175	undefined
7176	undefined
7177	undefined
7178	undefined
7179	undefined
7180	undefined
7181	undefined
7182	undefined
7183	undefined
7184	undefined
7185	undefined
7186	undefined
7187	undefined
7188	undefined
7189	undefined
7190	undefined
7191	undefined
7192	undefined
7193	undefined
7194	undefined
7195	undefined
7196	undefined
7197	undefined
7198	undefined
7199	undefined
7200	undefined
7201	undefined
7202	undefined
7203	undefined
7204	undefined
7205	undefined
7206	undefined
7207	undefined
7208	undefined
7209	undefined
7210	undefined
7211	undefined
7212	undefined
7213	undefined
7214	undefined
7215	undefined
7216	undefined
7217	undefined
7218	undefined
7219	undefined
7220	undefined
7221	undefined
7222	undefined
7223	undefined
7224	undefined
7225	undefined
7226	undefined
7227	undefined
7228	undefined
7229	undefined
7230	undefined
7231	undefined
7232	undefined
7233	undefined
7234	undefined
7235	undefined
7236	undefined
7237	undefined
7238	undefined
7239	undefined
7240	undefined
7241	undefined
7242	undefined
7243	undefined
7244	undefined
7245	undefined
7246	undefined
7247	undefined
7248	undefined
7249	undefined
7250	undefined
7251	undefined
7252	undefined
7253	undefined
7254	undefined
7255	undefined
7256	undefined
7257	undefined
7258	undefined
7259	undefined
7260	undefined
7261	undefined
7262	undefined
7263	undefined
7264	undefined
7265	undefined
7266	undefined
7267	undefined
7268	undefined
7269	undefined
7270	undefined
7271	undefined
7272	undefined
7273	undefined
7274	undefined
7275	undefined
7276	undefined
7277	undefined
7278	undefined
7279	undefined
7280	undefined
7281	undefined
7282	undefined
7283	undefined
7284	undefined
7285	undefined
7286	undefined
7287	undefined
7288	undefined
7289	undefined
7290	undefined
7291	undefined
7292	undefined
7293	undefined
7294	undefined
7295	undefined
7296	undefined
7297	undefined
7298	undefined
7299	undefined
7300	undefined
7301	undefined
7302	undefined
7303	undefined
7304	undefined
7305	undefined
7306	undefined
7307	undefined
7308	undefined
7309	undefined
7310	undefined
7311	undefined
7312	undefined
7313	undefined
7314	undefined
7315	undefined
7316	undefined
7317	undefined
7318	undefined
7319	undefined
7320	undefined
7321	undefined
7322	undefined
7323	undefined
7324	undefined
7325	undefined
7326	undefined
7327	undefined
7328	undefined
7329	undefined
7330	undefined
7331	undefined
7332	undefined
7333	undefined
7334	undefined
7335	undefined
7336	undefined
7337	undefined
7338	undefined
7339	undefined
7340	undefined
7341	undefined
7342	undefined
7343	undefined
7344	undefined
7345	undefined
7346	undefined
7347	undefined
7348	undefined
7349	undefined
7350	undefined
7351	undefined
7352	undefined
7353	undefined
7354	undefined
7355	undefined
7356	undefined
7357	undefined
7358	undefined
7359	undefined
7360	undefined
7361	undefined
7362	undefined
7363	undefined
7364	undefined
7365	undefined
7366	undefined
7367	undefined
7368	undefined
7369	undefined
7370	undefined
7371	undefined
7372	undefined
7373	undefined
7374	undefined
7375	undefined
7376	undefined
7377	undefined
7378	undefined
7379	undefined
7380	undefined
7381	undefined
7382	undefined
7383	undefined
7384	undefined
7385	undefined
7386	undefined
7387	undefined
7388	undefined
7389	undefined
7390	undefined
7391	undefined
7392	undefined
7393	undefined
7394	undefined
7395	undefined
7396	undefined
7397	undefined
7398	undefined
7399	undefined
7400	undefined
7401	undefined
7402	undefined
7403	undefined
7404	undefined
7405	undefined
7406	undefined
7407	undefined
7408	undefined
7409	undefined
7410	undefined
7411	undefined
7412	undefined
7413	undefined
7414	undefined
7415	undefined
7416	undefined
7417	undefined
7418	undefined
7419	undefined
7420	undefined
7421	undefined
7422	undefined
7423	undefined
7424	undefined
7425	undefined
7426	undefined
7427	undefined
7428	undefined
7429	undefined
7430	undefined
7431	undefined
7432	undefined
7433	undefined
7434	undefined
7435	undefined
7436	undefined
7437	undefined
7438	undefined
7439	undefined
7440	undefined
7441	undefined
7442	undefined
7443	undefined
7444	undefined
7445	undefined
7446	undefined
7447	undefined
7448	undefined
7449	undefined
7450	undefined
7451	undefined
7452	undefined
7453	undefined
7454	undefined
7455	undefined
7456	undefined
7457	undefined
7458	undefined
7459	undefined
7460	undefined
7461	undefined
7462	undefined
7463	undefined
7464	undefined
7465	undefined
7466	undefined
7467	undefined
7468	undefined
7469	undefined
7470	undefined
7471	undefined
7472	undefined
7473	undefined
7474	undefined
7475	undefined
7476	undefined
7477	undefined
7478	undefined
7479	undefined
7480	undefined
7481	undefined
7482	undefined
7483	undefined
7484	undefined
7485	undefined
7486	undefined
7487	undefined
7488	undefined
7489	undefined
7490	undefined
7491	undefined
7492	undefined
7493	undefined
7494	undefined
7495	undefined
7496	undefined
7497	undefined
7498	undefined
7499	undefined
7500	undefined
7501	undefined
7502	undefined
7503	undefined
7504	undefined
7505	undefined
7506	undefined
7507	undefined
7508	undefined
7509	undefined
7510	undefined
7511	undefined
7512	undefined
7513	undefined
7514	undefined
7515	undefined
7516	undefined
7517	undefined
7518	undefined
7519	undefined
7520	undefined
7521	undefined
7522	undefined
7523	undefined
7524	undefined
7525	undefined
7526	undefined
7527	undefined
7528	undefined
7529	undefined
7530	undefined
7531	undefined
7532	undefined
7533	undefined
7534	undefined
7535	undefined
7536	undefined
7537	undefined
7538	undefined
7539	undefined
7540	undefined
7541	undefined
7542	undefined
7543	undefined
7544	undefined
7545	undefined
7546	undefined
7547	undefined
7548	undefined
7549	undefined
7550	undefined
7551	undefined
7552	undefined
7553	undefined
7554	undefined
7555	undefined
7556	undefined
7557	undefined
7558	undefined
7559	undefined
7560	undefined
7561	undefined
7562	undefined
7563	undefined
7564	undefined
7565	undefined
7566	undefined
7567	undefined
7568	undefined
7569	undefined
7570	undefined
7571	undefined
7572	undefined
7573	undefined
7574	undefined
7575	undefined
7576	undefined
7577	undefined
7578	undefined
7579	undefined
7580	undefined
7581	undefined
7582	undefined
7583	undefined
7584	undefined
7585	undefined
7586	undefined
7587	undefined
7588	undefined
7589	undefined
7590	undefined
7591	undefined
7592	undefined
7593	undefined
7594	undefined
7595	undefined
7596	undefined
7597	undefined
7598	undefined
7599	undefined
7600	undefined
7601	undefined
7602	undefined
7603	undefined
7604	undefined
7605	undefined
7606	undefined
7607	undefined
7608	undefined
7609	undefined
7610	undefined
7611	undefined
7612	undefined
7613	undefined
7614	undefined
7615	undefined
7616	undefined
7617	undefined
7618	undefined
7619	undefined
7620	undefined
7621	undefined
7622	undefined
7623	undefined
7624	undefined
7625	undefined
7626	undefined
7627	undefined
7628	undefined
7629	undefined
7630	undefined
7631	undefined
7632	undefined
7633	undefined
7634	undefined
7635	undefined
7636	undefined
7637	undefined
7638	undefined
7639	undefined
7640	undefined
7641	undefined
7642	undefined
7643	undefined
7644	undefined
7645	undefined
7646	undefined
7647	undefined
7648	undefined
7649	undefined
7650	undefined
7651	undefined
7652	undefined
7653	undefined
7654	undefined
7655	undefined
7656	undefined
7657	undefined
7658	undefined
7659	undefined
7660	undefined
7661	undefined
7662	undefined
7663	undefined
7664	undefined
7665	undefined
7666	undefined
7667	undefined
7668	undefined
7669	undefined
7670	undefined
7671	undefined
7672	undefined
7673	undefined
7674	undefined
7675	undefined
7676	undefined
7677	undefined
7678	undefined
7679	undefined
7680	undefined
7681	undefined
7682	undefined
7683	undefined
7684	undefined
7685	undefined
7686	undefined
7687	undefined
7688	undefined
7689	undefined
7690	undefined
7691	undefined
7692	undefined
7693	undefined
7694	undefined
7695	undefined
7696	undefined
7697	undefined
7698	undefined
7699	undefined
7700	undefined
7701	undefined
7702	undefined
7703	undefined
7704	undefined
7705	undefined
7706	undefined
7707	undefined
7708	undefined
7709	undefined
7710	undefined
7711	undefined
7712	undefined
7713	undefined
7714	undefined
7715	undefined
7716	undefined
7717	undefined
7718	undefined
7719	undefined
7720	undefined
7721	undefined
7722	undefined
7723	undefined
7724	undefined
7725	undefined
7726	undefined
7727	undefined
7728	undefined
7729	undefined
7730	undefined
7731	undefined
7732	undefined
7733	undefined
7734	undefined
7735	undefined
7736	undefined
7737	undefined
7738	undefined
7739	undefined
7740	undefined
7741	undefined
7742	undefined
7743	undefined
7744	undefined
7745	undefined
7746	undefined
7747	undefined
7748	undefined
7749	undefined
7750	undefined
7751	undefined
7752	undefined
7753	undefined
7754	undefined
7755	undefined
7756	undefined
7757	undefined
7758	undefined
7759	undefined
7760	undefined
7761	undefined
7762	undefined
7763	undefined
7764	undefined
7765	undefined
7766	undefined
7767	undefined
7768	undefined
7769	undefined
7770	undefined
7771	undefined
7772	undefined
7773	undefined
7774	undefined
7775	undefined
7776	undefined
7777	undefined
7778	undefined
7779	undefined
7780	undefined
7781	undefined
7782	undefined
7783	undefined
7784	undefined
7785	undefined
7786	undefined
7787	undefined
7788	undefined
7789	undefined
7790	undefined
7791	undefined
7792	undefined
7793	undefined
7794	undefined
7795	undefined
7796	undefined
7797	undefined
7798	undefined
7799	undefined
7800	undefined
7801	undefined
7802	undefined
7803	undefined
7804	undefined
7805	undefined
7806	undefined
7807	undefined
7808	undefined
7809	undefined
7810	undefined
7811	undefined
7812	undefined
7813	undefined
7814	undefined
7815	undefined
7816	undefined
7817	undefined
7818	undefined
7819	undefined
7820	undefined
7821	undefined
7822	undefined
7823	undefined
7824	undefined
7825	undefined
7826	undefined
7827	undefined
7828	undefined
7829	undefined
7830	undefined
7831	undefined
7832	undefined
7833	undefined
7834	undefined
7835	undefined
7836	undefined
7837	undefined
7838	undefined
7839	undefined
7840	undefined
7841	undefined
7842	undefined
7843	undefined
7844	undefined
7845	undefined
7846	undefined
7847	undefined
7848	undefined
7849	undefined
7850	undefined
7851	undefined
7852	undefined
7853	undefined
7854	undefined
7855	undefined
7856	undefined
7857	undefined
7858	undefined
7859	undefined
7860	undefined
7861	undefined
7862	undefined
7863	undefined
7864	undefined
7865	undefined
7866	undefined
7867	undefined
7868	undefined
7869	undefined
7870	undefined
7871	undefined
7872	undefined
7873	undefined
7874	undefined
7875	undefined
7876	undefined
7877	undefined
7878	undefined
7879	undefined
7880	undefined
7881	undefined
7882	undefined
7883	undefined
7884	undefined
7885	undefined
7886	undefined
7887	undefined
7888	undefined
7889	undefined
7890	undefined
7891	undefined
7892	undefined
7893	undefined
7894	undefined
7895	undefined
7896	undefined
7897	undefined
7898	undefined
7899	undefined
7900	undefined
7901	undefined
7902	undefined
7903	undefined
7904	undefined
7905	undefined
7906	undefined
7907	undefined
7908	undefined
7909	undefined
7910	undefined
7911	undefined
7912	undefined
7913	undefined
7914	undefined
7915	undefined
7916	undefined
7917	undefined
7918	undefined
7919	undefined
7920	undefined
7921	undefined
7922	undefined
7923	undefined
7924	undefined
7925	undefined
7926	undefined
7927	undefined
7928	undefined
7929	undefined
7930	undefined
7931	undefined
7932	undefined
7933	undefined
7934	undefined
7935	undefined
7936	undefined
7937	undefined
7938	undefined
7939	undefined
7940	undefined
7941	undefined
7942	undefined
7943	undefined
7944	undefined
7945	undefined
7946	undefined
7947	undefined
7948	undefined
7949	undefined
7950	undefined
7951	undefined
7952	undefined
7953	undefined
7954	undefined
7955	undefined
7956	undefined
7957	undefined
7958	undefined
7959	undefined
7960	undefined
7961	undefined
7962	undefined
7963	undefined
7964	undefined
7965	undefined
7966	undefined
7967	undefined
7968	undefined
7969	undefined
7970	undefined
7971	undefined
7972	undefined
7973	undefined
7974	undefined
7975	undefined
7976	undefined
7977	undefined
7978	undefined
7979	undefined
7980	undefined
7981	undefined
7982	undefined
7983	undefined
7984	undefined
7985	undefined
7986	undefined
7987	undefined
7988	undefined
7989	undefined
7990	undefined
7991	undefined
7992	undefined
7993	undefined
7994	undefined
7995	undefined
7996	undefined
7997	undefined
7998	undefined
7999	undefined
8000	undefined
8001	undefined
8002	undefined
8003	undefined
8004	undefined
8005	undefined
8006	undefined
8007	undefined
8008	undefined
8009	undefined
8010	undefined
8011	undefined
8012	undefined
8013	undefined
8014	undefined
8015	undefined
8016	undefined
8017	undefined
8018	undefined
8019	undefined
8020	undefined
8021	undefined
8022	undefined
8023	undefined
8024	undefined
8025	undefined
8026	undefined
8027	undefined
8028	undefined
8029	undefined
8030	undefined
8031	undefined
8032	undefined
8033	undefined
8034	undefined
8035	undefined
8036	undefined
8037	undefined
8038	undefined
8039	undefined
8040	undefined
8041	undefined
8042	undefined
8043	undefined
8044	undefined
8045	undefined
8046	undefined
8047	undefined
8048	undefined
8049	undefined
8050	undefined
8051	undefined
8052	undefined
8053	undefined
8054	undefined
8055	undefined
8056	undefined
8057	undefined
8058	undefined
8059	undefined
8060	undefined
8061	undefined
8062	undefined
8063	undefined
8064	undefined
8065	undefined
8066	undefined
8067	undefined
8068	undefined
8069	undefined
8070	undefined
8071	undefined
8072	undefined
8073	undefined
8074	undefined
8075	undefined
8076	undefined
8077	undefined
8078	undefined
8079	undefined
8080	undefined
8081	undefined
8082	undefined
8083	undefined
8084	undefined
8085	undefined
8086	undefined
8087	undefined
8088	undefined
8089	undefined
8090	undefined
8091	undefined
8092	undefined
8093	undefined
8094	undefined
8095	undefined
8096	undefined
8097	undefined
8098	undefined
8099	undefined
8100	undefined
8101	undefined
8102	undefined
8103	undefined
8104	undefined
8105	undefined
8106	undefined
8107	undefined
8108	undefined
8109	undefined
8110	undefined
8111	undefined
8112	undefined
8113	undefined
8114	undefined
8115	undefined
8116	undefined
8117	undefined
8118	undefined
8119	undefined
8120	undefined
8121	undefined
8122	undefined
8123	undefined
8124	undefined
8125	undefined
8126	undefined
8127	undefined
8128	undefined
8129	undefined
8130	undefined
8131	undefined
8132	undefined
8133	undefined
8134	undefined
8135	undefined
8136	undefined
8137	undefined
8138	undefined
8139	undefined
8140	undefined
8141	undefined
8142	undefined
8143	undefined
8144	undefined
8145	undefined
8146	undefined
8147	undefined
8148	undefined
8149	undefined
8150	undefined
8151	undefined
8152	undefined
8153	undefined
8154	undefined
8155	undefined
8156	undefined
8157	undefined
8158	undefined
8159	undefined
8160	undefined
8161	undefined
8162	undefined
8163	undefined
8164	undefined
8165	undefined
8166	undefined
8167	undefined
8168	undefined
8169	undefined
8170	undefined
8171	undefined
8172	undefined
8173	undefined
8174	undefined
8175	undefined
8176	undefined
8177	undefined
8178	undefined
8179	undefined
8180	undefined
8181	undefined
8182	undefined
8183	undefined
8184	undefined
8185	undefined
8186	undefined
8187	undefined
8188	undefined
8189	undefined
8190	undefined
8191	undefined
8192	undefined
8193	undefined
8194	undefined
8195	undefined
8196	undefined
8197	undefined
8198	undefined
8199	undefined
8200	undefined
8201	undefined
8202	undefined
8203	undefined
8204	undefined
8205	undefined
8206	undefined
8207	undefined
8208	undefined
8209	undefined
8210	undefined
8211	undefined
8212	undefined
8213	undefined
8214	undefined
8215	undefined
8216	undefined
8217	undefined
8218	undefined
8219	undefined
8220	undefined
8221	undefined
8222	undefined
8223	undefined
8224	undefined
8225	undefined
8226	undefined
8227	undefined
8228	undefined
8229	undefined
8230	undefined
8231	undefined
8232	undefined
8233	undefined
8234	undefined
8235	undefined
8236	undefined
8237	undefined
8238	undefined
8239	undefined
8240	undefined
8241	undefined
8242	undefined
8243	undefined
8244	undefined
8245	undefined
8246	undefined
8247	undefined
8248	undefined
8249	undefined
8250	undefined
8251	undefined
8252	undefined
8253	undefined
8254	undefined
8255	undefined
8256	undefined
8257	undefined
8258	undefined
8259	undefined
8260	undefined
8261	undefined
8262	undefined
8263	undefined
8264	undefined
8265	undefined
8266	undefined
8267	undefined
8268	undefined
8269	undefined
8270	undefined
8271	undefined
8272	undefined
8273	undefined
8274	undefined
8275	undefined
8276	undefined
8277	undefined
8278	undefined
8279	undefined
8280	undefined
8281	undefined
8282	undefined
8283	undefined
8284	undefined
8285	undefined
8286	undefined
8287	undefined
8288	undefined
8289	undefined
8290	undefined
8291	undefined
8292	undefined
8293	undefined
8294	undefined
8295	undefined
8296	undefined
8297	undefined
8298	undefined
8299	undefined
8300	undefined
8301	undefined
8302	undefined
8303	undefined
8304	undefined
8305	undefined
8306	undefined
8307	undefined
8308	undefined
8309	undefined
8310	undefined
8311	undefined
8312	undefined
8313	undefined
8314	undefined
8315	undefined
8316	undefined
8317	undefined
8318	undefined
8319	undefined
8320	undefined
8321	undefined
8322	undefined
8323	undefined
8324	undefined
8325	undefined
8326	undefined
8327	undefined
8328	undefined
8329	undefined
8330	undefined
8331	undefined
8332	undefined
8333	undefined
8334	undefined
8335	undefined
8336	undefined
8337	undefined
8338	undefined
8339	undefined
8340	undefined
8341	undefined
8342	undefined
8343	undefined
8344	undefined
8345	undefined
8346	undefined
8347	undefined
8348	undefined
8349	undefined
8350	undefined
8351	undefined
8352	undefined
8353	undefined
8354	undefined
8355	undefined
8356	undefined
8357	undefined
8358	undefined
8359	undefined
8360	undefined
8361	undefined
8362	undefined
8363	undefined
8364	undefined
8365	undefined
8366	undefined
8367	undefined
8368	undefined
8369	undefined
8370	undefined
8371	undefined
8372	undefined
8373	undefined
8374	undefined
8375	undefined
8376	undefined
8377	undefined
8378	undefined
8379	undefined
8380	undefined
8381	undefined
8382	undefined
8383	undefined
8384	undefined
8385	undefined
8386	undefined
8387	undefined
8388	undefined
8389	undefined
8390	undefined
8391	undefined
8392	undefined
8393	undefined
8394	undefined
8395	undefined
8396	undefined
8397	undefined
8398	undefined
8399	undefined
8400	undefined
8401	undefined
8402	undefined
8403	undefined
8404	undefined
8405	undefined
8406	undefined
8407	undefined
8408	undefined
8409	undefined
8410	undefined
8411	undefined
8412	undefined
8413	undefined
8414	undefined
8415	undefined
8416	undefined
8417	undefined
8418	undefined
8419	undefined
8420	undefined
8421	undefined
8422	undefined
8423	undefined
8424	undefined
8425	undefined
8426	undefined
8427	undefined
8428	undefined
8429	undefined
8430	undefined
8431	undefined
8432	undefined
8433	undefined
8434	undefined
8435	undefined
8436	undefined
8437	undefined
8438	undefined
8439	undefined
8440	undefined
8441	undefined
8442	undefined
8443	undefined
8444	undefined
8445	undefined
8446	undefined
8447	undefined
8448	undefined
8449	undefined
8450	undefined
8451	undefined
8452	undefined
8453	undefined
8454	undefined
8455	undefined
8456	undefined
8457	undefined
8458	undefined
8459	undefined
8460	undefined
8461	undefined
8462	undefined
8463	undefined
8464	undefined
8465	undefined
8466	undefined
8467	undefined
8468	undefined
8469	undefined
8470	undefined
8471	undefined
8472	undefined
8473	undefined
8474	undefined
8475	undefined
8476	undefined
8477	undefined
8478	undefined
8479	undefined
8480	undefined
8481	undefined
8482	undefined
8483	undefined
8484	undefined
8485	undefined
8486	undefined
8487	undefined
8488	undefined
8489	undefined
8490	undefined
8491	undefined
8492	undefined
8493	undefined
8494	undefined
8495	undefined
8496	undefined
8497	undefined
8498	undefined
8499	undefined
8500	undefined
8501	undefined
8502	undefined
8503	undefined
8504	undefined
8505	undefined
8506	undefined
8507	undefined
8508	undefined
8509	undefined
8510	undefined
8511	undefined
8512	undefined
8513	undefined
8514	undefined
8515	undefined
8516	undefined
8517	undefined
8518	undefined
8519	undefined
8520	undefined
8521	undefined
8522	undefined
8523	undefined
8524	undefined
8525	undefined
8526	undefined
8527	undefined
8528	undefined
8529	undefined
8530	undefined
8531	undefined
8532	undefined
8533	undefined
8534	undefined
8535	undefined
8536	undefined
8537	undefined
8538	undefined
8539	undefined
8540	undefined
8541	undefined
8542	undefined
8543	undefined
8544	undefined
8545	undefined
8546	undefined
8547	undefined
8548	undefined
8549	undefined
8550	undefined
8551	undefined
8552	undefined
8553	undefined
8554	undefined
8555	undefined
8556	undefined
8557	undefined
8558	undefined
8559	undefined
8560	undefined
8561	undefined
8562	undefined
8563	undefined
8564	undefined
8565	undefined
8566	undefined
8567	undefined
8568	undefined
8569	undefined
8570	undefined
8571	undefined
8572	undefined
8573	undefined
8574	undefined
8575	undefined
8576	undefined
8577	undefined
8578	undefined
8579	undefined
8580	undefined
8581	undefined
8582	undefined
8583	undefined
8584	undefined
8585	undefined
8586	undefined
8587	undefined
8588	undefined
8589	undefined
8590	undefined
8591	undefined
8592	undefined
8593	undefined
8594	undefined
8595	undefined
8596	undefined
8597	undefined
8598	undefined
8599	undefined
8600	undefined
8601	undefined
8602	undefined
8603	undefined
8604	undefined
8605	undefined
8606	undefined
8607	undefined
8608	undefined
8609	undefined
8610	undefined
8611	undefined
8612	undefined
8613	undefined
8614	undefined
8615	undefined
8616	undefined
8617	undefined
8618	undefined
8619	undefined
8620	undefined
8621	undefined
8622	undefined
8623	undefined
8624	undefined
8625	undefined
8626	undefined
8627	undefined
8628	undefined
8629	undefined
8630	undefined
8631	undefined
8632	undefined
8633	undefined
8634	undefined
8635	undefined
8636	undefined
8637	undefined
8638	undefined
8639	undefined
8640	undefined
8641	undefined
8642	undefined
8643	undefined
8644	undefined
8645	undefined
8646	undefined
8647	undefined
8648	undefined
8649	undefined
8650	undefined
8651	undefined
8652	undefined
8653	undefined
8654	undefined
8655	undefined
8656	undefined
8657	undefined
8658	undefined
8659	undefined
8660	undefined
8661	undefined
8662	undefined
8663	undefined
8664	undefined
8665	undefined
8666	undefined
8667	undefined
8668	undefined
8669	undefined
8670	undefined
8671	undefined
8672	undefined
8673	undefined
8674	undefined
8675	undefined
8676	undefined
8677	undefined
8678	undefined
8679	undefined
8680	undefined
8681	undefined
8682	undefined
8683	undefined
8684	undefined
8685	undefined
8686	undefined
8687	undefined
8688	undefined
8689	undefined
8690	undefined
8691	undefined
8692	undefined
8693	undefined
8694	undefined
8695	undefined
8696	undefined
8697	undefined
8698	undefined
8699	undefined
8700	undefined
8701	undefined
8702	undefined
8703	undefined
8704	undefined
8705	undefined
8706	undefined
8707	undefined
8708	undefined
8709	undefined
8710	undefined
8711	undefined
8712	undefined
8713	undefined
8714	undefined
8715	undefined
8716	undefined
8717	undefined
8718	undefined
8719	undefined
8720	undefined
8721	undefined
8722	undefined
8723	undefined
8724	undefined
8725	undefined
8726	undefined
8727	undefined
8728	undefined
8729	undefined
8730	undefined
8731	undefined
8732	undefined
8733	undefined
8734	undefined
8735	undefined
8736	undefined
8737	undefined
8738	undefined
8739	undefined
8740	undefined
8741	undefined
8742	undefined
8743	undefined
8744	undefined
8745	undefined
8746	undefined
8747	undefined
8748	undefined
8749	undefined
8750	undefined
8751	undefined
8752	undefined
8753	undefined
8754	undefined
8755	undefined
8756	undefined
8757	undefined
8758	undefined
8759	undefined
8760	undefined
8761	undefined
8762	undefined
8763	undefined
8764	undefined
8765	undefined
8766	undefined
8767	undefined
8768	undefined
8769	undefined
8770	undefined
8771	undefined
8772	undefined
8773	undefined
8774	undefined
8775	undefined
8776	undefined
8777	undefined
8778	undefined
8779	undefined
8780	undefined
8781	undefined
8782	undefined
8783	undefined
8784	undefined
8785	undefined
8786	undefined
8787	undefined
8788	undefined
8789	undefined
8790	undefined
8791	undefined
8792	undefined
8793	undefined
8794	undefined
8795	undefined
8796	undefined
8797	undefined
8798	undefined
8799	undefined
8800	undefined
8801	undefined
8802	undefined
8803	undefined
8804	undefined
8805	undefined
8806	undefined
8807	undefined
8808	undefined
8809	undefined
8810	undefined
8811	undefined
8812	undefined
8813	undefined
8814	undefined
8815	undefined
8816	undefined
8817	undefined
8818	undefined
8819	undefined
8820	undefined
8821	undefined
8822	undefined
8823	undefined
8824	undefined
8825	undefined
8826	undefined
8827	undefined
8828	undefined
8829	undefined
8830	undefined
8831	undefined
8832	undefined
8833	undefined
8834	undefined
8835	undefined
8836	undefined
8837	undefined
8838	undefined
8839	undefined
8840	undefined
8841	undefined
8842	undefined
8843	undefined
8844	undefined
8845	undefined
8846	undefined
8847	undefined
8848	undefined
8849	undefined
8850	undefined
8851	undefined
8852	undefined
8853	undefined
8854	undefined
8855	undefined
8856	undefined
8857	undefined
8858	undefined
8859	undefined
8860	undefined
8861	undefined
8862	undefined
8863	undefined
8864	undefined
8865	undefined
8866	undefined
8867	undefined
8868	undefined
8869	undefined
8870	undefined
8871	undefined
8872	undefined
8873	undefined
8874	undefined
8875	undefined
8876	undefined
8877	undefined
8878	undefined
8879	undefined
8880	undefined
8881	undefined
8882	undefined
8883	undefined
8884	undefined
8885	undefined
8886	undefined
8887	undefined
8888	undefined
8889	undefined
8890	undefined
8891	undefined
8892	undefined
8893	undefined
8894	undefined
8895	undefined
8896	undefined
8897	undefined
8898	undefined
8899	undefined
8900	undefined
8901	undefined
8902	undefined
8903	undefined
8904	undefined
8905	undefined
8906	undefined
8907	undefined
8908	undefined
8909	undefined
8910	undefined
8911	undefined
8912	undefined
8913	undefined
8914	undefined
8915	undefined
8916	undefined
8917	undefined
8918	undefined
8919	undefined
8920	undefined
8921	undefined
8922	undefined
8923	undefined
8924	undefined
8925	undefined
8926	undefined
8927	undefined
8928	undefined
8929	undefined
8930	undefined
8931	undefined
8932	undefined
8933	undefined
8934	undefined
8935	undefined
8936	undefined
8937	undefined
8938	undefined
8939	undefined
8940	undefined
8941	undefined
8942	undefined
8943	undefined
8944	undefined
8945	undefined
8946	undefined
8947	undefined
8948	undefined
8949	undefined
8950	undefined
8951	undefined
8952	undefined
8953	undefined
8954	undefined
8955	undefined
8956	undefined
8957	undefined
8958	undefined
8959	undefined
8960	undefined
8961	undefined
8962	undefined
8963	undefined
8964	undefined
8965	undefined
8966	undefined
8967	undefined
8968	undefined
8969	undefined
8970	undefined
8971	undefined
8972	undefined
8973	undefined
8974	undefined
8975	undefined
8976	undefined
8977	undefined
8978	undefined
8979	undefined
8980	undefined
8981	undefined
8982	undefined
8983	undefined
8984	undefined
8985	undefined
8986	undefined
8987	undefined
8988	undefined
8989	undefined
8990	undefined
8991	undefined
8992	undefined
8993	undefined
8994	undefined
8995	undefined
8996	undefined
8997	undefined
8998	undefined
8999	undefined
9000	undefined
9001	undefined
9002	undefined
9003	undefined
9004	undefined
9005	undefined
9006	undefined
9007	undefined
9008	undefined
9009	undefined
9010	undefined
9011	undefined
9012	undefined
9013	undefined
9014	undefined
9015	undefined
9016	undefined
9017	undefined
9018	undefined
9019	undefined
9020	undefined
9021	undefined
9022	undefined
9023	undefined
9024	undefined
9025	undefined
9026	undefined
9027	undefined
9028	undefined
9029	undefined
9030	undefined
9031	undefined
9032	undefined
9033	undefined
9034	undefined
9035	undefined
9036	undefined
9037	undefined
9038	undefined
9039	undefined
9040	undefined
9041	undefined
9042	undefined
9043	undefined
9044	undefined
9045	undefined
9046	undefined
9047	undefined
9048	undefined
9049	undefined
9050	undefined
9051	undefined
9052	undefined
9053	undefined
9054	undefined
9055	undefined
9056	undefined
9057	undefined
9058	undefined
9059	undefined
9060	undefined
9061	undefined
9062	undefined
9063	undefined
9064	undefined
9065	undefined
9066	undefined
9067	undefined
9068	undefined
9069	undefined
9070	undefined
9071	undefined
9072	undefined
9073	undefined
9074	undefined
9075	undefined
9076	undefined
9077	undefined
9078	undefined
9079	undefined
9080	undefined
9081	undefined
9082	undefined
9083	undefined
9084	undefined
9085	undefined
9086	undefined
9087	undefined
9088	undefined
9089	undefined
9090	undefined
9091	undefined
9092	undefined
9093	undefined
9094	undefined
9095	undefined
9096	undefined
9097	undefined
9098	undefined
9099	undefined
9100	undefined
9101	undefined
9102	undefined
9103	undefined
9104	undefined
9105	undefined
9106	undefined
9107	undefined
9108	undefined
9109	undefined
9110	undefined
9111	undefined
9112	undefined
9113	undefined
9114	undefined
9115	undefined
9116	undefined
9117	undefined
9118	undefined
9119	undefined
9120	undefined
9121	undefined
9122	undefined
9123	undefined
9124	undefined
9125	undefined
9126	undefined
9127	undefined
9128	undefined
9129	undefined
9130	undefined
9131	undefined
9132	undefined
9133	undefined
9134	undefined
9135	undefined
9136	undefined
9137	undefined
9138	undefined
9139	undefined
9140	undefined
9141	undefined
9142	undefined
9143	undefined
9144	undefined
9145	undefined
9146	undefined
9147	undefined
9148	undefined
9149	undefined
9150	undefined
9151	undefined
9152	undefined
9153	undefined
9154	undefined
9155	undefined
9156	undefined
9157	undefined
9158	undefined
9159	undefined
9160	undefined
9161	undefined
9162	undefined
9163	undefined
9164	undefined
9165	undefined
9166	undefined
9167	undefined
9168	undefined
9169	undefined
9170	undefined
9171	undefined
9172	undefined
9173	undefined
9174	undefined
9175	undefined
9176	undefined
9177	undefined
9178	undefined
9179	undefined
9180	undefined
9181	undefined
9182	undefined
9183	undefined
9184	undefined
9185	undefined
9186	undefined
9187	undefined
9188	undefined
9189	undefined
9190	undefined
9191	undefined
9192	undefined
9193	undefined
9194	undefined
9195	undefined
9196	undefined
9197	undefined
9198	undefined
9199	undefined
9200	undefined
9201	undefined
9202	undefined
9203	undefined
9204	undefined
9205	undefined
9206	undefined
9207	undefined
9208	undefined
9209	undefined
9210	undefined
9211	undefined
9212	undefined
9213	undefined
9214	undefined
9215	undefined
9216	undefined
9217	undefined
9218	undefined
9219	undefined
9220	undefined
9221	undefined
9222	undefined
9223	undefined
9224	undefined
9225	undefined
9226	undefined
9227	undefined
9228	undefined
9229	undefined
9230	undefined
9231	undefined
9232	undefined
9233	undefined
9234	undefined
9235	undefined
9236	undefined
9237	undefined
9238	undefined
9239	undefined
9240	undefined
9241	undefined
9242	undefined
9243	undefined
9244	undefined
9245	undefined
9246	undefined
9247	undefined
9248	undefined
9249	undefined
9250	undefined
9251	undefined
9252	undefined
9253	undefined
9254	undefined
9255	undefined
9256	undefined
9257	undefined
9258	undefined
9259	undefined
9260	undefined
9261	undefined
9262	undefined
9263	undefined
9264	undefined
9265	undefined
9266	undefined
9267	undefined
9268	undefined
9269	undefined
9270	undefined
9271	undefined
9272	undefined
9273	undefined
9274	undefined
9275	undefined
9276	undefined
9277	undefined
9278	undefined
9279	undefined
9280	undefined
9281	undefined
9282	undefined
9283	undefined
9284	undefined
9285	undefined
9286	undefined
9287	undefined
9288	undefined
9289	undefined
9290	undefined
9291	undefined
9292	undefined
9293	undefined
9294	undefined
9295	undefined
9296	undefined
9297	undefined
9298	undefined
9299	undefined
9300	undefined
9301	undefined
9302	undefined
9303	undefined
9304	undefined
9305	undefined
9306	undefined
9307	undefined
9308	undefined
9309	undefined
9310	undefined
9311	undefined
9312	undefined
9313	undefined
9314	undefined
9315	undefined
9316	undefined
9317	undefined
9318	undefined
9319	undefined
9320	undefined
9321	undefined
9322	undefined
9323	undefined
9324	undefined
9325	undefined
9326	undefined
9327	undefined
9328	undefined
9329	undefined
9330	undefined
9331	undefined
9332	undefined
9333	undefined
9334	undefined
9335	undefined
9336	undefined
9337	undefined
9338	undefined
9339	undefined
9340	undefined
9341	undefined
9342	undefined
9343	undefined
9344	undefined
9345	undefined
9346	undefined
9347	undefined
9348	undefined
9349	undefined
9350	undefined
9351	undefined
9352	undefined
9353	undefined
9354	undefined
9355	undefined
9356	undefined
9357	undefined
9358	undefined
9359	undefined
9360	undefined
9361	undefined
9362	undefined
9363	undefined
9364	undefined
9365	undefined
9366	undefined
9367	undefined
9368	undefined
9369	undefined
9370	undefined
9371	undefined
9372	undefined
9373	undefined
9374	undefined
9375	undefined
9376	undefined
9377	undefined
9378	undefined
9379	undefined
9380	undefined
9381	undefined
9382	undefined
9383	undefined
9384	undefined
9385	undefined
9386	undefined
9387	undefined
9388	undefined
9389	undefined
9390	undefined
9391	undefined
9392	undefined
9393	undefined
9394	undefined
9395	undefined
9396	undefined
9397	undefined
9398	undefined
9399	undefined
9400	undefined
9401	undefined
9402	undefined
9403	undefined
9404	undefined
9405	undefined
9406	undefined
9407	undefined
9408	undefined
9409	undefined
9410	undefined
9411	undefined
9412	undefined
9413	undefined
9414	undefined
9415	undefined
9416	undefined
9417	undefined
9418	undefined
9419	undefined
9420	undefined
9421	undefined
9422	undefined
9423	undefined
9424	undefined
9425	undefined
9426	undefined
9427	undefined
9428	undefined
9429	undefined
9430	undefined
9431	undefined
9432	undefined
9433	undefined
9434	undefined
9435	undefined
9436	undefined
9437	undefined
9438	undefined
9439	undefined
9440	undefined
9441	undefined
9442	undefined
9443	undefined
9444	undefined
9445	undefined
9446	undefined
9447	undefined
9448	undefined
9449	undefined
9450	undefined
9451	undefined
9452	undefined
9453	undefined
9454	undefined
9455	undefined
9456	undefined
9457	undefined
9458	undefined
9459	undefined
9460	undefined
9461	undefined
9462	undefined
9463	undefined
9464	undefined
9465	undefined
9466	undefined
9467	undefined
9468	undefined
9469	undefined
9470	undefined
9471	undefined
9472	undefined
9473	undefined
9474	undefined
9475	undefined
9476	undefined
9477	undefined
9478	undefined
9479	undefined
9480	undefined
9481	undefined
9482	undefined
9483	undefined
9484	undefined
9485	undefined
9486	undefined
9487	undefined
9488	undefined
9489	undefined
9490	undefined
9491	undefined
9492	undefined
9493	undefined
9494	undefined
9495	undefined
9496	undefined
9497	undefined
9498	undefined
9499	undefined
9500	undefined
9501	undefined
9502	undefined
9503	undefined
9504	undefined
9505	undefined
9506	undefined
9507	undefined
9508	undefined
9509	undefined
9510	undefined
9511	undefined
9512	undefined
9513	undefined
9514	undefined
9515	undefined
9516	undefined
9517	undefined
9518	undefined
9519	undefined
9520	undefined
9521	undefined
9522	undefined
9523	undefined
9524	undefined
9525	undefined
9526	undefined
9527	undefined
9528	undefined
9529	undefined
9530	undefined
9531	undefined
9532	undefined
9533	undefined
9534	undefined
9535	undefined
9536	undefined
9537	undefined
9538	undefined
9539	undefined
9540	undefined
9541	undefined
9542	undefined
9543	undefined
9544	undefined
9545	undefined
9546	undefined
9547	undefined
9548	undefined
9549	undefined
9550	undefined
9551	undefined
9552	undefined
9553	undefined
9554	undefined
9555	undefined
9556	undefined
9557	undefined
9558	undefined
9559	undefined
9560	undefined
9561	undefined
9562	undefined
9563	undefined
9564	undefined
9565	undefined
9566	undefined
9567	undefined
9568	undefined
9569	undefined
9570	undefined
9571	undefined
9572	undefined
9573	undefined
9574	undefined
9575	undefined
9576	undefined
9577	undefined
9578	undefined
9579	undefined
9580	undefined
9581	undefined
9582	undefined
9583	undefined
9584	undefined
9585	undefined
9586	undefined
9587	undefined
9588	undefined
9589	undefined
9590	undefined
9591	undefined
9592	undefined
9593	undefined
9594	undefined
9595	undefined
9596	undefined
9597	undefined
9598	undefined
9599	undefined
9600	undefined
9601	undefined
9602	undefined
9603	undefined
9604	undefined
9605	undefined
9606	undefined
9607	undefined
9608	undefined
9609	undefined
9610	undefined
9611	undefined
9612	undefined
9613	undefined
9614	undefined
9615	undefined
9616	undefined
9617	undefined
9618	undefined
9619	undefined
9620	undefined
9621	undefined
9622	undefined
9623	undefined
9624	undefined
9625	undefined
9626	undefined
9627	undefined
9628	undefined
9629	undefined
9630	undefined
9631	undefined
9632	undefined
9633	undefined
9634	undefined
9635	undefined
9636	undefined
9637	undefined
9638	undefined
9639	undefined
9640	undefined
9641	undefined
9642	undefined
9643	undefined
9644	undefined
9645	undefined
9646	undefined
9647	undefined
9648	undefined
9649	undefined
9650	undefined
9651	undefined
9652	undefined
9653	undefined
9654	undefined
9655	undefined
9656	undefined
9657	undefined
9658	undefined
9659	undefined
9660	undefined
9661	undefined
9662	undefined
9663	undefined
9664	undefined
9665	undefined
9666	undefined
9667	undefined
9668	undefined
9669	undefined
9670	undefined
9671	undefined
9672	undefined
9673	undefined
9674	undefined
9675	undefined
9676	undefined
9677	undefined
9678	undefined
9679	undefined
9680	undefined
9681	undefined
9682	undefined
9683	undefined
9684	undefined
9685	undefined
9686	undefined
9687	undefined
9688	undefined
9689	undefined
9690	undefined
9691	undefined
9692	undefined
9693	undefined
9694	undefined
9695	undefined
9696	undefined
9697	undefined
9698	undefined
9699	undefined
9700	undefined
9701	undefined
9702	undefined
9703	undefined
9704	undefined
9705	undefined
9706	undefined
9707	undefined
9708	undefined
9709	undefined
9710	undefined
9711	undefined
9712	undefined
9713	undefined
9714	undefined
9715	undefined
9716	undefined
9717	undefined
9718	undefined
9719	undefined
9720	undefined
9721	undefined
9722	undefined
9723	undefined
9724	undefined
9725	undefined
9726	undefined
9727	undefined
9728	undefined
9729	undefined
9730	undefined
9731	undefined
9732	undefined
9733	undefined
9734	undefined
9735	undefined
9736	undefined
9737	undefined
9738	undefined
9739	undefined
9740	undefined
9741	undefined
9742	undefined
9743	undefined
9744	undefined
9745	undefined
9746	undefined
9747	undefined
9748	undefined
9749	undefined
9750	undefined
9751	undefined
9752	undefined
9753	undefined
9754	undefined
9755	undefined
9756	undefined
9757	undefined
9758	undefined
9759	undefined
9760	undefined
9761	undefined
9762	undefined
9763	undefined
9764	undefined
9765	undefined
9766	undefined
9767	undefined
9768	undefined
9769	undefined
9770	undefined
9771	undefined
9772	undefined
9773	undefined
9774	undefined
9775	undefined
9776	undefined
9777	undefined
9778	undefined
9779	undefined
9780	undefined
9781	undefined
9782	undefined
9783	undefined
9784	undefined
9785	undefined
9786	undefined
9787	undefined
9788	undefined
9789	undefined
9790	undefined
9791	undefined
9792	undefined
9793	undefined
9794	undefined
9795	undefined
9796	undefined
9797	undefined
9798	undefined
9799	undefined
9800	undefined
9801	undefined
9802	undefined
9803	undefined
9804	undefined
9805	undefined
9806	undefined
9807	undefined
9808	undefined
9809	undefined
9810	undefined
9811	undefined
9812	undefined
9813	undefined
9814	undefined
9815	undefined
9816	undefined
9817	undefined
9818	undefined
9819	undefined
9820	undefined
9821	undefined
9822	undefined
9823	undefined
9824	undefined
9825	undefined
9826	undefined
9827	undefined
9828	undefined
9829	undefined
9830	undefined
9831	undefined
9832	undefined
9833	undefined
9834	undefined
9835	undefined
9836	undefined
9837	undefined
9838	undefined
9839	undefined
9840	undefined
9841	undefined
9842	undefined
9843	undefined
9844	undefined
9845	undefined
9846	undefined
9847	undefined
9848	undefined
9849	undefined
9850	undefined
9851	undefined
9852	undefined
9853	undefined
9854	undefined
9855	undefined
9856	undefined
9857	undefined
9858	undefined
9859	undefined
9860	undefined
9861	undefined
9862	undefined
9863	undefined
9864	undefined
9865	undefined
9866	undefined
9867	undefined
9868	undefined
9869	undefined
9870	undefined
9871	undefined
9872	undefined
9873	undefined
9874	undefined
9875	undefined
9876	undefined
9877	undefined
9878	undefined
9879	undefined
9880	undefined
9881	undefined
9882	undefined
9883	undefined
9884	undefined
9885	undefined
9886	undefined
9887	undefined
9888	undefined
9889	undefined
9890	undefined
9891	undefined
9892	undefined
9893	undefined
9894	undefined
9895	undefined
9896	undefined
9897	undefined
9898	undefined
9899	undefined
9900	undefined
9901	undefined
9902	undefined
9903	undefined
9904	undefined
9905	undefined
9906	undefined
9907	undefined
9908	undefined
9909	undefined
9910	undefined
9911	undefined
9912	undefined
9913	undefined
9914	undefined
9915	undefined
9916	undefined
9917	undefined
9918	undefined
9919	undefined
9920	undefined
9921	undefined
9922	undefined
9923	undefined
9924	undefined
9925	undefined
9926	undefined
9927	undefined
9928	undefined
9929	undefined
9930	undefined
9931	undefined
9932	undefined
9933	undefined
9934	undefined
9935	undefined
9936	undefined
9937	undefined
9938	undefined
9939	undefined
9940	undefined
9941	undefined
9942	undefined
9943	undefined
9944	undefined
9945	undefined
9946	undefined
9947	undefined
9948	undefined
9949	undefined
9950	undefined
9951	undefined
9952	undefined
9953	undefined
9954	undefined
9955	undefined
9956	undefined
9957	undefined
9958	undefined
9959	undefined
9960	undefined
9961	undefined
9962	undefined
9963	undefined
9964	undefined
9965	undefined
9966	undefined
9967	undefined
9968	undefined
9969	undefined
9970	undefined
9971	undefined
9972	undefined
9973	undefined
9974	undefined
9975	undefined
9976	undefined
9977	undefined
9978	undefined
9979	undefined
9980	undefined
9981	undefined
9982	undefined
9983	undefined
9984	undefined
9985	undefined
9986	undefined
9987	undefined
9988	undefined
9989	undefined
9990	undefined
9991	undefined
9992	undefined
9993	undefined
9994	undefined
9995	undefined
9996	undefined
9997	undefined
9998	undefined
9999	undefined
10000	undefined
10001	undefined
10002	undefined
10003	undefined
10004	undefined
10005	undefined
10006	undefined
10007	undefined
10008	undefined
10009	undefined
10010	undefined
10011	undefined
10012	undefined
10013	undefined
10014	undefined
10015	undefined
10016	undefined
10017	undefined
10018	undefined
10019	undefined
10020	undefined
10021	undefined
10022	undefined
10023	undefined
10024	undefined
10025	undefined
10026	undefined
10027	undefined
10028	undefined
10029	undefined
10030	undefined
10031	undefined
10032	undefined
10033	undefined
10034	undefined
10035	undefined
10036	undefined
10037	undefined
10038	undefined
10039	undefined
10040	undefined
10041	undefined
10042	undefined
10043	undefined
10044	undefined
10045	undefined
10046	undefined
10047	undefined
10048	undefined
10049	undefined
10050	undefined
10051	undefined
10052	undefined
10053	undefined
10054	undefined
10055	undefined
10056	undefined
10057	undefined
10058	undefined
10059	undefined
10060	undefined
10061	undefined
10062	undefined
10063	undefined
10064	undefined
10065	undefined
10066	undefined
10067	undefined
10068	undefined
10069	undefined
10070	undefined
10071	undefined
10072	undefined
10073	undefined
10074	undefined
10075	undefined
10076	undefined
10077	undefined
10078	undefined
10079	undefined
10080	undefined
10081	undefined
10082	undefined
10083	undefined
10084	undefined
10085	undefined
10086	undefined
10087	undefined
10088	undefined
10089	undefined
10090	undefined
10091	undefined
10092	undefined
10093	undefined
10094	undefined
10095	undefined
10096	undefined
10097	undefined
10098	undefined
10099	undefined
10100	undefined
10101	undefined
10102	undefined
10103	undefined
10104	undefined
10105	undefined
10106	undefined
10107	undefined
10108	undefined
10109	undefined
10110	undefined
10111	undefined
10112	undefined
10113	undefined
10114	undefined
10115	undefined
10116	undefined
10117	undefined
10118	undefined
10119	undefined
10120	undefined
10121	undefined
10122	undefined
10123	undefined
10124	undefined
10125	undefined
10126	undefined
10127	undefined
10128	undefined
10129	undefined
10130	undefined
10131	undefined
10132	undefined
10133	undefined
10134	undefined
10135	undefined
10136	undefined
10137	undefined
10138	undefined
10139	undefined
10140	undefined
10141	undefined
10142	undefined
10143	undefined
10144	undefined
10145	undefined
10146	undefined
10147	undefined
10148	undefined
10149	undefined
10150	undefined
10151	undefined
10152	undefined
10153	undefined
10154	undefined
10155	undefined
10156	undefined
10157	undefined
10158	undefined
10159	undefined
10160	undefined
10161	undefined
10162	undefined
10163	undefined
10164	undefined
10165	undefined
10166	undefined
10167	undefined
10168	undefined
10169	undefined
10170	undefined
10171	undefined
10172	undefined
10173	undefined
10174	undefined
10175	undefined
10176	undefined
10177	undefined
10178	undefined
10179	undefined
10180	undefined
10181	undefined
10182	undefined
10183	undefined
10184	undefined
10185	undefined
10186	undefined
10187	undefined
10188	undefined
10189	undefined
10190	undefined
10191	undefined
10192	undefined
10193	undefined
10194	undefined
10195	undefined
10196	undefined
10197	undefined
10198	undefined
10199	undefined
10200	undefined
10201	undefined
10202	undefined
10203	undefined
10204	undefined
10205	undefined
10206	undefined
10207	undefined
10208	undefined
10209	undefined
10210	undefined
10211	undefined
10212	undefined
10213	undefined
10214	undefined
10215	undefined
10216	undefined
10217	undefined
10218	undefined
10219	undefined
10220	undefined
10221	undefined
10222	undefined
10223	undefined
10224	undefined
10225	undefined
10226	undefined
10227	undefined
10228	undefined
10229	undefined
10230	undefined
10231	undefined
10232	undefined
10233	undefined
10234	undefined
10235	undefined
10236	undefined
10237	undefined
10238	undefined
10239	undefined
10240	undefined
10241	undefined
10242	undefined
10243	undefined
10244	undefined
10245	undefined
10246	undefined
10247	undefined
10248	undefined
10249	undefined
10250	undefined
10251	undefined
10252	undefined
10253	undefined
10254	undefined
10255	undefined
10256	undefined
10257	undefined
10258	undefined
10259	undefined
10260	undefined
10261	undefined
10262	undefined
10263	undefined
10264	undefined
10265	undefined
10266	undefined
10267	undefined
10268	undefined
10269	undefined
10270	undefined
10271	undefined
10272	undefined
10273	undefined
10274	undefined
10275	undefined
10276	undefined
10277	undefined
10278	undefined
10279	undefined
10280	undefined
10281	undefined
10282	undefined
10283	undefined
10284	undefined
10285	undefined
10286	undefined
10287	undefined
10288	undefined
10289	undefined
10290	undefined
10291	undefined
10292	undefined
10293	undefined
10294	undefined
10295	undefined
10296	undefined
10297	undefined
10298	undefined
10299	undefined
10300	undefined
10301	undefined
10302	undefined
10303	undefined
10304	undefined
10305	undefined
10306	undefined
10307	undefined
10308	undefined
10309	undefined
10310	undefined
10311	undefined
10312	undefined
10313	undefined
10314	undefined
10315	undefined
10316	undefined
10317	undefined
10318	undefined
10319	undefined
10320	undefined
10321	undefined
10322	undefined
10323	undefined
10324	undefined
10325	undefined
10326	undefined
10327	undefined
10328	undefined
10329	undefined
10330	undefined
10331	undefined
10332	undefined
10333	undefined
10334	undefined
10335	undefined
10336	undefined
10337	undefined
10338	undefined
10339	undefined
10340	undefined
10341	undefined
10342	undefined
10343	undefined
10344	undefined
10345	undefined
10346	undefined
10347	undefined
10348	undefined
10349	undefined
10350	undefined
10351	undefined
10352	undefined
10353	undefined
10354	undefined
10355	undefined
10356	undefined
10357	undefined
10358	undefined
10359	undefined
10360	undefined
10361	undefined
10362	undefined
10363	undefined
10364	undefined
10365	undefined
10366	undefined
10367	undefined
10368	undefined
10369	undefined
10370	undefined
10371	undefined
10372	undefined
10373	undefined
10374	undefined
10375	undefined
10376	undefined
10377	undefined
10378	undefined
10379	undefined
10380	undefined
10381	undefined
10382	undefined
10383	undefined
10384	undefined
10385	undefined
10386	undefined
10387	undefined
10388	undefined
10389	undefined
10390	undefined
10391	undefined
10392	undefined
10393	undefined
10394	undefined
10395	undefined
10396	undefined
10397	undefined
10398	undefined
10399	undefined
10400	undefined
10401	undefined
10402	undefined
10403	undefined
10404	undefined
10405	undefined
10406	undefined
10407	undefined
10408	undefined
10409	undefined
10410	undefined
10411	undefined
10412	undefined
10413	undefined
10414	undefined
10415	undefined
10416	undefined
10417	undefined
10418	undefined
10419	undefined
10420	undefined
10421	undefined
10422	undefined
10423	undefined
10424	undefined
10425	undefined
10426	undefined
10427	undefined
10428	undefined
10429	undefined
10430	undefined
10431	undefined
10432	undefined
10433	undefined
10434	undefined
10435	undefined
10436	undefined
10437	undefined
10438	undefined
10439	undefined
10440	undefined
10441	undefined
10442	undefined
10443	undefined
10444	undefined
10445	undefined
10446	undefined
10447	undefined
10448	undefined
10449	undefined
10450	undefined
10451	undefined
10452	undefined
10453	undefined
10454	undefined
10455	undefined
10456	undefined
10457	undefined
10458	undefined
10459	undefined
10460	undefined
10461	undefined
10462	undefined
10463	undefined
10464	undefined
10465	undefined
10466	undefined
10467	undefined
10468	undefined
10469	undefined
10470	undefined
10471	undefined
10472	undefined
10473	undefined
10474	undefined
10475	undefined
10476	undefined
10477	undefined
10478	undefined
10479	undefined
10480	undefined
10481	undefined
10482	undefined
10483	undefined
10484	undefined
10485	undefined
10486	undefined
10487	undefined
10488	undefined
10489	undefined
10490	undefined
10491	undefined
10492	undefined
10493	undefined
10494	undefined
10495	undefined
10496	undefined
10497	undefined
10498	undefined
10499	undefined
10500	undefined
10501	undefined
10502	undefined
10503	undefined
10504	undefined
10505	undefined
10506	undefined
10507	undefined
10508	undefined
10509	undefined
10510	undefined
10511	undefined
10512	undefined
10513	undefined
10514	undefined
10515	undefined
10516	undefined
10517	undefined
10518	undefined
10519	undefined
10520	undefined
10521	undefined
10522	undefined
10523	undefined
10524	undefined
10525	undefined
10526	undefined
10527	undefined
10528	undefined
10529	undefined
10530	undefined
10531	undefined
10532	undefined
10533	undefined
10534	undefined
10535	undefined
10536	undefined
10537	undefined
10538	undefined
10539	undefined
10540	undefined
10541	undefined
10542	undefined
10543	undefined
10544	undefined
10545	undefined
10546	undefined
10547	undefined
10548	undefined
10549	undefined
10550	undefined
10551	undefined
10552	undefined
10553	undefined
10554	undefined
10555	undefined
10556	undefined
10557	undefined
10558	undefined
10559	undefined
10560	undefined
10561	undefined
10562	undefined
10563	undefined
10564	undefined
10565	undefined
10566	undefined
10567	undefined
10568	undefined
10569	undefined
10570	undefined
10571	undefined
10572	undefined
10573	undefined
10574	undefined
10575	undefined
10576	undefined
10577	undefined
10578	undefined
10579	undefined
10580	undefined
10581	undefined
10582	undefined
10583	undefined
10584	undefined
10585	undefined
10586	undefined
10587	undefined
10588	undefined
10589	undefined
10590	undefined
10591	undefined
10592	undefined
10593	undefined
10594	undefined
10595	undefined
10596	undefined
10597	undefined
10598	undefined
10599	undefined
10600	undefined
10601	undefined
10602	undefined
10603	undefined
10604	undefined
10605	undefined
10606	undefined
10607	undefined
10608	undefined
10609	undefined
10610	undefined
10611	undefined
10612	undefined
10613	undefined
10614	undefined
10615	undefined
10616	undefined
10617	undefined
10618	undefined
10619	undefined
10620	undefined
10621	undefined
10622	undefined
10623	undefined
10624	undefined
10625	undefined
10626	undefined
10627	undefined
10628	undefined
10629	undefined
10630	undefined
10631	undefined
10632	undefined
10633	undefined
10634	undefined
10635	undefined
10636	undefined
10637	undefined
10638	undefined
10639	undefined
10640	undefined
10641	undefined
10642	undefined
10643	undefined
10644	undefined
10645	undefined
10646	undefined
10647	undefined
10648	undefined
10649	undefined
10650	undefined
10651	undefined
10652	undefined
10653	undefined
10654	undefined
10655	undefined
10656	undefined
10657	undefined
10658	undefined
10659	undefined
10660	undefined
10661	undefined
10662	undefined
10663	undefined
10664	undefined
10665	undefined
10666	undefined
10667	undefined
10668	undefined
10669	undefined
10670	undefined
10671	undefined
10672	undefined
10673	undefined
10674	undefined
10675	undefined
10676	undefined
10677	undefined
10678	undefined
10679	undefined
10680	undefined
10681	undefined
10682	undefined
10683	undefined
10684	undefined
10685	undefined
10686	undefined
10687	undefined
10688	undefined
10689	undefined
10690	undefined
10691	undefined
10692	undefined
10693	undefined
10694	undefined
10695	undefined
10696	undefined
10697	undefined
10698	undefined
10699	undefined
10700	undefined
10701	undefined
10702	undefined
10703	undefined
10704	undefined
10705	undefined
10706	undefined
10707	undefined
10708	undefined
10709	undefined
10710	undefined
10711	undefined
10712	undefined
10713	undefined
10714	undefined
10715	undefined
10716	undefined
10717	undefined
10718	undefined
10719	undefined
10720	undefined
10721	undefined
10722	undefined
10723	undefined
10724	undefined
10725	undefined
10726	undefined
10727	undefined
10728	undefined
10729	undefined
10730	undefined
10731	undefined
10732	undefined
10733	undefined
10734	undefined
10735	undefined
10736	undefined
10737	undefined
10738	undefined
10739	undefined
10740	undefined
10741	undefined
10742	undefined
10743	undefined
10744	undefined
10745	undefined
10746	undefined
10747	undefined
10748	undefined
10749	undefined
10750	undefined
10751	undefined
10752	undefined
10753	undefined
10754	undefined
10755	undefined
10756	undefined
10757	undefined
10758	undefined
10759	undefined
10760	undefined
10761	undefined
10762	undefined
10763	undefined
10764	undefined
10765	undefined
10766	undefined
10767	undefined
10768	undefined
10769	undefined
10770	undefined
10771	undefined
10772	undefined
10773	undefined
10774	undefined
10775	undefined
10776	undefined
10777	undefined
10778	undefined
10779	undefined
10780	undefined
10781	undefined
10782	undefined
10783	undefined
10784	undefined
10785	undefined
10786	undefined
10787	undefined
10788	undefined
10789	undefined
10790	undefined
10791	undefined
10792	undefined
10793	undefined
10794	undefined
10795	undefined
10796	undefined
10797	undefined
10798	undefined
10799	undefined
10800	undefined
10801	undefined
10802	undefined
10803	undefined
10804	undefined
10805	undefined
10806	undefined
10807	undefined
10808	undefined
10809	undefined
10810	undefined
10811	undefined
10812	undefined
10813	undefined
10814	undefined
10815	undefined
10816	undefined
10817	undefined
10818	undefined
10819	undefined
10820	undefined
10821	undefined
10822	undefined
10823	undefined
10824	undefined
10825	undefined
10826	undefined
10827	undefined
10828	undefined
10829	undefined
10830	undefined
10831	undefined
10832	undefined
10833	undefined
10834	undefined
10835	undefined
10836	undefined
10837	undefined
10838	undefined
10839	undefined
10840	undefined
10841	undefined
10842	undefined
10843	undefined
10844	undefined
10845	undefined
10846	undefined
10847	undefined
10848	undefined
10849	undefined
10850	undefined
10851	undefined
10852	undefined
10853	undefined
10854	undefined
10855	undefined
10856	undefined
10857	undefined
10858	undefined
10859	undefined
10860	undefined
10861	undefined
10862	undefined
10863	undefined
10864	undefined
10865	undefined
10866	undefined
10867	undefined
10868	undefined
10869	undefined
10870	undefined
10871	undefined
10872	undefined
10873	undefined
10874	undefined
10875	undefined
10876	undefined
10877	undefined
10878	undefined
10879	undefined
10880	undefined
10881	undefined
10882	undefined
10883	undefined
10884	undefined
10885	undefined
10886	undefined
10887	undefined
10888	undefined
10889	undefined
10890	undefined
10891	undefined
10892	undefined
10893	undefined
10894	undefined
10895	undefined
10896	undefined
10897	undefined
10898	undefined
10899	undefined
10900	undefined
10901	undefined
10902	undefined
10903	undefined
10904	undefined
10905	undefined
10906	undefined
10907	undefined
10908	undefined
10909	undefined
10910	undefined
10911	undefined
10912	undefined
10913	undefined
10914	undefined
10915	undefined
10916	undefined
10917	undefined
10918	undefined
10919	undefined
10920	undefined
10921	undefined
10922	undefined
10923	undefined
10924	undefined
10925	undefined
10926	undefined
10927	undefined
10928	undefined
10929	undefined
10930	undefined
10931	undefined
10932	undefined
10933	undefined
10934	undefined
10935	undefined
10936	undefined
10937	undefined
10938	undefined
10939	undefined
10940	undefined
10941	undefined
10942	undefined
10943	undefined
10944	undefined
10945	undefined
10946	undefined
10947	undefined
10948	undefined
10949	undefined
10950	undefined
10951	undefined
10952	undefined
10953	undefined
10954	undefined
10955	undefined
10956	undefined
10957	undefined
10958	undefined
10959	undefined
10960	undefined
10961	undefined
10962	undefined
10963	undefined
10964	undefined
10965	undefined
10966	undefined
10967	undefined
10968	undefined
10969	undefined
10970	undefined
10971	undefined
10972	undefined
10973	undefined
10974	undefined
10975	undefined
10976	undefined
10977	undefined
10978	undefined
10979	undefined
10980	undefined
10981	undefined
10982	undefined
10983	undefined
10984	undefined
10985	undefined
10986	undefined
10987	undefined
10988	undefined
10989	undefined
10990	undefined
10991	undefined
10992	undefined
10993	undefined
10994	undefined
10995	undefined
10996	undefined
10997	undefined
10998	undefined
10999	undefined
11000	undefined
11001	undefined
11002	undefined
11003	undefined
11004	undefined
11005	undefined
11006	undefined
11007	undefined
11008	undefined
11009	undefined
11010	undefined
11011	undefined
11012	undefined
11013	undefined
11014	undefined
11015	undefined
11016	undefined
11017	undefined
11018	undefined
11019	undefined
11020	undefined
11021	undefined
11022	undefined
11023	undefined
11024	undefined
11025	undefined
11026	undefined
11027	undefined
11028	undefined
11029	undefined
11030	undefined
11031	undefined
11032	undefined
11033	undefined
11034	undefined
11035	undefined
11036	undefined
11037	undefined
11038	undefined
11039	undefined
11040	undefined
11041	undefined
11042	undefined
11043	undefined
11044	undefined
11045	undefined
11046	undefined
11047	undefined
11048	undefined
11049	undefined
11050	undefined
11051	undefined
11052	undefined
11053	undefined
11054	undefined
11055	undefined
11056	undefined
11057	undefined
11058	undefined
11059	undefined
11060	undefined
11061	undefined
11062	undefined
11063	undefined
11064	undefined
11065	undefined
11066	undefined
11067	undefined
11068	undefined
11069	undefined
11070	undefined
11071	undefined
11072	undefined
11073	undefined
11074	undefined
11075	undefined
11076	undefined
11077	undefined
11078	undefined
11079	undefined
11080	undefined
11081	undefined
11082	undefined
11083	undefined
11084	undefined
11085	undefined
11086	undefined
11087	undefined
11088	undefined
11089	undefined
11090	undefined
11091	undefined
11092	undefined
11093	undefined
11094	undefined
11095	undefined
11096	undefined
11097	undefined
11098	undefined
11099	undefined
11100	undefined
11101	undefined
11102	undefined
11103	undefined
11104	undefined
11105	undefined
11106	undefined
11107	undefined
11108	undefined
11109	undefined
11110	undefined
11111	undefined
11112	undefined
11113	undefined
11114	undefined
11115	undefined
11116	undefined
11117	undefined
11118	undefined
11119	undefined
11120	undefined
11121	undefined
11122	undefined
11123	undefined
11124	undefined
11125	undefined
11126	undefined
11127	undefined
11128	undefined
11129	undefined
11130	undefined
11131	undefined
11132	undefined
11133	undefined
11134	undefined
11135	undefined
11136	undefined
11137	undefined
11138	undefined
11139	undefined
11140	undefined
11141	undefined
11142	undefined
11143	undefined
11144	undefined
11145	undefined
11146	undefined
11147	undefined
11148	undefined
11149	undefined
11150	undefined
11151	undefined
11152	undefined
11153	undefined
11154	undefined
11155	undefined
11156	undefined
11157	undefined
11158	undefined
11159	undefined
11160	undefined
11161	undefined
11162	undefined
11163	undefined
11164	undefined
11165	undefined
11166	undefined
11167	undefined
11168	undefined
11169	undefined
11170	undefined
11171	undefined
11172	undefined
11173	undefined
11174	undefined
11175	undefined
11176	undefined
11177	undefined
11178	undefined
11179	undefined
11180	undefined
11181	undefined
11182	undefined
11183	undefined
11184	undefined
11185	undefined
11186	undefined
11187	undefined
11188	undefined
11189	undefined
11190	undefined
11191	undefined
11192	undefined
11193	undefined
11194	undefined
11195	undefined
11196	undefined
11197	undefined
11198	undefined
11199	undefined
11200	undefined
11201	undefined
11202	undefined
11203	undefined
11204	undefined
11205	undefined
11206	undefined
11207	undefined
11208	undefined
11209	undefined
11210	undefined
11211	undefined
11212	undefined
11213	undefined
11214	undefined
11215	undefined
11216	undefined
11217	undefined
11218	undefined
11219	undefined
11220	undefined
11221	undefined
11222	undefined
11223	undefined
11224	undefined
11225	undefined
11226	undefined
11227	undefined
11228	undefined
11229	undefined
11230	undefined
11231	undefined
11232	undefined
11233	undefined
11234	undefined
11235	undefined
11236	undefined
11237	undefined
11238	undefined
11239	undefined
11240	undefined
11241	undefined
11242	undefined
11243	undefined
11244	undefined
11245	undefined
11246	undefined
11247	undefined
11248	undefined
11249	undefined
11250	undefined
11251	undefined
11252	undefined
11253	undefined
11254	undefined
11255	undefined
11256	undefined
11257	undefined
11258	undefined
11259	undefined
11260	undefined
11261	undefined
11262	undefined
11263	undefined
11264	undefined
11265	undefined
11266	undefined
11267	undefined
11268	undefined
11269	undefined
11270	undefined
11271	undefined
11272	undefined
11273	undefined
11274	undefined
11275	undefined
11276	undefined
11277	undefined
11278	undefined
11279	undefined
11280	undefined
11281	undefined
11282	undefined
11283	undefined
11284	undefined
11285	undefined
11286	undefined
11287	undefined
11288	undefined
11289	undefined
11290	undefined
11291	undefined
11292	undefined
11293	undefined
11294	undefined
11295	undefined
11296	undefined
11297	undefined
11298	undefined
11299	undefined
11300	undefined
11301	undefined
11302	undefined
11303	undefined
11304	undefined
11305	undefined
11306	undefined
11307	undefined
11308	undefined
11309	undefined
11310	undefined
11311	undefined
11312	undefined
11313	undefined
11314	undefined
11315	undefined
11316	undefined
11317	undefined
11318	undefined
11319	undefined
11320	undefined
11321	undefined
11322	undefined
11323	undefined
11324	undefined
11325	undefined
11326	undefined
11327	undefined
11328	undefined
11329	undefined
11330	undefined
11331	undefined
11332	undefined
11333	undefined
11334	undefined
11335	undefined
11336	undefined
11337	undefined
11338	undefined
11339	undefined
11340	undefined
11341	undefined
11342	undefined
11343	undefined
11344	undefined
11345	undefined
11346	undefined
11347	undefined
11348	undefined
11349	undefined
11350	undefined
11351	undefined
11352	undefined
11353	undefined
11354	undefined
11355	undefined
11356	undefined
11357	undefined
11358	undefined
11359	undefined
11360	undefined
11361	undefined
11362	undefined
11363	undefined
11364	undefined
11365	undefined
11366	undefined
11367	undefined
11368	undefined
11369	undefined
11370	undefined
11371	undefined
11372	undefined
11373	undefined
11374	undefined
11375	undefined
11376	undefined
11377	undefined
11378	undefined
11379	undefined
11380	undefined
11381	undefined
11382	undefined
11383	undefined
11384	undefined
11385	undefined
11386	undefined
11387	undefined
11388	undefined
11389	undefined
11390	undefined
11391	undefined
11392	undefined
11393	undefined
11394	undefined
11395	undefined
11396	undefined
11397	undefined
11398	undefined
11399	undefined
11400	undefined
11401	undefined
11402	undefined
11403	undefined
11404	undefined
11405	undefined
11406	undefined
11407	undefined
11408	undefined
11409	undefined
11410	undefined
11411	undefined
11412	undefined
11413	undefined
11414	undefined
11415	undefined
11416	undefined
11417	undefined
11418	undefined
11419	undefined
11420	undefined
11421	undefined
11422	undefined
11423	undefined
11424	undefined
11425	undefined
11426	undefined
11427	undefined
11428	undefined
11429	undefined
11430	undefined
11431	undefined
11432	undefined
11433	undefined
11434	undefined
11435	undefined
11436	undefined
11437	undefined
11438	undefined
11439	undefined
11440	undefined
11441	undefined
11442	undefined
11443	undefined
11444	undefined
11445	undefined
11446	undefined
11447	undefined
11448	undefined
11449	undefined
11450	undefined
11451	undefined
11452	undefined
11453	undefined
11454	undefined
11455	undefined
11456	undefined
11457	undefined
11458	undefined
11459	undefined
11460	undefined
11461	undefined
11462	undefined
11463	undefined
11464	undefined
11465	undefined
11466	undefined
11467	undefined
11468	undefined
11469	undefined
11470	undefined
11471	undefined
11472	undefined
11473	undefined
11474	undefined
11475	undefined
11476	undefined
11477	undefined
11478	undefined
11479	undefined
11480	undefined
11481	undefined
11482	undefined
11483	undefined
11484	undefined
11485	undefined
11486	undefined
11487	undefined
11488	undefined
11489	undefined
11490	undefined
11491	undefined
11492	undefined
11493	undefined
11494	undefined
11495	undefined
11496	undefined
11497	undefined
11498	undefined
11499	undefined
11500	undefined
11501	undefined
11502	undefined
11503	undefined
11504	undefined
11505	undefined
11506	undefined
11507	undefined
11508	undefined
11509	undefined
11510	undefined
11511	undefined
11512	undefined
11513	undefined
11514	undefined
11515	undefined
11516	undefined
11517	undefined
11518	undefined
11519	undefined
11520	undefined
11521	undefined
11522	undefined
11523	undefined
11524	undefined
11525	undefined
11526	undefined
11527	undefined
11528	undefined
11529	undefined
11530	undefined
11531	undefined
11532	undefined
11533	undefined
11534	undefined
11535	undefined
11536	undefined
11537	undefined
11538	undefined
11539	undefined
11540	undefined
11541	undefined
11542	undefined
11543	undefined
11544	undefined
11545	undefined
11546	undefined
11547	undefined
11548	undefined
11549	undefined
11550	undefined
11551	undefined
11552	undefined
11553	undefined
11554	undefined
11555	undefined
11556	undefined
11557	undefined
11558	undefined
11559	undefined
11560	undefined
11561	undefined
11562	undefined
11563	undefined
11564	undefined
11565	undefined
11566	undefined
11567	undefined
11568	undefined
11569	undefined
11570	undefined
11571	undefined
11572	undefined
11573	undefined
11574	undefined
11575	undefined
11576	undefined
11577	undefined
11578	undefined
11579	undefined
11580	undefined
11581	undefined
11582	undefined
11583	undefined
11584	undefined
11585	undefined
11586	undefined
11587	undefined
11588	undefined
11589	undefined
11590	undefined
11591	undefined
11592	undefined
11593	undefined
11594	undefined
11595	undefined
11596	undefined
11597	undefined
11598	undefined
11599	undefined
11600	undefined
11601	undefined
11602	undefined
11603	undefined
11604	undefined
11605	undefined
11606	undefined
11607	undefined
11608	undefined
11609	undefined
11610	undefined
11611	undefined
11612	undefined
11613	undefined
11614	undefined
11615	undefined
11616	undefined
11617	undefined
11618	undefined
11619	undefined
11620	undefined
11621	undefined
11622	undefined
11623	undefined
11624	undefined
11625	undefined
11626	undefined
11627	undefined
11628	undefined
11629	undefined
11630	undefined
11631	undefined
11632	undefined
11633	undefined
11634	undefined
11635	undefined
11636	undefined
11637	undefined
11638	undefined
11639	undefined
11640	undefined
11641	undefined
11642	undefined
11643	undefined
11644	undefined
11645	undefined
11646	undefined
11647	undefined
11648	undefined
11649	undefined
11650	undefined
11651	undefined
11652	undefined
11653	undefined
11654	undefined
11655	undefined
11656	undefined
11657	undefined
11658	undefined
11659	undefined
11660	undefined
11661	undefined
11662	undefined
11663	undefined
11664	undefined
11665	undefined
11666	undefined
11667	undefined
11668	undefined
11669	undefined
11670	undefined
11671	undefined
11672	undefined
11673	undefined
11674	undefined
11675	undefined
11676	undefined
11677	undefined
11678	undefined
11679	undefined
11680	undefined
11681	undefined
11682	undefined
11683	undefined
11684	undefined
11685	undefined
11686	undefined
11687	undefined
11688	undefined
11689	undefined
11690	undefined
11691	undefined
11692	undefined
11693	undefined
11694	undefined
11695	undefined
11696	undefined
11697	undefined
11698	undefined
11699	undefined
11700	undefined
11701	undefined
11702	undefined
11703	undefined
11704	undefined
11705	undefined
11706	undefined
11707	undefined
11708	undefined
11709	undefined
11710	undefined
11711	undefined
11712	undefined
11713	undefined
11714	undefined
11715	undefined
11716	undefined
11717	undefined
11718	undefined
11719	undefined
11720	undefined
11721	undefined
11722	undefined
11723	undefined
11724	undefined
11725	undefined
11726	undefined
11727	undefined
11728	undefined
11729	undefined
11730	undefined
11731	undefined
11732	undefined
11733	undefined
11734	undefined
11735	undefined
11736	undefined
11737	undefined
11738	undefined
11739	undefined
11740	undefined
11741	undefined
11742	undefined
11743	undefined
11744	undefined
11745	undefined
11746	undefined
11747	undefined
11748	undefined
11749	undefined
11750	undefined
11751	undefined
11752	undefined
11753	undefined
11754	undefined
11755	undefined
11756	undefined
11757	undefined
11758	undefined
11759	undefined
11760	undefined
11761	undefined
11762	undefined
11763	undefined
11764	undefined
11765	undefined
11766	undefined
11767	undefined
11768	undefined
11769	undefined
11770	undefined
11771	undefined
11772	undefined
11773	undefined
11774	undefined
11775	undefined
11776	undefined
11777	undefined
11778	undefined
11779	undefined
11780	undefined
11781	undefined
11782	undefined
11783	undefined
11784	undefined
11785	undefined
11786	undefined
11787	undefined
11788	undefined
11789	undefined
11790	undefined
11791	undefined
11792	undefined
11793	undefined
11794	undefined
11795	undefined
11796	undefined
11797	undefined
11798	undefined
11799	undefined
11800	undefined
11801	undefined
11802	undefined
11803	undefined
11804	undefined
11805	undefined
11806	undefined
11807	undefined
11808	undefined
11809	undefined
11810	undefined
11811	undefined
11812	undefined
11813	undefined
11814	undefined
11815	undefined
11816	undefined
11817	undefined
11818	undefined
11819	undefined
11820	undefined
11821	undefined
11822	undefined
11823	undefined
11824	undefined
11825	undefined
11826	undefined
11827	undefined
11828	undefined
11829	undefined
11830	undefined
11831	undefined
11832	undefined
11833	undefined
11834	undefined
11835	undefined
11836	undefined
11837	undefined
11838	undefined
11839	undefined
11840	undefined
11841	undefined
11842	undefined
11843	undefined
11844	undefined
11845	undefined
11846	undefined
11847	undefined
11848	undefined
11849	undefined
11850	undefined
11851	undefined
11852	undefined
11853	undefined
11854	undefined
11855	undefined
11856	undefined
11857	undefined
11858	undefined
11859	undefined
11860	undefined
11861	undefined
11862	undefined
11863	undefined
11864	undefined
11865	undefined
11866	undefined
11867	undefined
11868	undefined
11869	undefined
11870	undefined
11871	undefined
11872	undefined
11873	undefined
11874	undefined
11875	undefined
11876	undefined
11877	undefined
11878	undefined
11879	undefined
11880	undefined
11881	undefined
11882	undefined
11883	undefined
11884	undefined
11885	undefined
11886	undefined
11887	undefined
11888	undefined
11889	undefined
11890	undefined
11891	undefined
11892	undefined
11893	undefined
11894	undefined
11895	undefined
11896	undefined
11897	undefined
11898	undefined
11899	undefined
11900	undefined
11901	undefined
11902	undefined
11903	undefined
11904	undefined
11905	undefined
11906	undefined
11907	undefined
11908	undefined
11909	undefined
11910	undefined
11911	undefined
11912	undefined
11913	undefined
11914	undefined
11915	undefined
11916	undefined
11917	undefined
11918	undefined
11919	undefined
11920	undefined
11921	undefined
11922	undefined
11923	undefined
11924	undefined
11925	undefined
11926	undefined
11927	undefined
11928	undefined
11929	undefined
11930	undefined
11931	undefined
11932	undefined
11933	undefined
11934	undefined
11935	undefined
11936	undefined
11937	undefined
11938	undefined
11939	undefined
11940	undefined
11941	undefined
11942	undefined
11943	undefined
11944	undefined
11945	undefined
11946	undefined
11947	undefined
11948	undefined
11949	undefined
11950	undefined
11951	undefined
11952	undefined
11953	undefined
11954	undefined
11955	undefined
11956	undefined
11957	undefined
11958	undefined
11959	undefined
11960	undefined
11961	undefined
11962	undefined
11963	undefined
11964	undefined
11965	undefined
11966	undefined
11967	undefined
11968	undefined
11969	undefined
11970	undefined
11971	undefined
11972	undefined
11973	undefined
11974	undefined
11975	undefined
11976	undefined
11977	undefined
11978	undefined
11979	undefined
11980	undefined
11981	undefined
11982	undefined
11983	undefined
11984	undefined
11985	undefined
11986	undefined
11987	undefined
11988	undefined
11989	undefined
11990	undefined
11991	undefined
11992	undefined
11993	undefined
11994	undefined
11995	undefined
11996	undefined
11997	undefined
11998	undefined
11999	undefined
12000	undefined
12001	undefined
12002	undefined
12003	undefined
12004	undefined
12005	undefined
12006	undefined
12007	undefined
12008	undefined
12009	undefined
12010	undefined
12011	undefined
12012	undefined
12013	undefined
12014	undefined
12015	undefined
12016	undefined
12017	undefined
12018	undefined
12019	undefined
12020	undefined
12021	undefined
12022	undefined
12023	undefined
12024	undefined
12025	undefined
12026	undefined
12027	undefined
12028	undefined
12029	undefined
12030	undefined
12031	undefined
12032	undefined
12033	undefined
12034	undefined
12035	undefined
12036	undefined
12037	undefined
12038	undefined
12039	undefined
12040	undefined
12041	undefined
12042	undefined
12043	undefined
12044	undefined
12045	undefined
12046	undefined
12047	undefined
12048	undefined
12049	undefined
12050	undefined
12051	undefined
12052	undefined
12053	undefined
12054	undefined
12055	undefined
12056	undefined
12057	undefined
12058	undefined
12059	undefined
12060	undefined
12061	undefined
12062	undefined
12063	undefined
12064	undefined
12065	undefined
12066	undefined
12067	undefined
12068	undefined
12069	undefined
12070	undefined
12071	undefined
12072	undefined
12073	undefined
12074	undefined
12075	undefined
12076	undefined
12077	undefined
12078	undefined
12079	undefined
12080	undefined
12081	undefined
12082	undefined
12083	undefined
12084	undefined
12085	undefined
12086	undefined
12087	undefined
12088	undefined
12089	undefined
12090	undefined
12091	undefined
12092	undefined
12093	undefined
12094	undefined
12095	undefined
12096	undefined
12097	undefined
12098	undefined
12099	undefined
12100	undefined
12101	undefined
12102	undefined
12103	undefined
12104	undefined
12105	undefined
12106	undefined
12107	undefined
12108	undefined
12109	undefined
12110	undefined
12111	undefined
12112	undefined
12113	undefined
12114	undefined
12115	undefined
12116	undefined
12117	undefined
12118	undefined
12119	undefined
12120	undefined
12121	undefined
12122	undefined
12123	undefined
12124	undefined
12125	undefined
12126	undefined
12127	undefined
12128	undefined
12129	undefined
12130	undefined
12131	undefined
12132	undefined
12133	undefined
12134	undefined
12135	undefined
12136	undefined
12137	undefined
12138	undefined
12139	undefined
12140	undefined
12141	undefined
12142	undefined
12143	undefined
12144	undefined
12145	undefined
12146	undefined
12147	undefined
12148	undefined
12149	undefined
12150	undefined
12151	undefined
12152	undefined
12153	undefined
12154	undefined
12155	undefined
12156	undefined
12157	undefined
12158	undefined
12159	undefined
12160	undefined
12161	undefined
12162	undefined
12163	undefined
12164	undefined
12165	undefined
12166	undefined
12167	undefined
12168	undefined
12169	undefined
12170	undefined
12171	undefined
12172	undefined
12173	undefined
12174	undefined
12175	undefined
12176	undefined
12177	undefined
12178	undefined
12179	undefined
12180	undefined
12181	undefined
12182	undefined
12183	undefined
12184	undefined
12185	undefined
12186	undefined
12187	undefined
12188	undefined
12189	undefined
12190	undefined
12191	undefined
12192	undefined
12193	undefined
12194	undefined
12195	undefined
12196	undefined
12197	undefined
12198	undefined
12199	undefined
12200	undefined
12201	undefined
12202	undefined
12203	undefined
12204	undefined
12205	undefined
12206	undefined
12207	undefined
12208	undefined
12209	undefined
12210	undefined
12211	undefined
12212	undefined
12213	undefined
12214	undefined
12215	undefined
12216	undefined
12217	undefined
12218	undefined
12219	undefined
12220	undefined
12221	undefined
12222	undefined
12223	undefined
12224	undefined
12225	undefined
12226	undefined
12227	undefined
12228	undefined
12229	undefined
12230	undefined
12231	undefined
12232	undefined
12233	undefined
12234	undefined
12235	undefined
12236	undefined
12237	undefined
12238	undefined
12239	undefined
12240	undefined
12241	undefined
12242	undefined
12243	undefined
12244	undefined
12245	undefined
12246	undefined
12247	undefined
12248	undefined
12249	undefined
12250	undefined
12251	undefined
12252	undefined
12253	undefined
12254	undefined
12255	undefined
12256	undefined
12257	undefined
12258	undefined
12259	undefined
12260	undefined
12261	undefined
12262	undefined
12263	undefined
12264	undefined
12265	undefined
12266	undefined
12267	undefined
12268	undefined
12269	undefined
12270	undefined
12271	undefined
12272	undefined
12273	undefined
12274	undefined
12275	undefined
12276	undefined
12277	undefined
12278	undefined
12279	undefined
12280	undefined
12281	undefined
12282	undefined
12283	undefined
12284	undefined
12285	undefined
12286	undefined
12287	undefined
12288	undefined
12289	undefined
12290	undefined
12291	undefined
12292	undefined
12293	undefined
12294	undefined
12295	undefined
12296	undefined
12297	undefined
12298	undefined
12299	undefined
12300	undefined
12301	undefined
12302	undefined
12303	undefined
12304	undefined
12305	undefined
12306	undefined
12307	undefined
12308	undefined
12309	undefined
12310	undefined
12311	undefined
12312	undefined
12313	undefined
12314	undefined
12315	undefined
12316	undefined
12317	undefined
12318	undefined
12319	undefined
12320	undefined
12321	undefined
12322	undefined
12323	undefined
12324	undefined
12325	undefined
12326	undefined
12327	undefined
12328	undefined
12329	undefined
12330	undefined
12331	undefined
12332	undefined
12333	undefined
12334	undefined
12335	undefined
12336	undefined
12337	undefined
12338	undefined
12339	undefined
12340	undefined
12341	undefined
12342	undefined
12343	undefined
12344	undefined
12345	undefined
12346	undefined
12347	undefined
12348	undefined
12349	undefined
12350	undefined
12351	undefined
12352	undefined
12353	undefined
12354	undefined
12355	undefined
12356	undefined
12357	undefined
12358	undefined
12359	undefined
12360	undefined
12361	undefined
12362	undefined
12363	undefined
12364	undefined
12365	undefined
12366	undefined
12367	undefined
12368	undefined
12369	undefined
12370	undefined
12371	undefined
12372	undefined
12373	undefined
12374	undefined
12375	undefined
12376	undefined
12377	undefined
12378	undefined
12379	undefined
12380	undefined
12381	undefined
12382	undefined
12383	undefined
12384	undefined
12385	undefined
12386	undefined
12387	undefined
12388	undefined
12389	undefined
12390	undefined
12391	undefined
12392	undefined
12393	undefined
12394	undefined
12395	undefined
12396	undefined
12397	undefined
12398	undefined
12399	undefined
12400	undefined
12401	undefined
12402	undefined
12403	undefined
12404	undefined
12405	undefined
12406	undefined
12407	undefined
12408	undefined
12409	undefined
12410	undefined
12411	undefined
12412	undefined
12413	undefined
12414	undefined
12415	undefined
12416	undefined
12417	undefined
12418	undefined
12419	undefined
12420	undefined
12421	undefined
12422	undefined
12423	undefined
12424	undefined
12425	undefined
12426	undefined
12427	undefined
12428	undefined
12429	undefined
12430	undefined
12431	undefined
12432	undefined
12433	undefined
12434	undefined
12435	undefined
12436	undefined
12437	undefined
12438	undefined
12439	undefined
12440	undefined
12441	undefined
12442	undefined
12443	undefined
12444	undefined
12445	undefined
12446	undefined
12447	undefined
12448	undefined
12449	undefined
12450	undefined
12451	undefined
12452	undefined
12453	undefined
12454	undefined
12455	undefined
12456	undefined
12457	undefined
12458	undefined
12459	undefined
12460	undefined
12461	undefined
12462	undefined
12463	undefined
12464	undefined
12465	undefined
12466	undefined
12467	undefined
12468	undefined
12469	undefined
12470	undefined
12471	undefined
12472	undefined
12473	undefined
12474	undefined
12475	undefined
12476	undefined
12477	undefined
12478	undefined
12479	undefined
12480	undefined
12481	undefined
12482	undefined
12483	undefined
12484	undefined
12485	undefined
12486	undefined
12487	undefined
12488	undefined
12489	undefined
12490	undefined
12491	undefined
12492	undefined
12493	undefined
12494	undefined
12495	undefined
12496	undefined
12497	undefined
12498	undefined
12499	undefined
12500	undefined
12501	undefined
12502	undefined
12503	undefined
12504	undefined
12505	undefined
12506	undefined
12507	undefined
12508	undefined
12509	undefined
12510	undefined
12511	undefined
12512	undefined
12513	undefined
12514	undefined
12515	undefined
12516	undefined
12517	undefined
12518	undefined
12519	undefined
12520	undefined
12521	undefined
12522	undefined
12523	undefined
12524	undefined
12525	undefined
12526	undefined
12527	undefined
12528	undefined
12529	undefined
12530	undefined
12531	undefined
12532	undefined
12533	undefined
12534	undefined
12535	undefined
12536	undefined
12537	undefined
12538	undefined
12539	undefined
12540	undefined
12541	undefined
12542	undefined
12543	undefined
12544	undefined
12545	undefined
12546	undefined
12547	undefined
12548	undefined
12549	undefined
12550	undefined
12551	undefined
12552	undefined
12553	undefined
12554	undefined
12555	undefined
12556	undefined
12557	undefined
12558	undefined
12559	undefined
12560	undefined
12561	undefined
12562	undefined
12563	undefined
12564	undefined
12565	undefined
12566	undefined
12567	undefined
12568	undefined
12569	undefined
12570	undefined
12571	undefined
12572	undefined
12573	undefined
12574	undefined
12575	undefined
12576	undefined
12577	undefined
12578	undefined
12579	undefined
12580	undefined
12581	undefined
12582	undefined
12583	undefined
12584	undefined
12585	undefined
12586	undefined
12587	undefined
12588	undefined
12589	undefined
12590	undefined
12591	undefined
12592	undefined
12593	undefined
12594	undefined
12595	undefined
12596	undefined
12597	undefined
12598	undefined
12599	undefined
12600	undefined
12601	undefined
12602	undefined
12603	undefined
12604	undefined
12605	undefined
12606	undefined
12607	undefined
12608	undefined
12609	undefined
12610	undefined
12611	undefined
12612	undefined
12613	undefined
12614	undefined
12615	undefined
12616	undefined
12617	undefined
12618	undefined
12619	undefined
12620	undefined
12621	undefined
12622	undefined
12623	undefined
12624	undefined
12625	undefined
12626	undefined
12627	undefined
12628	undefined
12629	undefined
12630	undefined
12631	undefined
12632	undefined
12633	undefined
12634	undefined
12635	undefined
12636	undefined
12637	undefined
12638	undefined
12639	undefined
12640	undefined
12641	undefined
12642	undefined
12643	undefined
12644	undefined
12645	undefined
12646	undefined
12647	undefined
12648	undefined
12649	undefined
12650	undefined
12651	undefined
12652	undefined
12653	undefined
12654	undefined
12655	undefined
12656	undefined
12657	undefined
12658	undefined
12659	undefined
12660	undefined
12661	undefined
12662	undefined
12663	undefined
12664	undefined
12665	undefined
12666	undefined
12667	undefined
12668	undefined
12669	undefined
12670	undefined
12671	undefined
12672	undefined
12673	undefined
12674	undefined
12675	undefined
12676	undefined
12677	undefined
12678	undefined
12679	undefined
12680	undefined
12681	undefined
12682	undefined
12683	undefined
12684	undefined
12685	undefined
12686	undefined
12687	undefined
12688	undefined
12689	undefined
12690	undefined
12691	undefined
12692	undefined
12693	undefined
12694	undefined
12695	undefined
12696	undefined
12697	undefined
12698	undefined
12699	undefined
12700	undefined
12701	undefined
12702	undefined
12703	undefined
12704	undefined
12705	undefined
12706	undefined
12707	undefined
12708	undefined
12709	undefined
12710	undefined
12711	undefined
12712	undefined
12713	undefined
12714	undefined
12715	undefined
12716	undefined
12717	undefined
12718	undefined
12719	undefined
12720	undefined
12721	undefined
12722	undefined
12723	undefined
12724	undefined
12725	undefined
12726	undefined
12727	undefined
12728	undefined
12729	undefined
12730	undefined
12731	undefined
12732	undefined
12733	undefined
12734	undefined
12735	undefined
12736	undefined
12737	undefined
12738	undefined
12739	undefined
12740	undefined
12741	undefined
12742	undefined
12743	undefined
12744	undefined
12745	undefined
12746	undefined
12747	undefined
12748	undefined
12749	undefined
12750	undefined
12751	undefined
12752	undefined
12753	undefined
12754	undefined
12755	undefined
12756	undefined
12757	undefined
12758	undefined
12759	undefined
12760	undefined
12761	undefined
12762	undefined
12763	undefined
12764	undefined
12765	undefined
12766	undefined
12767	undefined
12768	undefined
12769	undefined
12770	undefined
12771	undefined
12772	undefined
12773	undefined
12774	undefined
12775	undefined
12776	undefined
12777	undefined
12778	undefined
12779	undefined
12780	undefined
12781	undefined
12782	undefined
12783	undefined
12784	undefined
12785	undefined
12786	undefined
12787	undefined
12788	undefined
12789	undefined
12790	undefined
12791	undefined
12792	undefined
12793	undefined
12794	undefined
12795	undefined
12796	undefined
12797	undefined
12798	undefined
12799	undefined
12800	undefined
12801	undefined
12802	undefined
12803	undefined
12804	undefined
12805	undefined
12806	undefined
12807	undefined
12808	undefined
12809	undefined
12810	undefined
12811	undefined
12812	undefined
12813	undefined
12814	undefined
12815	undefined
12816	undefined
12817	undefined
12818	undefined
12819	undefined
12820	undefined
12821	undefined
12822	undefined
12823	undefined
12824	undefined
12825	undefined
12826	undefined
12827	undefined
12828	undefined
12829	undefined
12830	undefined
12831	undefined
12832	undefined
12833	undefined
12834	undefined
12835	undefined
12836	undefined
12837	undefined
12838	undefined
12839	undefined
12840	undefined
12841	undefined
12842	undefined
12843	undefined
12844	undefined
12845	undefined
12846	undefined
12847	undefined
12848	undefined
12849	undefined
12850	undefined
12851	undefined
12852	undefined
12853	undefined
12854	undefined
12855	undefined
12856	undefined
12857	undefined
12858	undefined
12859	undefined
12860	undefined
12861	undefined
12862	undefined
12863	undefined
12864	undefined
12865	undefined
12866	undefined
12867	undefined
12868	undefined
12869	undefined
12870	undefined
12871	undefined
12872	undefined
12873	undefined
12874	undefined
12875	undefined
12876	undefined
12877	undefined
12878	undefined
12879	undefined
12880	undefined
12881	undefined
12882	undefined
12883	undefined
12884	undefined
12885	undefined
12886	undefined
12887	undefined
12888	undefined
12889	undefined
12890	undefined
12891	undefined
12892	undefined
12893	undefined
12894	undefined
12895	undefined
12896	undefined
12897	undefined
12898	undefined
12899	undefined
12900	undefined
12901	undefined
12902	undefined
12903	undefined
12904	undefined
12905	undefined
12906	undefined
12907	undefined
12908	undefined
12909	undefined
12910	undefined
12911	undefined
12912	undefined
12913	undefined
12914	undefined
12915	undefined
12916	undefined
12917	undefined
12918	undefined
12919	undefined
12920	undefined
12921	undefined
12922	undefined
12923	undefined
12924	undefined
12925	undefined
12926	undefined
12927	undefined
12928	undefined
12929	undefined
12930	undefined
12931	undefined
12932	undefined
12933	undefined
12934	undefined
12935	undefined
12936	undefined
12937	undefined
12938	undefined
12939	undefined
12940	undefined
12941	undefined
12942	undefined
12943	undefined
12944	undefined
12945	undefined
12946	undefined
12947	undefined
12948	undefined
12949	undefined
12950	undefined
12951	undefined
12952	undefined
12953	undefined
12954	undefined
12955	undefined
12956	undefined
12957	undefined
12958	undefined
12959	undefined
12960	undefined
12961	undefined
12962	undefined
12963	undefined
12964	undefined
12965	undefined
12966	undefined
12967	undefined
12968	undefined
12969	undefined
12970	undefined
12971	undefined
12972	undefined
12973	undefined
12974	undefined
12975	undefined
12976	undefined
12977	undefined
12978	undefined
12979	undefined
12980	undefined
12981	undefined
12982	undefined
12983	undefined
12984	undefined
12985	undefined
12986	undefined
12987	undefined
12988	undefined
12989	undefined
12990	undefined
12991	undefined
12992	undefined
12993	undefined
12994	undefined
12995	undefined
12996	undefined
12997	undefined
12998	undefined
12999	undefined
13000	undefined
13001	undefined
13002	undefined
13003	undefined
13004	undefined
13005	undefined
13006	undefined
13007	undefined
13008	undefined
13009	undefined
13010	undefined
13011	undefined
13012	undefined
13013	undefined
13014	undefined
13015	undefined
13016	undefined
13017	undefined
13018	undefined
13019	undefined
13020	undefined
13021	undefined
13022	undefined
13023	undefined
13024	undefined
13025	undefined
13026	undefined
13027	undefined
13028	undefined
13029	undefined
13030	undefined
13031	undefined
13032	undefined
13033	undefined
13034	undefined
13035	undefined
13036	undefined
13037	undefined
13038	undefined
13039	undefined
13040	undefined
13041	undefined
13042	undefined
13043	undefined
13044	undefined
13045	undefined
13046	undefined
13047	undefined
13048	undefined
13049	undefined
13050	undefined
13051	undefined
13052	undefined
13053	undefined
13054	undefined
13055	undefined
13056	undefined
13057	undefined
13058	undefined
13059	undefined
13060	undefined
13061	undefined
13062	undefined
13063	undefined
13064	undefined
13065	undefined
13066	undefined
13067	undefined
13068	undefined
13069	undefined
13070	undefined
13071	undefined
13072	undefined
13073	undefined
13074	undefined
13075	undefined
13076	undefined
13077	undefined
13078	undefined
13079	undefined
13080	undefined
13081	undefined
13082	undefined
13083	undefined
13084	undefined
13085	undefined
13086	undefined
13087	undefined
13088	undefined
13089	undefined
13090	undefined
13091	undefined
13092	undefined
13093	undefined
13094	undefined
13095	undefined
13096	undefined
13097	undefined
13098	undefined
13099	undefined
13100	undefined
13101	undefined
13102	undefined
13103	undefined
13104	undefined
13105	undefined
13106	undefined
13107	undefined
13108	undefined
13109	undefined
13110	undefined
13111	undefined
13112	undefined
13113	undefined
13114	undefined
13115	undefined
13116	undefined
13117	undefined
13118	undefined
13119	undefined
13120	undefined
13121	undefined
13122	undefined
13123	undefined
13124	undefined
13125	undefined
13126	undefined
13127	undefined
13128	undefined
13129	undefined
13130	undefined
13131	undefined
13132	undefined
13133	undefined
13134	undefined
13135	undefined
13136	undefined
13137	undefined
13138	undefined
13139	undefined
13140	undefined
13141	undefined
13142	undefined
13143	undefined
13144	undefined
13145	undefined
13146	undefined
13147	undefined
13148	undefined
13149	undefined
13150	undefined
13151	undefined
13152	undefined
13153	undefined
13154	undefined
13155	undefined
13156	undefined
13157	undefined
13158	undefined
13159	undefined
13160	undefined
13161	undefined
13162	undefined
13163	undefined
13164	undefined
13165	undefined
13166	undefined
13167	undefined
13168	undefined
13169	undefined
13170	undefined
13171	undefined
13172	undefined
13173	undefined
13174	undefined
13175	undefined
13176	undefined
13177	undefined
13178	undefined
13179	undefined
13180	undefined
13181	undefined
13182	undefined
13183	undefined
13184	undefined
13185	undefined
13186	undefined
13187	undefined
13188	undefined
13189	undefined
13190	undefined
13191	undefined
13192	undefined
13193	undefined
13194	undefined
13195	undefined
13196	undefined
13197	undefined
13198	undefined
13199	undefined
13200	undefined
13201	undefined
13202	undefined
13203	undefined
13204	undefined
13205	undefined
13206	undefined
13207	undefined
13208	undefined
13209	undefined
13210	undefined
13211	undefined
13212	undefined
13213	undefined
13214	undefined
13215	undefined
13216	undefined
13217	undefined
13218	undefined
13219	undefined
13220	undefined
13221	undefined
13222	undefined
13223	undefined
13224	undefined
13225	undefined
13226	undefined
13227	undefined
13228	undefined
13229	undefined
13230	undefined
13231	undefined
13232	undefined
13233	undefined
13234	undefined
13235	undefined
13236	undefined
13237	undefined
13238	undefined
13239	undefined
13240	undefined
13241	undefined
13242	undefined
13243	undefined
13244	undefined
13245	undefined
13246	undefined
13247	undefined
13248	undefined
13249	undefined
13250	undefined
13251	undefined
13252	undefined
13253	undefined
13254	undefined
13255	undefined
13256	undefined
13257	undefined
13258	undefined
13259	undefined
13260	undefined
13261	undefined
13262	undefined
13263	undefined
13264	undefined
13265	undefined
13266	undefined
13267	undefined
13268	undefined
13269	undefined
13270	undefined
13271	undefined
13272	undefined
13273	undefined
13274	undefined
13275	undefined
13276	undefined
13277	undefined
13278	undefined
13279	undefined
13280	undefined
13281	undefined
13282	undefined
13283	undefined
13284	undefined
13285	undefined
13286	undefined
13287	undefined
13288	undefined
13289	undefined
13290	undefined
13291	undefined
13292	undefined
13293	undefined
13294	undefined
13295	undefined
13296	undefined
13297	undefined
13298	undefined
13299	undefined
13300	undefined
13301	undefined
13302	undefined
13303	undefined
13304	undefined
13305	undefined
13306	undefined
13307	undefined
13308	undefined
13309	undefined
13310	undefined
13311	undefined
13312	undefined
13313	undefined
13314	undefined
13315	undefined
13316	undefined
13317	undefined
13318	undefined
13319	undefined
13320	undefined
13321	undefined
13322	undefined
13323	undefined
13324	undefined
13325	undefined
13326	undefined
13327	undefined
13328	undefined
13329	undefined
13330	undefined
13331	undefined
13332	undefined
13333	undefined
13334	undefined
13335	undefined
13336	undefined
13337	undefined
13338	undefined
13339	undefined
13340	undefined
13341	undefined
13342	undefined
13343	undefined
13344	undefined
13345	undefined
13346	undefined
13347	undefined
13348	undefined
13349	undefined
13350	undefined
13351	undefined
13352	undefined
13353	undefined
13354	undefined
13355	undefined
13356	undefined
13357	undefined
13358	undefined
13359	undefined
13360	undefined
13361	undefined
13362	undefined
13363	undefined
13364	undefined
13365	undefined
13366	undefined
13367	undefined
13368	undefined
13369	undefined
13370	undefined
13371	undefined
13372	undefined
13373	undefined
13374	undefined
13375	undefined
13376	undefined
13377	undefined
13378	undefined
13379	undefined
13380	undefined
13381	undefined
13382	undefined
13383	undefined
13384	undefined
13385	undefined
13386	undefined
13387	undefined
13388	undefined
13389	undefined
13390	undefined
13391	undefined
13392	undefined
13393	undefined
13394	undefined
13395	undefined
13396	undefined
13397	undefined
13398	undefined
13399	undefined
13400	undefined
13401	undefined
13402	undefined
13403	undefined
13404	undefined
13405	undefined
13406	undefined
13407	undefined
13408	undefined
13409	undefined
13410	undefined
13411	undefined
13412	undefined
13413	undefined
13414	undefined
13415	undefined
13416	undefined
13417	undefined
13418	undefined
13419	undefined
13420	undefined
13421	undefined
13422	undefined
13423	undefined
13424	undefined
13425	undefined
13426	undefined
13427	undefined
13428	undefined
13429	undefined
13430	undefined
13431	undefined
13432	undefined
13433	undefined
13434	undefined
13435	undefined
13436	undefined
13437	undefined
13438	undefined
13439	undefined
13440	undefined
13441	undefined
13442	undefined
13443	undefined
13444	undefined
13445	undefined
13446	undefined
13447	undefined
13448	undefined
13449	undefined
13450	undefined
13451	undefined
13452	undefined
13453	undefined
13454	undefined
13455	undefined
13456	undefined
13457	undefined
13458	undefined
13459	undefined
13460	undefined
13461	undefined
13462	undefined
13463	undefined
13464	undefined
13465	undefined
13466	undefined
13467	undefined
13468	undefined
13469	undefined
13470	undefined
13471	undefined
13472	undefined
13473	undefined
13474	undefined
13475	undefined
13476	undefined
13477	undefined
13478	undefined
13479	undefined
13480	undefined
13481	undefined
13482	undefined
13483	undefined
13484	undefined
13485	undefined
13486	undefined
13487	undefined
13488	undefined
13489	undefined
13490	undefined
13491	undefined
13492	undefined
13493	undefined
13494	undefined
13495	undefined
13496	undefined
13497	undefined
13498	undefined
13499	undefined
13500	undefined
13501	undefined
13502	undefined
13503	undefined
13504	undefined
13505	undefined
13506	undefined
13507	undefined
13508	undefined
13509	undefined
13510	undefined
13511	undefined
13512	undefined
13513	undefined
13514	undefined
13515	undefined
13516	undefined
13517	undefined
13518	undefined
13519	undefined
13520	undefined
13521	undefined
13522	undefined
13523	undefined
13524	undefined
13525	undefined
13526	undefined
13527	undefined
13528	undefined
13529	undefined
13530	undefined
13531	undefined
13532	undefined
13533	undefined
13534	undefined
13535	undefined
13536	undefined
13537	undefined
13538	undefined
13539	undefined
13540	undefined
13541	undefined
13542	undefined
13543	undefined
13544	undefined
13545	undefined
13546	undefined
13547	undefined
13548	undefined
13549	undefined
13550	undefined
13551	undefined
13552	undefined
13553	undefined
13554	undefined
13555	undefined
13556	undefined
13557	undefined
13558	undefined
13559	undefined
13560	undefined
13561	undefined
13562	undefined
13563	undefined
13564	undefined
13565	undefined
13566	undefined
13567	undefined
13568	undefined
13569	undefined
13570	undefined
13571	undefined
13572	undefined
13573	undefined
13574	undefined
13575	undefined
13576	undefined
13577	undefined
13578	undefined
13579	undefined
13580	undefined
13581	undefined
13582	undefined
13583	undefined
13584	undefined
13585	undefined
13586	undefined
13587	undefined
13588	undefined
13589	undefined
13590	undefined
13591	undefined
13592	undefined
13593	undefined
13594	undefined
13595	undefined
13596	undefined
13597	undefined
13598	undefined
13599	undefined
13600	undefined
13601	undefined
13602	undefined
13603	undefined
13604	undefined
13605	undefined
13606	undefined
13607	undefined
13608	undefined
13609	undefined
13610	undefined
13611	undefined
13612	undefined
13613	undefined
13614	undefined
13615	undefined
13616	undefined
13617	undefined
13618	undefined
13619	undefined
13620	undefined
13621	undefined
13622	undefined
13623	undefined
13624	undefined
13625	undefined
13626	undefined
13627	undefined
13628	undefined
13629	undefined
13630	undefined
13631	undefined
13632	undefined
13633	undefined
13634	undefined
13635	undefined
13636	undefined
13637	undefined
13638	undefined
13639	undefined
13640	undefined
13641	undefined
13642	undefined
13643	undefined
13644	undefined
13645	undefined
13646	undefined
13647	undefined
13648	undefined
13649	undefined
13650	undefined
13651	undefined
13652	undefined
13653	undefined
13654	undefined
13655	undefined
13656	undefined
13657	undefined
13658	undefined
13659	undefined
13660	undefined
13661	undefined
13662	undefined
13663	undefined
13664	undefined
13665	undefined
13666	undefined
13667	undefined
13668	undefined
13669	undefined
13670	undefined
13671	undefined
13672	undefined
13673	undefined
13674	undefined
13675	undefined
13676	undefined
13677	undefined
13678	undefined
13679	undefined
13680	undefined
13681	undefined
13682	undefined
13683	undefined
13684	undefined
13685	undefined
13686	undefined
13687	undefined
13688	undefined
13689	undefined
13690	undefined
13691	undefined
13692	undefined
13693	undefined
13694	undefined
13695	undefined
13696	undefined
13697	undefined
13698	undefined
13699	undefined
13700	undefined
13701	undefined
13702	undefined
13703	undefined
13704	undefined
13705	undefined
13706	undefined
13707	undefined
13708	undefined
13709	undefined
13710	undefined
13711	undefined
13712	undefined
13713	undefined
13714	undefined
13715	undefined
13716	undefined
13717	undefined
13718	undefined
13719	undefined
13720	undefined
13721	undefined
13722	undefined
13723	undefined
13724	undefined
13725	undefined
13726	undefined
13727	undefined
13728	undefined
13729	undefined
13730	undefined
13731	undefined
13732	undefined
13733	undefined
13734	undefined
13735	undefined
13736	undefined
13737	undefined
13738	undefined
13739	undefined
13740	undefined
13741	undefined
13742	undefined
13743	undefined
13744	undefined
13745	undefined
13746	undefined
13747	undefined
13748	undefined
13749	undefined
13750	undefined
13751	undefined
13752	undefined
13753	undefined
13754	undefined
13755	undefined
13756	undefined
13757	undefined
13758	undefined
13759	undefined
13760	undefined
13761	undefined
13762	undefined
13763	undefined
13764	undefined
13765	undefined
13766	undefined
13767	undefined
13768	undefined
13769	undefined
13770	undefined
13771	undefined
13772	undefined
13773	undefined
13774	undefined
13775	undefined
13776	undefined
13777	undefined
13778	undefined
13779	undefined
13780	undefined
13781	undefined
13782	undefined
13783	undefined
13784	undefined
13785	undefined
13786	undefined
13787	undefined
13788	undefined
13789	undefined
13790	undefined
13791	undefined
13792	undefined
13793	undefined
13794	undefined
13795	undefined
13796	undefined
13797	undefined
13798	undefined
13799	undefined
13800	undefined
13801	undefined
13802	undefined
13803	undefined
13804	undefined
13805	undefined
13806	undefined
13807	undefined
13808	undefined
13809	undefined
13810	undefined
13811	undefined
13812	undefined
13813	undefined
13814	undefined
13815	undefined
13816	undefined
13817	undefined
13818	undefined
13819	undefined
13820	undefined
13821	undefined
13822	undefined
13823	undefined
13824	undefined
13825	undefined
13826	undefined
13827	undefined
13828	undefined
13829	undefined
13830	undefined
13831	undefined
13832	undefined
13833	undefined
13834	undefined
13835	undefined
13836	undefined
13837	undefined
13838	undefined
13839	undefined
13840	undefined
13841	undefined
13842	undefined
13843	undefined
13844	undefined
13845	undefined
13846	undefined
13847	undefined
13848	undefined
13849	undefined
13850	undefined
13851	undefined
13852	undefined
13853	undefined
13854	undefined
13855	undefined
13856	undefined
13857	undefined
13858	undefined
13859	undefined
13860	undefined
13861	undefined
13862	undefined
13863	undefined
13864	undefined
13865	undefined
13866	undefined
13867	undefined
13868	undefined
13869	undefined
13870	undefined
13871	undefined
13872	undefined
13873	undefined
13874	undefined
13875	undefined
13876	undefined
13877	undefined
13878	undefined
13879	undefined
13880	undefined
13881	undefined
13882	undefined
13883	undefined
13884	undefined
13885	undefined
13886	undefined
13887	undefined
13888	undefined
13889	undefined
13890	undefined
13891	undefined
13892	undefined
13893	undefined
13894	undefined
13895	undefined
13896	undefined
13897	undefined
13898	undefined
13899	undefined
13900	undefined
13901	undefined
13902	undefined
13903	undefined
13904	undefined
13905	undefined
13906	undefined
13907	undefined
13908	undefined
13909	undefined
13910	undefined
13911	undefined
13912	undefined
13913	undefined
13914	undefined
13915	undefined
13916	undefined
13917	undefined
13918	undefined
13919	undefined
13920	undefined
13921	undefined
13922	undefined
13923	undefined
13924	undefined
13925	undefined
13926	undefined
13927	undefined
13928	undefined
13929	undefined
13930	undefined
13931	undefined
13932	undefined
13933	undefined
13934	undefined
13935	undefined
13936	undefined
13937	undefined
13938	undefined
13939	undefined
13940	undefined
13941	undefined
13942	undefined
13943	undefined
13944	undefined
13945	undefined
13946	undefined
13947	undefined
13948	undefined
13949	undefined
13950	undefined
13951	undefined
13952	undefined
13953	undefined
13954	undefined
13955	undefined
13956	undefined
13957	undefined
13958	undefined
13959	undefined
13960	undefined
13961	undefined
13962	undefined
13963	undefined
13964	undefined
13965	undefined
13966	undefined
13967	undefined
13968	undefined
13969	undefined
13970	undefined
13971	undefined
13972	undefined
13973	undefined
13974	undefined
13975	undefined
13976	undefined
13977	undefined
13978	undefined
13979	undefined
13980	undefined
13981	undefined
13982	undefined
13983	undefined
13984	undefined
13985	undefined
13986	undefined
13987	undefined
13988	undefined
13989	undefined
13990	undefined
13991	undefined
13992	undefined
13993	undefined
13994	undefined
13995	undefined
13996	undefined
13997	undefined
13998	undefined
13999	undefined
14000	undefined
14001	undefined
14002	undefined
14003	undefined
14004	undefined
14005	undefined
14006	undefined
14007	undefined
14008	undefined
14009	undefined
14010	undefined
14011	undefined
14012	undefined
14013	undefined
14014	undefined
14015	undefined
14016	undefined
14017	undefined
14018	undefined
14019	undefined
14020	undefined
14021	undefined
14022	undefined
14023	undefined
14024	undefined
14025	undefined
14026	undefined
14027	undefined
14028	undefined
14029	undefined
14030	undefined
14031	undefined
14032	undefined
14033	undefined
14034	undefined
14035	undefined
14036	undefined
14037	undefined
14038	undefined
14039	undefined
14040	undefined
14041	undefined
14042	undefined
14043	undefined
14044	undefined
14045	undefined
14046	undefined
14047	undefined
14048	undefined
14049	undefined
14050	undefined
14051	undefined
14052	undefined
14053	undefined
14054	undefined
14055	undefined
14056	undefined
14057	undefined
14058	undefined
14059	undefined
14060	undefined
14061	undefined
14062	undefined
14063	undefined
14064	undefined
14065	undefined
14066	undefined
14067	undefined
14068	undefined
14069	undefined
14070	undefined
14071	undefined
14072	undefined
14073	undefined
14074	undefined
14075	undefined
14076	undefined
14077	undefined
14078	undefined
14079	undefined
14080	undefined
14081	undefined
14082	undefined
14083	undefined
14084	undefined
14085	undefined
14086	undefined
14087	undefined
14088	undefined
14089	undefined
14090	undefined
14091	undefined
14092	undefined
14093	undefined
14094	undefined
14095	undefined
14096	undefined
14097	undefined
14098	undefined
14099	undefined
14100	undefined
14101	undefined
14102	undefined
14103	undefined
14104	undefined
14105	undefined
14106	undefined
14107	undefined
14108	undefined
14109	undefined
14110	undefined
14111	undefined
14112	undefined
14113	undefined
14114	undefined
14115	undefined
14116	undefined
14117	undefined
14118	undefined
14119	undefined
14120	undefined
14121	undefined
14122	undefined
14123	undefined
14124	undefined
14125	undefined
14126	undefined
14127	undefined
14128	undefined
14129	undefined
14130	undefined
14131	undefined
14132	undefined
14133	undefined
14134	undefined
14135	undefined
14136	undefined
14137	undefined
14138	undefined
14139	undefined
14140	undefined
14141	undefined
14142	undefined
14143	undefined
14144	undefined
14145	undefined
14146	undefined
14147	undefined
14148	undefined
14149	undefined
14150	undefined
14151	undefined
14152	undefined
14153	undefined
14154	undefined
14155	undefined
14156	undefined
14157	undefined
14158	undefined
14159	undefined
14160	undefined
14161	undefined
14162	undefined
14163	undefined
14164	undefined
14165	undefined
14166	undefined
14167	undefined
14168	undefined
14169	undefined
14170	undefined
14171	undefined
14172	undefined
14173	undefined
14174	undefined
14175	undefined
14176	undefined
14177	undefined
14178	undefined
14179	undefined
14180	undefined
14181	undefined
14182	undefined
14183	undefined
14184	undefined
14185	undefined
14186	undefined
14187	undefined
14188	undefined
14189	undefined
14190	undefined
14191	undefined
14192	undefined
14193	undefined
14194	undefined
14195	undefined
14196	undefined
14197	undefined
14198	undefined
14199	undefined
14200	undefined
14201	undefined
14202	undefined
14203	undefined
14204	undefined
14205	undefined
14206	undefined
14207	undefined
14208	undefined
14209	undefined
14210	undefined
14211	undefined
14212	undefined
14213	undefined
14214	undefined
14215	undefined
14216	undefined
14217	undefined
14218	undefined
14219	undefined
14220	undefined
14221	undefined
14222	undefined
14223	undefined
14224	undefined
14225	undefined
14226	undefined
14227	undefined
14228	undefined
14229	undefined
14230	undefined
14231	undefined
14232	undefined
14233	undefined
14234	undefined
14235	undefined
14236	undefined
14237	undefined
14238	undefined
14239	undefined
14240	undefined
14241	undefined
14242	undefined
14243	undefined
14244	undefined
14245	undefined
14246	undefined
14247	undefined
14248	undefined
14249	undefined
14250	undefined
14251	undefined
14252	undefined
14253	undefined
14254	undefined
14255	undefined
14256	undefined
14257	undefined
14258	undefined
14259	undefined
14260	undefined
14261	undefined
14262	undefined
14263	undefined
14264	undefined
14265	undefined
14266	undefined
14267	undefined
14268	undefined
14269	undefined
14270	undefined
14271	undefined
14272	undefined
14273	undefined
14274	undefined
14275	undefined
14276	undefined
14277	undefined
14278	undefined
14279	undefined
14280	undefined
14281	undefined
14282	undefined
14283	undefined
14284	undefined
14285	undefined
14286	undefined
14287	undefined
14288	undefined
14289	undefined
14290	undefined
14291	undefined
14292	undefined
14293	undefined
14294	undefined
14295	undefined
14296	undefined
14297	undefined
14298	undefined
14299	undefined
14300	undefined
14301	undefined
14302	undefined
14303	undefined
14304	undefined
14305	undefined
14306	undefined
14307	undefined
14308	undefined
14309	undefined
14310	undefined
14311	undefined
14312	undefined
14313	undefined
14314	undefined
14315	undefined
14316	undefined
14317	undefined
14318	undefined
14319	undefined
14320	undefined
14321	undefined
14322	undefined
14323	undefined
14324	undefined
14325	undefined
14326	undefined
14327	undefined
14328	undefined
14329	undefined
14330	undefined
14331	undefined
14332	undefined
14333	undefined
14334	undefined
14335	undefined
14336	undefined
14337	undefined
14338	undefined
14339	undefined
14340	undefined
14341	undefined
14342	undefined
14343	undefined
14344	undefined
14345	undefined
14346	undefined
14347	undefined
14348	undefined
14349	undefined
14350	undefined
14351	undefined
14352	undefined
14353	undefined
14354	undefined
14355	undefined
14356	undefined
14357	undefined
14358	undefined
14359	undefined
14360	undefined
14361	undefined
14362	undefined
14363	undefined
14364	undefined
14365	undefined
14366	undefined
14367	undefined
14368	undefined
14369	undefined
14370	undefined
14371	undefined
14372	undefined
14373	undefined
14374	undefined
14375	undefined
14376	undefined
14377	undefined
14378	undefined
14379	undefined
14380	undefined
14381	undefined
14382	undefined
14383	undefined
14384	undefined
14385	undefined
14386	undefined
14387	undefined
14388	undefined
14389	undefined
14390	undefined
14391	undefined
14392	undefined
14393	undefined
14394	undefined
14395	undefined
14396	undefined
14397	undefined
14398	undefined
14399	undefined
14400	undefined
14401	undefined
14402	undefined
14403	undefined
14404	undefined
14405	undefined
14406	undefined
14407	undefined
14408	undefined
14409	undefined
14410	undefined
14411	undefined
14412	undefined
14413	undefined
14414	undefined
14415	undefined
14416	undefined
14417	undefined
14418	undefined
14419	undefined
14420	undefined
14421	undefined
14422	undefined
14423	undefined
14424	undefined
14425	undefined
14426	undefined
14427	undefined
14428	undefined
14429	undefined
14430	undefined
14431	undefined
14432	undefined
14433	undefined
14434	undefined
14435	undefined
14436	undefined
14437	undefined
14438	undefined
14439	undefined
14440	undefined
14441	undefined
14442	undefined
14443	undefined
14444	undefined
14445	undefined
14446	undefined
14447	undefined
14448	undefined
14449	undefined
14450	undefined
14451	undefined
14452	undefined
14453	undefined
14454	undefined
14455	undefined
14456	undefined
14457	undefined
14458	undefined
14459	undefined
14460	undefined
14461	undefined
14462	undefined
14463	undefined
14464	undefined
14465	undefined
14466	undefined
14467	undefined
14468	undefined
14469	undefined
14470	undefined
14471	undefined
14472	undefined
14473	undefined
14474	undefined
14475	undefined
14476	undefined
14477	undefined
14478	undefined
14479	undefined
14480	undefined
14481	undefined
14482	undefined
14483	undefined
14484	undefined
14485	undefined
14486	undefined
14487	undefined
14488	undefined
14489	undefined
14490	undefined
14491	undefined
14492	undefined
14493	undefined
14494	undefined
14495	undefined
14496	undefined
14497	undefined
14498	undefined
14499	undefined
14500	undefined
14501	undefined
14502	undefined
14503	undefined
14504	undefined
14505	undefined
14506	undefined
14507	undefined
14508	undefined
14509	undefined
14510	undefined
14511	undefined
14512	undefined
14513	undefined
14514	undefined
14515	undefined
14516	undefined
14517	undefined
14518	undefined
14519	undefined
14520	undefined
14521	undefined
14522	undefined
14523	undefined
14524	undefined
14525	undefined
14526	undefined
14527	undefined
14528	undefined
14529	undefined
14530	undefined
14531	undefined
14532	undefined
14533	undefined
14534	undefined
14535	undefined
14536	undefined
14537	undefined
14538	undefined
14539	undefined
14540	undefined
14541	undefined
14542	undefined
14543	undefined
14544	undefined
14545	undefined
14546	undefined
14547	undefined
14548	undefined
14549	undefined
14550	undefined
14551	undefined
14552	undefined
14553	undefined
14554	undefined
14555	undefined
14556	undefined
14557	undefined
14558	undefined
14559	undefined
14560	undefined
14561	undefined
14562	undefined
14563	undefined
14564	undefined
14565	undefined
14566	undefined
14567	undefined
14568	undefined
14569	undefined
14570	undefined
14571	undefined
14572	undefined
14573	undefined
14574	undefined
14575	undefined
14576	undefined
14577	undefined
14578	undefined
14579	undefined
14580	undefined
14581	undefined
14582	undefined
14583	undefined
14584	undefined
14585	undefined
14586	undefined
14587	undefined
14588	undefined
14589	undefined
14590	undefined
14591	undefined
14592	undefined
14593	undefined
14594	undefined
14595	undefined
14596	undefined
14597	undefined
14598	undefined
14599	undefined
14600	undefined
14601	undefined
14602	undefined
14603	undefined
14604	undefined
14605	undefined
14606	undefined
14607	undefined
14608	undefined
14609	undefined
14610	undefined
14611	undefined
14612	undefined
14613	undefined
14614	undefined
14615	undefined
14616	undefined
14617	undefined
14618	undefined
14619	undefined
14620	undefined
14621	undefined
14622	undefined
14623	undefined
14624	undefined
14625	undefined
14626	undefined
14627	undefined
14628	undefined
14629	undefined
14630	undefined
14631	undefined
14632	undefined
14633	undefined
14634	undefined
14635	undefined
14636	undefined
14637	undefined
14638	undefined
14639	undefined
14640	undefined
14641	undefined
14642	undefined
14643	undefined
14644	undefined
14645	undefined
14646	undefined
14647	undefined
14648	undefined
14649	undefined
14650	undefined
14651	undefined
14652	undefined
14653	undefined
14654	undefined
14655	undefined
14656	undefined
14657	undefined
14658	undefined
14659	undefined
14660	undefined
14661	undefined
14662	undefined
14663	undefined
14664	undefined
14665	undefined
14666	undefined
14667	undefined
14668	undefined
14669	undefined
14670	undefined
14671	undefined
14672	undefined
14673	undefined
14674	undefined
14675	undefined
14676	undefined
14677	undefined
14678	undefined
14679	undefined
14680	undefined
14681	undefined
14682	undefined
14683	undefined
14684	undefined
14685	undefined
14686	undefined
14687	undefined
14688	undefined
14689	undefined
14690	undefined
14691	undefined
14692	undefined
14693	undefined
14694	undefined
14695	undefined
14696	undefined
14697	undefined
14698	undefined
14699	undefined
14700	undefined
14701	undefined
14702	undefined
14703	undefined
14704	undefined
14705	undefined
14706	undefined
14707	undefined
14708	undefined
14709	undefined
14710	undefined
14711	undefined
14712	undefined
14713	undefined
14714	undefined
14715	undefined
14716	undefined
14717	undefined
14718	undefined
14719	undefined
14720	undefined
14721	undefined
14722	undefined
14723	undefined
14724	undefined
14725	undefined
14726	undefined
14727	undefined
14728	undefined
14729	undefined
14730	undefined
14731	undefined
14732	undefined
14733	undefined
14734	undefined
14735	undefined
14736	undefined
14737	undefined
14738	undefined
14739	undefined
14740	undefined
14741	undefined
14742	undefined
14743	undefined
14744	undefined
14745	undefined
14746	undefined
14747	undefined
14748	undefined
14749	undefined
14750	undefined
14751	undefined
14752	undefined
14753	undefined
14754	undefined
14755	undefined
14756	undefined
14757	undefined
14758	undefined
14759	undefined
14760	undefined
14761	undefined
14762	undefined
14763	undefined
14764	undefined
14765	undefined
14766	undefined
14767	undefined
14768	undefined
14769	undefined
14770	undefined
14771	undefined
14772	undefined
14773	undefined
14774	undefined
14775	undefined
14776	undefined
14777	undefined
14778	undefined
14779	undefined
14780	undefined
14781	undefined
14782	undefined
14783	undefined
14784	undefined
14785	undefined
14786	undefined
14787	undefined
14788	undefined
14789	undefined
14790	undefined
14791	undefined
14792	undefined
14793	undefined
14794	undefined
14795	undefined
14796	undefined
14797	undefined
14798	undefined
14799	undefined
14800	undefined
14801	undefined
14802	undefined
14803	undefined
14804	undefined
14805	undefined
14806	undefined
14807	undefined
14808	undefined
14809	undefined
14810	undefined
14811	undefined
14812	undefined
14813	undefined
14814	undefined
14815	undefined
14816	undefined
14817	undefined
14818	undefined
14819	undefined
14820	undefined
14821	undefined
14822	undefined
14823	undefined
14824	undefined
14825	undefined
14826	undefined
14827	undefined
14828	undefined
14829	undefined
14830	undefined
14831	undefined
14832	undefined
14833	undefined
14834	undefined
14835	undefined
14836	undefined
14837	undefined
14838	undefined
14839	undefined
14840	undefined
14841	undefined
14842	undefined
14843	undefined
14844	undefined
14845	undefined
14846	undefined
14847	undefined
14848	undefined
14849	undefined
14850	undefined
14851	undefined
14852	undefined
14853	undefined
14854	undefined
14855	undefined
14856	undefined
14857	undefined
14858	undefined
14859	undefined
14860	undefined
14861	undefined
14862	undefined
14863	undefined
14864	undefined
14865	undefined
14866	undefined
14867	undefined
14868	undefined
14869	undefined
14870	undefined
14871	undefined
14872	undefined
14873	undefined
14874	undefined
14875	undefined
14876	undefined
14877	undefined
14878	undefined
14879	undefined
14880	undefined
14881	undefined
14882	undefined
14883	undefined
14884	undefined
14885	undefined
14886	undefined
14887	undefined
14888	undefined
14889	undefined
14890	undefined
14891	undefined
14892	undefined
14893	undefined
14894	undefined
14895	undefined
14896	undefined
14897	undefined
14898	undefined
14899	undefined
14900	undefined
14901	undefined
14902	undefined
14903	undefined
14904	undefined
14905	undefined
14906	undefined
14907	undefined
14908	undefined
14909	undefined
14910	undefined
14911	undefined
14912	undefined
14913	undefined
14914	undefined
14915	undefined
14916	undefined
14917	undefined
14918	undefined
14919	undefined
14920	undefined
14921	undefined
14922	undefined
14923	undefined
14924	undefined
14925	undefined
14926	undefined
14927	undefined
14928	undefined
14929	undefined
14930	undefined
14931	undefined
14932	undefined
14933	undefined
14934	undefined
14935	undefined
14936	undefined
14937	undefined
14938	undefined
14939	undefined
14940	undefined
14941	undefined
14942	undefined
14943	undefined
14944	undefined
14945	undefined
14946	undefined
14947	undefined
14948	undefined
14949	undefined
14950	undefined
14951	undefined
14952	undefined
14953	undefined
14954	undefined
14955	undefined
14956	undefined
14957	undefined
14958	undefined
14959	undefined
14960	undefined
14961	undefined
14962	undefined
14963	undefined
14964	undefined
14965	undefined
14966	undefined
14967	undefined
14968	undefined
14969	undefined
14970	undefined
14971	undefined
14972	undefined
14973	undefined
14974	undefined
14975	undefined
14976	undefined
14977	undefined
14978	undefined
14979	undefined
14980	undefined
14981	undefined
14982	undefined
14983	undefined
14984	undefined
14985	undefined
14986	undefined
14987	undefined
14988	undefined
14989	undefined
14990	undefined
14991	undefined
14992	undefined
14993	undefined
14994	undefined
14995	undefined
14996	undefined
14997	undefined
14998	undefined
14999	undefined
15000	undefined
15001	undefined
15002	undefined
15003	undefined
15004	undefined
15005	undefined
15006	undefined
15007	undefined
15008	undefined
15009	undefined
15010	undefined
15011	undefined
15012	undefined
15013	undefined
15014	undefined
15015	undefined
15016	undefined
15017	undefined
15018	undefined
15019	undefined
15020	undefined
15021	undefined
15022	undefined
15023	undefined
15024	undefined
15025	undefined
15026	undefined
15027	undefined
15028	undefined
15029	undefined
15030	undefined
15031	undefined
15032	undefined
15033	undefined
15034	undefined
15035	undefined
15036	undefined
15037	undefined
15038	undefined
15039	undefined
15040	undefined
15041	undefined
15042	undefined
15043	undefined
15044	undefined
15045	undefined
15046	undefined
15047	undefined
15048	undefined
15049	undefined
15050	undefined
15051	undefined
15052	undefined
15053	undefined
15054	undefined
15055	undefined
15056	undefined
15057	undefined
15058	undefined
15059	undefined
15060	undefined
15061	undefined
15062	undefined
15063	undefined
15064	undefined
15065	undefined
15066	undefined
15067	undefined
15068	undefined
15069	undefined
15070	undefined
15071	undefined
15072	undefined
15073	undefined
15074	undefined
15075	undefined
15076	undefined
15077	undefined
15078	undefined
15079	undefined
15080	undefined
15081	undefined
15082	undefined
15083	undefined
15084	undefined
15085	undefined
15086	undefined
15087	undefined
15088	undefined
15089	undefined
15090	undefined
15091	undefined
15092	undefined
15093	undefined
15094	undefined
15095	undefined
15096	undefined
15097	undefined
15098	undefined
15099	undefined
15100	undefined
15101	undefined
15102	undefined
15103	undefined
15104	undefined
15105	undefined
15106	undefined
15107	undefined
15108	undefined
15109	undefined
15110	undefined
15111	undefined
15112	undefined
15113	undefined
15114	undefined
15115	undefined
15116	undefined
15117	undefined
15118	undefined
15119	undefined
15120	undefined
15121	undefined
15122	undefined
15123	undefined
15124	undefined
15125	undefined
15126	undefined
15127	undefined
15128	undefined
15129	undefined
15130	undefined
15131	undefined
15132	undefined
15133	undefined
15134	undefined
15135	undefined
15136	undefined
15137	undefined
15138	undefined
15139	undefined
15140	undefined
15141	undefined
15142	undefined
15143	undefined
15144	undefined
15145	undefined
15146	undefined
15147	undefined
15148	undefined
15149	undefined
15150	undefined
15151	undefined
15152	undefined
15153	undefined
15154	undefined
15155	undefined
15156	undefined
15157	undefined
15158	undefined
15159	undefined
15160	undefined
15161	undefined
15162	undefined
15163	undefined
15164	undefined
15165	undefined
15166	undefined
15167	undefined
15168	undefined
15169	undefined
15170	undefined
15171	undefined
15172	undefined
15173	undefined
15174	undefined
15175	undefined
15176	undefined
15177	undefined
15178	undefined
15179	undefined
15180	undefined
15181	undefined
15182	undefined
15183	undefined
15184	undefined
15185	undefined
15186	undefined
15187	undefined
15188	undefined
15189	undefined
15190	undefined
15191	undefined
15192	undefined
15193	undefined
15194	undefined
15195	undefined
15196	undefined
15197	undefined
15198	undefined
15199	undefined
15200	undefined
15201	undefined
15202	undefined
15203	undefined
15204	undefined
15205	undefined
15206	undefined
15207	undefined
15208	undefined
15209	undefined
15210	undefined
15211	undefined
15212	undefined
15213	undefined
15214	undefined
15215	undefined
15216	undefined
15217	undefined
15218	undefined
15219	undefined
15220	undefined
15221	undefined
15222	undefined
15223	undefined
15224	undefined
15225	undefined
15226	undefined
15227	undefined
15228	undefined
15229	undefined
15230	undefined
15231	undefined
15232	undefined
15233	undefined
15234	undefined
15235	undefined
15236	undefined
15237	undefined
15238	undefined
15239	undefined
15240	undefined
15241	undefined
15242	undefined
15243	undefined
15244	undefined
15245	undefined
15246	undefined
15247	undefined
15248	undefined
15249	undefined
15250	undefined
15251	undefined
15252	undefined
15253	undefined
15254	undefined
15255	undefined
15256	undefined
15257	undefined
15258	undefined
15259	undefined
15260	undefined
15261	undefined
15262	undefined
15263	undefined
15264	undefined
15265	undefined
15266	undefined
15267	undefined
15268	undefined
15269	undefined
15270	undefined
15271	undefined
15272	undefined
15273	undefined
15274	undefined
15275	undefined
15276	undefined
15277	undefined
15278	undefined
15279	undefined
15280	undefined
15281	undefined
15282	undefined
15283	undefined
15284	undefined
15285	undefined
15286	undefined
15287	undefined
15288	undefined
15289	undefined
15290	undefined
15291	undefined
15292	undefined
15293	undefined
15294	undefined
15295	undefined
15296	undefined
15297	undefined
15298	undefined
15299	undefined
15300	undefined
15301	undefined
15302	undefined
15303	undefined
15304	undefined
15305	undefined
15306	undefined
15307	undefined
15308	undefined
15309	undefined
15310	undefined
15311	undefined
15312	undefined
15313	undefined
15314	undefined
15315	undefined
15316	undefined
15317	undefined
15318	undefined
15319	undefined
15320	undefined
15321	undefined
15322	undefined
15323	undefined
15324	undefined
15325	undefined
15326	undefined
15327	undefined
15328	undefined
15329	undefined
15330	undefined
15331	undefined
15332	undefined
15333	undefined
15334	undefined
15335	undefined
15336	undefined
15337	undefined
15338	undefined
15339	undefined
15340	undefined
15341	undefined
15342	undefined
15343	undefined
15344	undefined
15345	undefined
15346	undefined
15347	undefined
15348	undefined
15349	undefined
15350	undefined
15351	undefined
15352	undefined
15353	undefined
15354	undefined
15355	undefined
15356	undefined
15357	undefined
15358	undefined
15359	undefined
15360	undefined
15361	undefined
15362	undefined
15363	undefined
15364	undefined
15365	undefined
15366	undefined
15367	undefined
15368	undefined
15369	undefined
15370	undefined
15371	undefined
15372	undefined
15373	undefined
15374	undefined
15375	undefined
15376	undefined
15377	undefined
15378	undefined
15379	undefined
15380	undefined
15381	undefined
15382	undefined
15383	undefined
15384	undefined
15385	undefined
15386	undefined
15387	undefined
15388	undefined
15389	undefined
15390	undefined
15391	undefined
15392	undefined
15393	undefined
15394	undefined
15395	undefined
15396	undefined
15397	undefined
15398	undefined
15399	undefined
15400	undefined
15401	undefined
15402	undefined
15403	undefined
15404	undefined
15405	undefined
15406	undefined
15407	undefined
15408	undefined
15409	undefined
15410	undefined
15411	undefined
15412	undefined
15413	undefined
15414	undefined
15415	undefined
15416	undefined
15417	undefined
15418	undefined
15419	undefined
15420	undefined
15421	undefined
15422	undefined
15423	undefined
15424	undefined
15425	undefined
15426	undefined
15427	undefined
15428	undefined
15429	undefined
15430	undefined
15431	undefined
15432	undefined
15433	undefined
15434	undefined
15435	undefined
15436	undefined
15437	undefined
15438	undefined
15439	undefined
15440	undefined
15441	undefined
15442	undefined
15443	undefined
15444	undefined
15445	undefined
15446	undefined
15447	undefined
15448	undefined
15449	undefined
15450	undefined
15451	undefined
15452	undefined
15453	undefined
15454	undefined
15455	undefined
15456	undefined
15457	undefined
15458	undefined
15459	undefined
15460	undefined
15461	undefined
15462	undefined
15463	undefined
15464	undefined
15465	undefined
15466	undefined
15467	undefined
15468	undefined
15469	undefined
15470	undefined
15471	undefined
15472	undefined
15473	undefined
15474	undefined
15475	undefined
15476	undefined
15477	undefined
15478	undefined
15479	undefined
15480	undefined
15481	undefined
15482	undefined
15483	undefined
15484	undefined
15485	undefined
15486	undefined
15487	undefined
15488	undefined
15489	undefined
15490	undefined
15491	undefined
15492	undefined
15493	undefined
15494	undefined
15495	undefined
15496	undefined
15497	undefined
15498	undefined
15499	undefined
15500	undefined
15501	undefined
15502	undefined
15503	undefined
15504	undefined
15505	undefined
15506	undefined
15507	undefined
15508	undefined
15509	undefined
15510	undefined
15511	undefined
15512	undefined
15513	undefined
15514	undefined
15515	undefined
15516	undefined
15517	undefined
15518	undefined
15519	undefined
15520	undefined
15521	undefined
15522	undefined
15523	undefined
15524	undefined
15525	undefined
15526	undefined
15527	undefined
15528	undefined
15529	undefined
15530	undefined
15531	undefined
15532	undefined
15533	undefined
15534	undefined
15535	undefined
15536	undefined
15537	undefined
15538	undefined
15539	undefined
15540	undefined
15541	undefined
15542	undefined
15543	undefined
15544	undefined
15545	undefined
15546	undefined
15547	undefined
15548	undefined
15549	undefined
15550	undefined
15551	undefined
15552	undefined
15553	undefined
15554	undefined
15555	undefined
15556	undefined
15557	undefined
15558	undefined
15559	undefined
15560	undefined
15561	undefined
15562	undefined
15563	undefined
15564	undefined
15565	undefined
15566	undefined
15567	undefined
15568	undefined
15569	undefined
15570	undefined
15571	undefined
15572	undefined
15573	undefined
15574	undefined
15575	undefined
15576	undefined
15577	undefined
15578	undefined
15579	undefined
15580	undefined
15581	undefined
15582	undefined
15583	undefined
15584	undefined
15585	undefined
15586	undefined
15587	undefined
15588	undefined
15589	undefined
15590	undefined
15591	undefined
15592	undefined
15593	undefined
15594	undefined
15595	undefined
15596	undefined
15597	undefined
15598	undefined
15599	undefined
15600	undefined
15601	undefined
15602	undefined
15603	undefined
15604	undefined
15605	undefined
15606	undefined
15607	undefined
15608	undefined
15609	undefined
15610	undefined
15611	undefined
15612	undefined
15613	undefined
15614	undefined
15615	undefined
15616	undefined
15617	undefined
15618	undefined
15619	undefined
15620	undefined
15621	undefined
15622	undefined
15623	undefined
15624	undefined
15625	undefined
15626	undefined
15627	undefined
15628	undefined
15629	undefined
15630	undefined
15631	undefined
15632	undefined
15633	undefined
15634	undefined
15635	undefined
15636	undefined
15637	undefined
15638	undefined
15639	undefined
15640	undefined
15641	undefined
15642	undefined
15643	undefined
15644	undefined
15645	undefined
15646	undefined
15647	undefined
15648	undefined
15649	undefined
15650	undefined
15651	undefined
15652	undefined
15653	undefined
15654	undefined
15655	undefined
15656	undefined
15657	undefined
15658	undefined
15659	undefined
15660	undefined
15661	undefined
15662	undefined
15663	undefined
15664	undefined
15665	undefined
15666	undefined
15667	undefined
15668	undefined
15669	undefined
15670	undefined
15671	undefined
15672	undefined
15673	undefined
15674	undefined
15675	undefined
15676	undefined
15677	undefined
15678	undefined
15679	undefined
15680	undefined
15681	undefined
15682	undefined
15683	undefined
15684	undefined
15685	undefined
15686	undefined
15687	undefined
15688	undefined
15689	undefined
15690	undefined
15691	undefined
15692	undefined
15693	undefined
15694	undefined
15695	undefined
15696	undefined
15697	undefined
15698	undefined
15699	undefined
15700	undefined
15701	undefined
15702	undefined
15703	undefined
15704	undefined
15705	undefined
15706	undefined
15707	undefined
15708	undefined
15709	undefined
15710	undefined
15711	undefined
15712	undefined
15713	undefined
15714	undefined
15715	undefined
15716	undefined
15717	undefined
15718	undefined
15719	undefined
15720	undefined
15721	undefined
15722	undefined
15723	undefined
15724	undefined
15725	undefined
15726	undefined
15727	undefined
15728	undefined
15729	undefined
15730	undefined
15731	undefined
15732	undefined
15733	undefined
15734	undefined
15735	undefined
15736	undefined
15737	undefined
15738	undefined
15739	undefined
15740	undefined
15741	undefined
15742	undefined
15743	undefined
15744	undefined
15745	undefined
15746	undefined
15747	undefined
15748	undefined
15749	undefined
15750	undefined
15751	undefined
15752	undefined
15753	undefined
15754	undefined
15755	undefined
15756	undefined
15757	undefined
15758	undefined
15759	undefined
15760	undefined
15761	undefined
15762	undefined
15763	undefined
15764	undefined
15765	undefined
15766	undefined
15767	undefined
15768	undefined
15769	undefined
15770	undefined
15771	undefined
15772	undefined
15773	undefined
15774	undefined
15775	undefined
15776	undefined
15777	undefined
15778	undefined
15779	undefined
15780	undefined
15781	undefined
15782	undefined
15783	undefined
15784	undefined
15785	undefined
15786	undefined
15787	undefined
15788	undefined
15789	undefined
15790	undefined
15791	undefined
15792	undefined
15793	undefined
15794	undefined
15795	undefined
15796	undefined
15797	undefined
15798	undefined
15799	undefined
15800	undefined
15801	undefined
15802	undefined
15803	undefined
15804	undefined
15805	undefined
15806	undefined
15807	undefined
15808	undefined
15809	undefined
15810	undefined
15811	undefined
15812	undefined
15813	undefined
15814	undefined
15815	undefined
15816	undefined
15817	undefined
15818	undefined
15819	undefined
15820	undefined
15821	undefined
15822	undefined
15823	undefined
15824	undefined
15825	undefined
15826	undefined
15827	undefined
15828	undefined
15829	undefined
15830	undefined
15831	undefined
15832	undefined
15833	undefined
15834	undefined
15835	undefined
15836	undefined
15837	undefined
15838	undefined
15839	undefined
15840	undefined
15841	undefined
15842	undefined
15843	undefined
15844	undefined
15845	undefined
15846	undefined
15847	undefined
15848	undefined
15849	undefined
15850	undefined
15851	undefined
15852	undefined
15853	undefined
15854	undefined
15855	undefined
15856	undefined
15857	undefined
15858	undefined
15859	undefined
15860	undefined
15861	undefined
15862	undefined
15863	undefined
15864	undefined
15865	undefined
15866	undefined
15867	undefined
15868	undefined
15869	undefined
15870	undefined
15871	undefined
15872	undefined
15873	undefined
15874	undefined
15875	undefined
15876	undefined
15877	undefined
15878	undefined
15879	undefined
15880	undefined
15881	undefined
15882	undefined
15883	undefined
15884	undefined
15885	undefined
15886	undefined
15887	undefined
15888	undefined
15889	undefined
15890	undefined
15891	undefined
15892	undefined
15893	undefined
15894	undefined
15895	undefined
15896	undefined
15897	undefined
15898	undefined
15899	undefined
15900	undefined
15901	undefined
15902	undefined
15903	undefined
15904	undefined
15905	undefined
15906	undefined
15907	undefined
15908	undefined
15909	undefined
15910	undefined
15911	undefined
15912	undefined
15913	undefined
15914	undefined
15915	undefined
15916	undefined
15917	undefined
15918	undefined
15919	undefined
15920	undefined
15921	undefined
15922	undefined
15923	undefined
15924	undefined
15925	undefined
15926	undefined
15927	undefined
15928	undefined
15929	undefined
15930	undefined
15931	undefined
15932	undefined
15933	undefined
15934	undefined
15935	undefined
15936	undefined
15937	undefined
15938	undefined
15939	undefined
15940	undefined
15941	undefined
15942	undefined
15943	undefined
15944	undefined
15945	undefined
15946	undefined
15947	undefined
15948	undefined
15949	undefined
15950	undefined
15951	undefined
15952	undefined
15953	undefined
15954	undefined
15955	undefined
15956	undefined
15957	undefined
15958	undefined
15959	undefined
15960	undefined
15961	undefined
15962	undefined
15963	undefined
15964	undefined
15965	undefined
15966	undefined
15967	undefined
15968	undefined
15969	undefined
15970	undefined
15971	undefined
15972	undefined
15973	undefined
15974	undefined
15975	undefined
15976	undefined
15977	undefined
15978	undefined
15979	undefined
15980	undefined
15981	undefined
15982	undefined
15983	undefined
15984	undefined
15985	undefined
15986	undefined
15987	undefined
15988	undefined
15989	undefined
15990	undefined
15991	undefined
15992	undefined
15993	undefined
15994	undefined
15995	undefined
15996	undefined
15997	undefined
15998	undefined
15999	undefined
16000	undefined
16001	undefined
16002	undefined
16003	undefined
16004	undefined
16005	undefined
16006	undefined
16007	undefined
16008	undefined
16009	undefined
16010	undefined
16011	undefined
16012	undefined
16013	undefined
16014	undefined
16015	undefined
16016	undefined
16017	undefined
16018	undefined
16019	undefined
16020	undefined
16021	undefined
16022	undefined
16023	undefined
16024	undefined
16025	undefined
16026	undefined
16027	undefined
16028	undefined
16029	undefined
16030	undefined
16031	undefined
16032	undefined
16033	undefined
16034	undefined
16035	undefined
16036	undefined
16037	undefined
16038	undefined
16039	undefined
16040	undefined
16041	undefined
16042	undefined
16043	undefined
16044	undefined
16045	undefined
16046	undefined
16047	undefined
16048	undefined
16049	undefined
16050	undefined
16051	undefined
16052	undefined
16053	undefined
16054	undefined
16055	undefined
16056	undefined
16057	undefined
16058	undefined
16059	undefined
16060	undefined
16061	undefined
16062	undefined
16063	undefined
16064	undefined
16065	undefined
16066	undefined
16067	undefined
16068	undefined
16069	undefined
16070	undefined
16071	undefined
16072	undefined
16073	undefined
16074	undefined
16075	undefined
16076	undefined
16077	undefined
16078	undefined
16079	undefined
16080	undefined
16081	undefined
16082	undefined
16083	undefined
16084	undefined
16085	undefined
16086	undefined
16087	undefined
16088	undefined
16089	undefined
16090	undefined
16091	undefined
16092	undefined
16093	undefined
16094	undefined
16095	undefined
16096	undefined
16097	undefined
16098	undefined
16099	undefined
16100	undefined
16101	undefined
16102	undefined
16103	undefined
16104	undefined
16105	undefined
16106	undefined
16107	undefined
16108	undefined
16109	undefined
16110	undefined
16111	undefined
16112	undefined
16113	undefined
16114	undefined
16115	undefined
16116	undefined
16117	undefined
16118	undefined
16119	undefined
16120	undefined
16121	undefined
16122	undefined
16123	undefined
16124	undefined
16125	undefined
16126	undefined
16127	undefined
16128	undefined
16129	undefined
16130	undefined
16131	undefined
16132	undefined
16133	undefined
16134	undefined
16135	undefined
16136	undefined
16137	undefined
16138	undefined
16139	undefined
16140	undefined
16141	undefined
16142	undefined
16143	undefined
16144	undefined
16145	undefined
16146	undefined
16147	undefined
16148	undefined
16149	undefined
16150	undefined
16151	undefined
16152	undefined
16153	undefined
16154	undefined
16155	undefined
16156	undefined
16157	undefined
16158	undefined
16159	undefined
16160	undefined
16161	undefined
16162	undefined
16163	undefined
16164	undefined
16165	undefined
16166	undefined
16167	undefined
16168	undefined
16169	undefined
16170	undefined
16171	undefined
16172	undefined
16173	undefined
16174	undefined
16175	undefined
16176	undefined
16177	undefined
16178	undefined
16179	undefined
16180	undefined
16181	undefined
16182	undefined
16183	undefined
16184	undefined
16185	undefined
16186	undefined
16187	undefined
16188	undefined
16189	undefined
16190	undefined
16191	undefined
16192	undefined
16193	undefined
16194	undefined
16195	undefined
16196	undefined
16197	undefined
16198	undefined
16199	undefined
16200	undefined
16201	undefined
16202	undefined
16203	undefined
16204	undefined
16205	undefined
16206	undefined
16207	undefined
16208	undefined
16209	undefined
16210	undefined
16211	undefined
16212	undefined
16213	undefined
16214	undefined
16215	undefined
16216	undefined
16217	undefined
16218	undefined
16219	undefined
16220	undefined
16221	undefined
16222	undefined
16223	undefined
16224	undefined
16225	undefined
16226	undefined
16227	undefined
16228	undefined
16229	undefined
16230	undefined
16231	undefined
16232	undefined
16233	undefined
16234	undefined
16235	undefined
16236	undefined
16237	undefined
16238	undefined
16239	undefined
16240	undefined
16241	undefined
16242	undefined
16243	undefined
16244	undefined
16245	undefined
16246	undefined
16247	undefined
16248	undefined
16249	undefined
16250	undefined
16251	undefined
16252	undefined
16253	undefined
16254	undefined
16255	undefined
16256	undefined
16257	undefined
16258	undefined
16259	undefined
16260	undefined
16261	undefined
16262	undefined
16263	undefined
16264	undefined
16265	undefined
16266	undefined
16267	undefined
16268	undefined
16269	undefined
16270	undefined
16271	undefined
16272	undefined
16273	undefined
16274	undefined
16275	undefined
16276	undefined
16277	undefined
16278	undefined
16279	undefined
16280	undefined
16281	undefined
16282	undefined
16283	undefined
16284	undefined
16285	undefined
16286	undefined
16287	undefined
16288	undefined
16289	undefined
16290	undefined
16291	undefined
16292	undefined
16293	undefined
16294	undefined
16295	undefined
16296	undefined
16297	undefined
16298	undefined
16299	undefined
16300	undefined
16301	undefined
16302	undefined
16303	undefined
16304	undefined
16305	undefined
16306	undefined
16307	undefined
16308	undefined
16309	undefined
16310	undefined
16311	undefined
16312	undefined
16313	undefined
16314	undefined
16315	undefined
16316	undefined
16317	undefined
16318	undefined
16319	undefined
16320	undefined
16321	undefined
16322	undefined
16323	undefined
16324	undefined
16325	undefined
16326	undefined
16327	undefined
16328	undefined
16329	undefined
16330	undefined
16331	undefined
16332	undefined
16333	undefined
16334	undefined
16335	undefined
16336	undefined
16337	undefined
16338	undefined
16339	undefined
16340	undefined
16341	undefined
16342	undefined
16343	undefined
16344	undefined
16345	undefined
16346	undefined
16347	undefined
16348	undefined
16349	undefined
16350	undefined
16351	undefined
16352	undefined
16353	undefined
16354	undefined
16355	undefined
16356	undefined
16357	undefined
16358	undefined
16359	undefined
16360	undefined
16361	undefined
16362	undefined
16363	undefined
16364	undefined
16365	undefined
16366	undefined
16367	undefined
16368	undefined
16369	undefined
16370	undefined
16371	undefined
16372	undefined
16373	undefined
16374	undefined
16375	undefined
16376	undefined
16377	undefined
16378	undefined
16379	undefined
16380	undefined
16381	undefined
16382	undefined
16383	undefined
16384	undefined
16385	undefined
16386	undefined
16387	undefined
16388	undefined
16389	undefined
16390	undefined
16391	undefined
16392	undefined
16393	undefined
16394	undefined
16395	undefined
16396	undefined
16397	undefined
16398	undefined
16399	undefined
16400	undefined
16401	undefined
16402	undefined
16403	undefined
16404	undefined
16405	undefined
16406	undefined
16407	undefined
16408	undefined
16409	undefined
16410	undefined
16411	undefined
16412	undefined
16413	undefined
16414	undefined
16415	undefined
16416	undefined
16417	undefined
16418	undefined
16419	undefined
16420	undefined
16421	undefined
16422	undefined
16423	undefined
16424	undefined
16425	undefined
16426	undefined
16427	undefined
16428	undefined
16429	undefined
16430	undefined
16431	undefined
16432	undefined
16433	undefined
16434	undefined
16435	undefined
16436	undefined
16437	undefined
16438	undefined
16439	undefined
16440	undefined
16441	undefined
16442	undefined
16443	undefined
16444	undefined
16445	undefined
16446	undefined
16447	undefined
16448	undefined
16449	undefined
16450	undefined
16451	undefined
16452	undefined
16453	undefined
16454	undefined
16455	undefined
16456	undefined
16457	undefined
16458	undefined
16459	undefined
16460	undefined
16461	undefined
16462	undefined
16463	undefined
16464	undefined
16465	undefined
16466	undefined
16467	undefined
16468	undefined
16469	undefined
16470	undefined
16471	undefined
16472	undefined
16473	undefined
16474	undefined
16475	undefined
16476	undefined
16477	undefined
16478	undefined
16479	undefined
16480	undefined
16481	undefined
16482	undefined
16483	undefined
16484	undefined
16485	undefined
16486	undefined
16487	undefined
16488	undefined
16489	undefined
16490	undefined
16491	undefined
16492	undefined
16493	undefined
16494	undefined
16495	undefined
16496	undefined
16497	undefined
16498	undefined
16499	undefined
16500	undefined
16501	undefined
16502	undefined
16503	undefined
16504	undefined
16505	undefined
16506	undefined
16507	undefined
16508	undefined
16509	undefined
16510	undefined
16511	undefined
16512	undefined
16513	undefined
16514	undefined
16515	undefined
16516	undefined
16517	undefined
16518	undefined
16519	undefined
16520	undefined
16521	undefined
16522	undefined
16523	undefined
16524	undefined
16525	undefined
16526	undefined
16527	undefined
16528	undefined
16529	undefined
16530	undefined
16531	undefined
16532	undefined
16533	undefined
16534	undefined
16535	undefined
16536	undefined
16537	undefined
16538	undefined
16539	undefined
16540	undefined
16541	undefined
16542	undefined
16543	undefined
16544	undefined
16545	undefined
16546	undefined
16547	undefined
16548	undefined
16549	undefined
16550	undefined
16551	undefined
16552	undefined
16553	undefined
16554	undefined
16555	undefined
16556	undefined
16557	undefined
16558	undefined
16559	undefined
16560	undefined
16561	undefined
16562	undefined
16563	undefined
16564	undefined
16565	undefined
16566	undefined
16567	undefined
16568	undefined
16569	undefined
16570	undefined
16571	undefined
16572	undefined
16573	undefined
16574	undefined
16575	undefined
16576	undefined
16577	undefined
16578	undefined
16579	undefined
16580	undefined
16581	undefined
16582	undefined
16583	undefined
16584	undefined
16585	undefined
16586	undefined
16587	undefined
16588	undefined
16589	undefined
16590	undefined
16591	undefined
16592	undefined
16593	undefined
16594	undefined
16595	undefined
16596	undefined
16597	undefined
16598	undefined
16599	undefined
16600	undefined
16601	undefined
16602	undefined
16603	undefined
16604	undefined
16605	undefined
16606	undefined
16607	undefined
16608	undefined
16609	undefined
16610	undefined
16611	undefined
16612	undefined
16613	undefined
16614	undefined
16615	undefined
16616	undefined
16617	undefined
16618	undefined
16619	undefined
16620	undefined
16621	undefined
16622	undefined
16623	undefined
16624	undefined
16625	undefined
16626	undefined
16627	undefined
16628	undefined
16629	undefined
16630	undefined
16631	undefined
16632	undefined
16633	undefined
16634	undefined
16635	undefined
16636	undefined
16637	undefined
16638	undefined
16639	undefined
16640	undefined
16641	undefined
16642	undefined
16643	undefined
16644	undefined
16645	undefined
16646	undefined
16647	undefined
16648	undefined
16649	undefined
16650	undefined
16651	undefined
16652	undefined
16653	undefined
16654	undefined
16655	undefined
16656	undefined
16657	undefined
16658	undefined
16659	undefined
16660	undefined
16661	undefined
16662	undefined
16663	undefined
16664	undefined
16665	undefined
16666	undefined
16667	undefined
16668	undefined
16669	undefined
16670	undefined
16671	undefined
16672	undefined
16673	undefined
16674	undefined
16675	undefined
16676	undefined
16677	undefined
16678	undefined
16679	undefined
16680	undefined
16681	undefined
16682	undefined
16683	undefined
16684	undefined
16685	undefined
16686	undefined
16687	undefined
16688	undefined
16689	undefined
16690	undefined
16691	undefined
16692	undefined
16693	undefined
16694	undefined
16695	undefined
16696	undefined
16697	undefined
16698	undefined
16699	undefined
16700	undefined
16701	undefined
16702	undefined
16703	undefined
16704	undefined
16705	undefined
16706	undefined
16707	undefined
16708	undefined
16709	undefined
16710	undefined
16711	undefined
16712	undefined
16713	undefined
16714	undefined
16715	undefined
16716	undefined
16717	undefined
16718	undefined
16719	undefined
16720	undefined
16721	undefined
16722	undefined
16723	undefined
16724	undefined
16725	undefined
16726	undefined
16727	undefined
16728	undefined
16729	undefined
16730	undefined
16731	undefined
16732	undefined
16733	undefined
16734	undefined
16735	undefined
16736	undefined
16737	undefined
16738	undefined
16739	undefined
16740	undefined
16741	undefined
16742	undefined
16743	undefined
16744	undefined
16745	undefined
16746	undefined
16747	undefined
16748	undefined
16749	undefined
16750	undefined
16751	undefined
16752	undefined
16753	undefined
16754	undefined
16755	undefined
16756	undefined
16757	undefined
16758	undefined
16759	undefined
16760	undefined
16761	undefined
16762	undefined
16763	undefined
16764	undefined
16765	undefined
16766	undefined
16767	undefined
16768	undefined
16769	undefined
16770	undefined
16771	undefined
16772	undefined
16773	undefined
16774	undefined
16775	undefined
16776	undefined
16777	undefined
16778	undefined
16779	undefined
16780	undefined
16781	undefined
16782	undefined
16783	undefined
16784	undefined
16785	undefined
16786	undefined
16787	undefined
16788	undefined
16789	undefined
16790	undefined
16791	undefined
16792	undefined
16793	undefined
16794	undefined
16795	undefined
16796	undefined
16797	undefined
16798	undefined
16799	undefined
16800	undefined
16801	undefined
16802	undefined
16803	undefined
16804	undefined
16805	undefined
16806	undefined
16807	undefined
16808	undefined
16809	undefined
16810	undefined
16811	undefined
16812	undefined
16813	undefined
16814	undefined
16815	undefined
16816	undefined
16817	undefined
16818	undefined
16819	undefined
16820	undefined
16821	undefined
16822	undefined
16823	undefined
16824	undefined
16825	undefined
16826	undefined
16827	undefined
16828	undefined
16829	undefined
16830	undefined
16831	undefined
16832	undefined
16833	undefined
16834	undefined
16835	undefined
16836	undefined
16837	undefined
16838	undefined
16839	undefined
16840	undefined
16841	undefined
16842	undefined
16843	undefined
16844	undefined
16845	undefined
16846	undefined
16847	undefined
16848	undefined
16849	undefined
16850	undefined
16851	undefined
16852	undefined
16853	undefined
16854	undefined
16855	undefined
16856	undefined
16857	undefined
16858	undefined
16859	undefined
16860	undefined
16861	undefined
16862	undefined
16863	undefined
16864	undefined
16865	undefined
16866	undefined
16867	undefined
16868	undefined
16869	undefined
16870	undefined
16871	undefined
16872	undefined
16873	undefined
16874	undefined
16875	undefined
16876	undefined
16877	undefined
16878	undefined
16879	undefined
16880	undefined
16881	undefined
16882	undefined
16883	undefined
16884	undefined
16885	undefined
16886	undefined
16887	undefined
16888	undefined
16889	undefined
16890	undefined
16891	undefined
16892	undefined
16893	undefined
16894	undefined
16895	undefined
16896	undefined
16897	undefined
16898	undefined
16899	undefined
16900	undefined
16901	undefined
16902	undefined
16903	undefined
16904	undefined
16905	undefined
16906	undefined
16907	undefined
16908	undefined
16909	undefined
16910	undefined
16911	undefined
16912	undefined
16913	undefined
16914	undefined
16915	undefined
16916	undefined
16917	undefined
16918	undefined
16919	undefined
16920	undefined
16921	undefined
16922	undefined
16923	undefined
16924	undefined
16925	undefined
16926	undefined
16927	undefined
16928	undefined
16929	undefined
16930	undefined
16931	undefined
16932	undefined
16933	undefined
16934	undefined
16935	undefined
16936	undefined
16937	undefined
16938	undefined
16939	undefined
16940	undefined
16941	undefined
16942	undefined
16943	undefined
16944	undefined
16945	undefined
16946	undefined
16947	undefined
16948	undefined
16949	undefined
16950	undefined
16951	undefined
16952	undefined
16953	undefined
16954	undefined
16955	undefined
16956	undefined
16957	undefined
16958	undefined
16959	undefined
16960	undefined
16961	undefined
16962	undefined
16963	undefined
16964	undefined
16965	undefined
16966	undefined
16967	undefined
16968	undefined
16969	undefined
16970	undefined
16971	undefined
16972	undefined
16973	undefined
16974	undefined
16975	undefined
16976	undefined
16977	undefined
16978	undefined
16979	undefined
16980	undefined
16981	undefined
16982	undefined
16983	undefined
16984	undefined
16985	undefined
16986	undefined
16987	undefined
16988	undefined
16989	undefined
16990	undefined
16991	undefined
16992	undefined
16993	undefined
16994	undefined
16995	undefined
16996	undefined
16997	undefined
16998	undefined
16999	undefined
17000	undefined
17001	undefined
17002	undefined
17003	undefined
17004	undefined
17005	undefined
17006	undefined
17007	undefined
17008	undefined
17009	undefined
17010	undefined
17011	undefined
17012	undefined
17013	undefined
17014	undefined
17015	undefined
17016	undefined
17017	undefined
17018	undefined
17019	undefined
17020	undefined
17021	undefined
17022	undefined
17023	undefined
17024	undefined
17025	undefined
17026	undefined
17027	undefined
17028	undefined
17029	undefined
17030	undefined
17031	undefined
17032	undefined
17033	undefined
17034	undefined
17035	undefined
17036	undefined
17037	undefined
17038	undefined
17039	undefined
17040	undefined
17041	undefined
17042	undefined
17043	undefined
17044	undefined
17045	undefined
17046	undefined
17047	undefined
17048	undefined
17049	undefined
17050	undefined
17051	undefined
17052	undefined
17053	undefined
17054	undefined
17055	undefined
17056	undefined
17057	undefined
17058	undefined
17059	undefined
17060	undefined
17061	undefined
17062	undefined
17063	undefined
17064	undefined
17065	undefined
17066	undefined
17067	undefined
17068	undefined
17069	undefined
17070	undefined
17071	undefined
17072	undefined
17073	undefined
17074	undefined
17075	undefined
17076	undefined
17077	undefined
17078	undefined
17079	undefined
17080	undefined
17081	undefined
17082	undefined
17083	undefined
17084	undefined
17085	undefined
17086	undefined
17087	undefined
17088	undefined
17089	undefined
17090	undefined
17091	undefined
17092	undefined
17093	undefined
17094	undefined
17095	undefined
17096	undefined
17097	undefined
17098	undefined
17099	undefined
17100	undefined
17101	undefined
17102	undefined
17103	undefined
17104	undefined
17105	undefined
17106	undefined
17107	undefined
17108	undefined
17109	undefined
17110	undefined
17111	undefined
17112	undefined
17113	undefined
17114	undefined
17115	undefined
17116	undefined
17117	undefined
17118	undefined
17119	undefined
17120	undefined
17121	undefined
17122	undefined
17123	undefined
17124	undefined
17125	undefined
17126	undefined
17127	undefined
17128	undefined
17129	undefined
17130	undefined
17131	undefined
17132	undefined
17133	undefined
17134	undefined
17135	undefined
17136	undefined
17137	undefined
17138	undefined
17139	undefined
17140	undefined
17141	undefined
17142	undefined
17143	undefined
17144	undefined
17145	undefined
17146	undefined
17147	undefined
17148	undefined
17149	undefined
17150	undefined
17151	undefined
17152	undefined
17153	undefined
17154	undefined
17155	undefined
17156	undefined
17157	undefined
17158	undefined
17159	undefined
17160	undefined
17161	undefined
17162	undefined
17163	undefined
17164	undefined
17165	undefined
17166	undefined
17167	undefined
17168	undefined
17169	undefined
17170	undefined
17171	undefined
17172	undefined
17173	undefined
17174	undefined
17175	undefined
17176	undefined
17177	undefined
17178	undefined
17179	undefined
17180	undefined
17181	undefined
17182	undefined
17183	undefined
17184	undefined
17185	undefined
17186	undefined
17187	undefined
17188	undefined
17189	undefined
17190	undefined
17191	undefined
17192	undefined
17193	undefined
17194	undefined
17195	undefined
17196	undefined
17197	undefined
17198	undefined
17199	undefined
17200	undefined
17201	undefined
17202	undefined
17203	undefined
17204	undefined
17205	undefined
17206	undefined
17207	undefined
17208	undefined
17209	undefined
17210	undefined
17211	undefined
17212	undefined
17213	undefined
17214	undefined
17215	undefined
17216	undefined
17217	undefined
17218	undefined
17219	undefined
17220	undefined
17221	undefined
17222	undefined
17223	undefined
17224	undefined
17225	undefined
17226	undefined
17227	undefined
17228	undefined
17229	undefined
17230	undefined
17231	undefined
17232	undefined
17233	undefined
17234	undefined
17235	undefined
17236	undefined
17237	undefined
17238	undefined
17239	undefined
17240	undefined
17241	undefined
17242	undefined
17243	undefined
17244	undefined
17245	undefined
17246	undefined
17247	undefined
17248	undefined
17249	undefined
17250	undefined
17251	undefined
17252	undefined
17253	undefined
17254	undefined
17255	undefined
17256	undefined
17257	undefined
17258	undefined
17259	undefined
17260	undefined
17261	undefined
17262	undefined
17263	undefined
17264	undefined
17265	undefined
17266	undefined
17267	undefined
17268	undefined
17269	undefined
17270	undefined
17271	undefined
17272	undefined
17273	undefined
17274	undefined
17275	undefined
17276	undefined
17277	undefined
17278	undefined
17279	undefined
17280	undefined
17281	undefined
17282	undefined
17283	undefined
17284	undefined
17285	undefined
17286	undefined
17287	undefined
17288	undefined
17289	undefined
17290	undefined
17291	undefined
17292	undefined
17293	undefined
17294	undefined
17295	undefined
17296	undefined
17297	undefined
17298	undefined
17299	undefined
17300	undefined
17301	undefined
17302	undefined
17303	undefined
17304	undefined
17305	undefined
17306	undefined
17307	undefined
17308	undefined
17309	undefined
17310	undefined
17311	undefined
17312	undefined
17313	undefined
17314	undefined
17315	undefined
17316	undefined
17317	undefined
17318	undefined
17319	undefined
17320	undefined
17321	undefined
17322	undefined
17323	undefined
17324	undefined
17325	undefined
17326	undefined
17327	undefined
17328	undefined
17329	undefined
17330	undefined
17331	undefined
17332	undefined
17333	undefined
17334	undefined
17335	undefined
17336	undefined
17337	undefined
17338	undefined
17339	undefined
17340	undefined
17341	undefined
17342	undefined
17343	undefined
17344	undefined
17345	undefined
17346	undefined
17347	undefined
17348	undefined
17349	undefined
17350	undefined
17351	undefined
17352	undefined
17353	undefined
17354	undefined
17355	undefined
17356	undefined
17357	undefined
17358	undefined
17359	undefined
17360	undefined
17361	undefined
17362	undefined
17363	undefined
17364	undefined
17365	undefined
17366	undefined
17367	undefined
17368	undefined
17369	undefined
17370	undefined
17371	undefined
17372	undefined
17373	undefined
17374	undefined
17375	undefined
17376	undefined
17377	undefined
17378	undefined
17379	undefined
17380	undefined
17381	undefined
17382	undefined
17383	undefined
17384	undefined
17385	undefined
17386	undefined
17387	undefined
17388	undefined
17389	undefined
17390	undefined
17391	undefined
17392	undefined
17393	undefined
17394	undefined
17395	undefined
17396	undefined
17397	undefined
17398	undefined
17399	undefined
17400	undefined
17401	undefined
17402	undefined
17403	undefined
17404	undefined
17405	undefined
17406	undefined
17407	undefined
17408	undefined
17409	undefined
17410	undefined
17411	undefined
17412	undefined
17413	undefined
17414	undefined
17415	undefined
17416	undefined
17417	undefined
17418	undefined
17419	undefined
17420	undefined
17421	undefined
17422	undefined
17423	undefined
17424	undefined
17425	undefined
17426	undefined
17427	undefined
17428	undefined
17429	undefined
17430	undefined
17431	undefined
17432	undefined
17433	undefined
17434	undefined
17435	undefined
17436	undefined
17437	undefined
17438	undefined
17439	undefined
17440	undefined
17441	undefined
17442	undefined
17443	undefined
17444	undefined
17445	undefined
17446	undefined
17447	undefined
17448	undefined
17449	undefined
17450	undefined
17451	undefined
17452	undefined
17453	undefined
17454	undefined
17455	undefined
17456	undefined
17457	undefined
17458	undefined
17459	undefined
17460	undefined
17461	undefined
17462	undefined
17463	undefined
17464	undefined
17465	undefined
17466	undefined
17467	undefined
17468	undefined
17469	undefined
17470	undefined
17471	undefined
17472	undefined
17473	undefined
17474	undefined
17475	undefined
17476	undefined
17477	undefined
17478	undefined
17479	undefined
17480	undefined
17481	undefined
17482	undefined
17483	undefined
17484	undefined
17485	undefined
17486	undefined
17487	undefined
17488	undefined
17489	undefined
17490	undefined
17491	undefined
17492	undefined
17493	undefined
17494	undefined
17495	undefined
17496	undefined
17497	undefined
17498	undefined
17499	undefined
17500	undefined
17501	undefined
17502	undefined
17503	undefined
17504	undefined
17505	undefined
17506	undefined
17507	undefined
17508	undefined
17509	undefined
17510	undefined
17511	undefined
17512	undefined
17513	undefined
17514	undefined
17515	undefined
17516	undefined
17517	undefined
17518	undefined
17519	undefined
17520	undefined
17521	undefined
17522	undefined
17523	undefined
17524	undefined
17525	undefined
17526	undefined
17527	undefined
17528	undefined
17529	undefined
17530	undefined
17531	undefined
17532	undefined
17533	undefined
17534	undefined
17535	undefined
17536	undefined
17537	undefined
17538	undefined
17539	undefined
17540	undefined
17541	undefined
17542	undefined
17543	undefined
17544	undefined
17545	undefined
17546	undefined
17547	undefined
17548	undefined
17549	undefined
17550	undefined
17551	undefined
17552	undefined
17553	undefined
17554	undefined
17555	undefined
17556	undefined
17557	undefined
17558	undefined
17559	undefined
17560	undefined
17561	undefined
17562	undefined
17563	undefined
17564	undefined
17565	undefined
17566	undefined
17567	undefined
17568	undefined
17569	undefined
17570	undefined
17571	undefined
17572	undefined
17573	undefined
17574	undefined
17575	undefined
17576	undefined
17577	undefined
17578	undefined
17579	undefined
17580	undefined
17581	undefined
17582	undefined
17583	undefined
17584	undefined
17585	undefined
17586	undefined
17587	undefined
17588	undefined
17589	undefined
17590	undefined
17591	undefined
17592	undefined
17593	undefined
17594	undefined
17595	undefined
17596	undefined
17597	undefined
17598	undefined
17599	undefined
17600	undefined
17601	undefined
17602	undefined
17603	undefined
17604	undefined
17605	undefined
17606	undefined
17607	undefined
17608	undefined
17609	undefined
17610	undefined
17611	undefined
17612	undefined
17613	undefined
17614	undefined
17615	undefined
17616	undefined
17617	undefined
17618	undefined
17619	undefined
17620	undefined
17621	undefined
17622	undefined
17623	undefined
17624	undefined
17625	undefined
17626	undefined
17627	undefined
17628	undefined
17629	undefined
17630	undefined
17631	undefined
17632	undefined
17633	undefined
17634	undefined
17635	undefined
17636	undefined
17637	undefined
17638	undefined
17639	undefined
17640	undefined
17641	undefined
17642	undefined
17643	undefined
17644	undefined
17645	undefined
17646	undefined
17647	undefined
17648	undefined
17649	undefined
17650	undefined
17651	undefined
17652	undefined
17653	undefined
17654	undefined
17655	undefined
17656	undefined
17657	undefined
17658	undefined
17659	undefined
17660	undefined
17661	undefined
17662	undefined
17663	undefined
17664	undefined
17665	undefined
17666	undefined
17667	undefined
17668	undefined
17669	undefined
17670	undefined
17671	undefined
17672	undefined
17673	undefined
17674	undefined
17675	undefined
17676	undefined
17677	undefined
17678	undefined
17679	undefined
17680	undefined
17681	undefined
17682	undefined
17683	undefined
17684	undefined
17685	undefined
17686	undefined
17687	undefined
17688	undefined
17689	undefined
17690	undefined
17691	undefined
17692	undefined
17693	undefined
17694	undefined
17695	undefined
17696	undefined
17697	undefined
17698	undefined
17699	undefined
17700	undefined
17701	undefined
17702	undefined
17703	undefined
17704	undefined
17705	undefined
17706	undefined
17707	undefined
17708	undefined
17709	undefined
17710	undefined
17711	undefined
17712	undefined
17713	undefined
17714	undefined
17715	undefined
17716	undefined
17717	undefined
17718	undefined
17719	undefined
17720	undefined
17721	undefined
17722	undefined
17723	undefined
17724	undefined
17725	undefined
17726	undefined
17727	undefined
17728	undefined
17729	undefined
17730	undefined
17731	undefined
17732	undefined
17733	undefined
17734	undefined
17735	undefined
17736	undefined
17737	undefined
17738	undefined
17739	undefined
17740	undefined
17741	undefined
17742	undefined
17743	undefined
17744	undefined
17745	undefined
17746	undefined
17747	undefined
17748	undefined
17749	undefined
17750	undefined
17751	undefined
17752	undefined
17753	undefined
17754	undefined
17755	undefined
17756	undefined
17757	undefined
17758	undefined
17759	undefined
17760	undefined
17761	undefined
17762	undefined
17763	undefined
17764	undefined
17765	undefined
17766	undefined
17767	undefined
17768	undefined
17769	undefined
17770	undefined
17771	undefined
17772	undefined
17773	undefined
17774	undefined
17775	undefined
17776	undefined
17777	undefined
17778	undefined
17779	undefined
17780	undefined
17781	undefined
17782	undefined
17783	undefined
17784	undefined
17785	undefined
17786	undefined
17787	undefined
17788	undefined
17789	undefined
17790	undefined
17791	undefined
17792	undefined
17793	undefined
17794	undefined
17795	undefined
17796	undefined
17797	undefined
17798	undefined
17799	undefined
17800	undefined
17801	undefined
17802	undefined
17803	undefined
17804	undefined
17805	undefined
17806	undefined
17807	undefined
17808	undefined
17809	undefined
17810	undefined
17811	undefined
17812	undefined
17813	undefined
17814	undefined
17815	undefined
17816	undefined
17817	undefined
17818	undefined
17819	undefined
17820	undefined
17821	undefined
17822	undefined
17823	undefined
17824	undefined
17825	undefined
17826	undefined
17827	undefined
17828	undefined
17829	undefined
17830	undefined
17831	undefined
17832	undefined
17833	undefined
17834	undefined
17835	undefined
17836	undefined
17837	undefined
17838	undefined
17839	undefined
17840	undefined
17841	undefined
17842	undefined
17843	undefined
17844	undefined
17845	undefined
17846	undefined
17847	undefined
17848	undefined
17849	undefined
17850	undefined
17851	undefined
17852	undefined
17853	undefined
17854	undefined
17855	undefined
17856	undefined
17857	undefined
17858	undefined
17859	undefined
17860	undefined
17861	undefined
17862	undefined
17863	undefined
17864	undefined
17865	undefined
17866	undefined
17867	undefined
17868	undefined
17869	undefined
17870	undefined
17871	undefined
17872	undefined
17873	undefined
17874	undefined
17875	undefined
17876	undefined
17877	undefined
17878	undefined
17879	undefined
17880	undefined
17881	undefined
17882	undefined
17883	undefined
17884	undefined
17885	undefined
17886	undefined
17887	undefined
17888	undefined
17889	undefined
17890	undefined
17891	undefined
17892	undefined
17893	undefined
17894	undefined
17895	undefined
17896	undefined
17897	undefined
17898	undefined
17899	undefined
17900	undefined
17901	undefined
17902	undefined
17903	undefined
17904	undefined
17905	undefined
17906	undefined
17907	undefined
17908	undefined
17909	undefined
17910	undefined
17911	undefined
17912	undefined
17913	undefined
17914	undefined
17915	undefined
17916	undefined
17917	undefined
17918	undefined
17919	undefined
17920	undefined
17921	undefined
17922	undefined
17923	undefined
17924	undefined
17925	undefined
17926	undefined
17927	undefined
17928	undefined
17929	undefined
17930	undefined
17931	undefined
17932	undefined
17933	undefined
17934	undefined
17935	undefined
17936	undefined
17937	undefined
17938	undefined
17939	undefined
17940	undefined
17941	undefined
17942	undefined
17943	undefined
17944	undefined
17945	undefined
17946	undefined
17947	undefined
17948	undefined
17949	undefined
17950	undefined
17951	undefined
17952	undefined
17953	undefined
17954	undefined
17955	undefined
17956	undefined
17957	undefined
17958	undefined
17959	undefined
17960	undefined
17961	undefined
17962	undefined
17963	undefined
17964	undefined
17965	undefined
17966	undefined
17967	undefined
17968	undefined
17969	undefined
17970	undefined
17971	undefined
17972	undefined
17973	undefined
17974	undefined
17975	undefined
17976	undefined
17977	undefined
17978	undefined
17979	undefined
17980	undefined
17981	undefined
17982	undefined
17983	undefined
17984	undefined
17985	undefined
17986	undefined
17987	undefined
17988	undefined
17989	undefined
17990	undefined
17991	undefined
17992	undefined
17993	undefined
17994	undefined
17995	undefined
17996	undefined
17997	undefined
17998	undefined
17999	undefined
18000	undefined
18001	undefined
18002	undefined
18003	undefined
18004	undefined
18005	undefined
18006	undefined
18007	undefined
18008	undefined
18009	undefined
18010	undefined
18011	undefined
18012	undefined
18013	undefined
18014	undefined
18015	undefined
18016	undefined
18017	undefined
18018	undefined
18019	undefined
18020	undefined
18021	undefined
18022	undefined
18023	undefined
18024	undefined
18025	undefined
18026	undefined
18027	undefined
18028	undefined
18029	undefined
18030	undefined
18031	undefined
18032	undefined
18033	undefined
18034	undefined
18035	undefined
18036	undefined
18037	undefined
18038	undefined
18039	undefined
18040	undefined
18041	undefined
18042	undefined
18043	undefined
18044	undefined
18045	undefined
18046	undefined
18047	undefined
18048	undefined
18049	undefined
18050	undefined
18051	undefined
18052	undefined
18053	undefined
18054	undefined
18055	undefined
18056	undefined
18057	undefined
18058	undefined
18059	undefined
18060	undefined
18061	undefined
18062	undefined
18063	undefined
18064	undefined
18065	undefined
18066	undefined
18067	undefined
18068	undefined
18069	undefined
18070	undefined
18071	undefined
18072	undefined
18073	undefined
18074	undefined
18075	undefined
18076	undefined
18077	undefined
18078	undefined
18079	undefined
18080	undefined
18081	undefined
18082	undefined
18083	undefined
18084	undefined
18085	undefined
18086	undefined
18087	undefined
18088	undefined
18089	undefined
18090	undefined
18091	undefined
18092	undefined
18093	undefined
18094	undefined
18095	undefined
18096	undefined
18097	undefined
18098	undefined
18099	undefined
18100	undefined
18101	undefined
18102	undefined
18103	undefined
18104	undefined
18105	undefined
18106	undefined
18107	undefined
18108	undefined
18109	undefined
18110	undefined
18111	undefined
18112	undefined
18113	undefined
18114	undefined
18115	undefined
18116	undefined
18117	undefined
18118	undefined
18119	undefined
18120	undefined
18121	undefined
18122	undefined
18123	undefined
18124	undefined
18125	undefined
18126	undefined
18127	undefined
18128	undefined
18129	undefined
18130	undefined
18131	undefined
18132	undefined
18133	undefined
18134	undefined
18135	undefined
18136	undefined
18137	undefined
18138	undefined
18139	undefined
18140	undefined
18141	undefined
18142	undefined
18143	undefined
18144	undefined
18145	undefined
18146	undefined
18147	undefined
18148	undefined
18149	undefined
18150	undefined
18151	undefined
18152	undefined
18153	undefined
18154	undefined
18155	undefined
18156	undefined
18157	undefined
18158	undefined
18159	undefined
18160	undefined
18161	undefined
18162	undefined
18163	undefined
18164	undefined
18165	undefined
18166	undefined
18167	undefined
18168	undefined
18169	undefined
18170	undefined
18171	undefined
18172	undefined
18173	undefined
18174	undefined
18175	undefined
18176	undefined
18177	undefined
18178	undefined
18179	undefined
18180	undefined
18181	undefined
18182	undefined
18183	undefined
18184	undefined
18185	undefined
18186	undefined
18187	undefined
18188	undefined
18189	undefined
18190	undefined
18191	undefined
18192	undefined
18193	undefined
18194	undefined
18195	undefined
18196	undefined
18197	undefined
18198	undefined
18199	undefined
18200	undefined
18201	undefined
18202	undefined
18203	undefined
18204	undefined
18205	undefined
18206	undefined
18207	undefined
18208	undefined
18209	undefined
18210	undefined
18211	undefined
18212	undefined
18213	undefined
18214	undefined
18215	undefined
18216	undefined
18217	undefined
18218	undefined
18219	undefined
18220	undefined
18221	undefined
18222	undefined
18223	undefined
18224	undefined
18225	undefined
18226	undefined
18227	undefined
18228	undefined
18229	undefined
18230	undefined
18231	undefined
18232	undefined
18233	undefined
18234	undefined
18235	undefined
18236	undefined
18237	undefined
18238	undefined
18239	undefined
18240	undefined
18241	undefined
18242	undefined
18243	undefined
18244	undefined
18245	undefined
18246	undefined
18247	undefined
18248	undefined
18249	undefined
18250	undefined
18251	undefined
18252	undefined
18253	undefined
18254	undefined
18255	undefined
18256	undefined
18257	undefined
18258	undefined
18259	undefined
18260	undefined
18261	undefined
18262	undefined
18263	undefined
18264	undefined
18265	undefined
18266	undefined
18267	undefined
18268	undefined
18269	undefined
18270	undefined
18271	undefined
18272	undefined
18273	undefined
18274	undefined
18275	undefined
18276	undefined
18277	undefined
18278	undefined
18279	undefined
18280	undefined
18281	undefined
18282	undefined
18283	undefined
18284	undefined
18285	undefined
18286	undefined
18287	undefined
18288	undefined
18289	undefined
18290	undefined
18291	undefined
18292	undefined
18293	undefined
18294	undefined
18295	undefined
18296	undefined
18297	undefined
18298	undefined
18299	undefined
18300	undefined
18301	undefined
18302	undefined
18303	undefined
18304	undefined
18305	undefined
18306	undefined
18307	undefined
18308	undefined
18309	undefined
18310	undefined
18311	undefined
18312	undefined
18313	undefined
18314	undefined
18315	undefined
18316	undefined
18317	undefined
18318	undefined
18319	undefined
18320	undefined
18321	undefined
18322	undefined
18323	undefined
18324	undefined
18325	undefined
18326	undefined
18327	undefined
18328	undefined
18329	undefined
18330	undefined
18331	undefined
18332	undefined
18333	undefined
18334	undefined
18335	undefined
18336	undefined
18337	undefined
18338	undefined
18339	undefined
18340	undefined
18341	undefined
18342	undefined
18343	undefined
18344	undefined
18345	undefined
18346	undefined
18347	undefined
18348	undefined
18349	undefined
18350	undefined
18351	undefined
18352	undefined
18353	undefined
18354	undefined
18355	undefined
18356	undefined
18357	undefined
18358	undefined
18359	undefined
18360	undefined
18361	undefined
18362	undefined
18363	undefined
18364	undefined
18365	undefined
18366	undefined
18367	undefined
18368	undefined
18369	undefined
18370	undefined
18371	undefined
18372	undefined
18373	undefined
18374	undefined
18375	undefined
18376	undefined
18377	undefined
18378	undefined
18379	undefined
18380	undefined
18381	undefined
18382	undefined
18383	undefined
18384	undefined
18385	undefined
18386	undefined
18387	undefined
18388	undefined
18389	undefined
18390	undefined
18391	undefined
18392	undefined
18393	undefined
18394	undefined
18395	undefined
18396	undefined
18397	undefined
18398	undefined
18399	undefined
18400	undefined
18401	undefined
18402	undefined
18403	undefined
18404	undefined
18405	undefined
18406	undefined
18407	undefined
18408	undefined
18409	undefined
18410	undefined
18411	undefined
18412	undefined
18413	undefined
18414	undefined
18415	undefined
18416	undefined
18417	undefined
18418	undefined
18419	undefined
18420	undefined
18421	undefined
18422	undefined
18423	undefined
18424	undefined
18425	undefined
18426	undefined
18427	undefined
18428	undefined
18429	undefined
18430	undefined
18431	undefined
18432	undefined
18433	undefined
18434	undefined
18435	undefined
18436	undefined
18437	undefined
18438	undefined
18439	undefined
18440	undefined
18441	undefined
18442	undefined
18443	undefined
18444	undefined
18445	undefined
18446	undefined
18447	undefined
18448	undefined
18449	undefined
18450	undefined
18451	undefined
18452	undefined
18453	undefined
18454	undefined
18455	undefined
18456	undefined
18457	undefined
18458	undefined
18459	undefined
18460	undefined
18461	undefined
18462	undefined
18463	undefined
18464	undefined
18465	undefined
18466	undefined
18467	undefined
18468	undefined
18469	undefined
18470	undefined
18471	undefined
18472	undefined
18473	undefined
18474	undefined
18475	undefined
18476	undefined
18477	undefined
18478	undefined
18479	undefined
18480	undefined
18481	undefined
18482	undefined
18483	undefined
18484	undefined
18485	undefined
18486	undefined
18487	undefined
18488	undefined
18489	undefined
18490	undefined
18491	undefined
18492	undefined
18493	undefined
18494	undefined
18495	undefined
18496	undefined
18497	undefined
18498	undefined
18499	undefined
18500	undefined
18501	undefined
18502	undefined
18503	undefined
18504	undefined
18505	undefined
18506	undefined
18507	undefined
18508	undefined
18509	undefined
18510	undefined
18511	undefined
18512	undefined
18513	undefined
18514	undefined
18515	undefined
18516	undefined
18517	undefined
18518	undefined
18519	undefined
18520	undefined
18521	undefined
18522	undefined
18523	undefined
18524	undefined
18525	undefined
18526	undefined
18527	undefined
18528	undefined
18529	undefined
18530	undefined
18531	undefined
18532	undefined
18533	undefined
18534	undefined
18535	undefined
18536	undefined
18537	undefined
18538	undefined
18539	undefined
18540	undefined
18541	undefined
18542	undefined
18543	undefined
18544	undefined
18545	undefined
18546	undefined
18547	undefined
18548	undefined
18549	undefined
18550	undefined
18551	undefined
18552	undefined
18553	undefined
18554	undefined
18555	undefined
18556	undefined
18557	undefined
18558	undefined
18559	undefined
18560	undefined
18561	undefined
18562	undefined
18563	undefined
18564	undefined
18565	undefined
18566	undefined
18567	undefined
18568	undefined
18569	undefined
18570	undefined
18571	undefined
18572	undefined
18573	undefined
18574	undefined
18575	undefined
18576	undefined
18577	undefined
18578	undefined
18579	undefined
18580	undefined
18581	undefined
18582	undefined
18583	undefined
18584	undefined
18585	undefined
18586	undefined
18587	undefined
18588	undefined
18589	undefined
18590	undefined
18591	undefined
18592	undefined
18593	undefined
18594	undefined
18595	undefined
18596	undefined
18597	undefined
18598	undefined
18599	undefined
18600	undefined
18601	undefined
18602	undefined
18603	undefined
18604	undefined
18605	undefined
18606	undefined
18607	undefined
18608	undefined
18609	undefined
18610	undefined
18611	undefined
18612	undefined
18613	undefined
18614	undefined
18615	undefined
18616	undefined
18617	undefined
18618	undefined
18619	undefined
18620	undefined
18621	undefined
18622	undefined
18623	undefined
18624	undefined
18625	undefined
18626	undefined
18627	undefined
18628	undefined
18629	undefined
18630	undefined
18631	undefined
18632	undefined
18633	undefined
18634	undefined
18635	undefined
18636	undefined
18637	undefined
18638	undefined
18639	undefined
18640	undefined
18641	undefined
18642	undefined
18643	undefined
18644	undefined
18645	undefined
18646	undefined
18647	undefined
18648	undefined
18649	undefined
18650	undefined
18651	undefined
18652	undefined
18653	undefined
18654	undefined
18655	undefined
18656	undefined
18657	undefined
18658	undefined
18659	undefined
18660	undefined
18661	undefined
18662	undefined
18663	undefined
18664	undefined
18665	undefined
18666	undefined
18667	undefined
18668	undefined
18669	undefined
18670	undefined
18671	undefined
18672	undefined
18673	undefined
18674	undefined
18675	undefined
18676	undefined
18677	undefined
18678	undefined
18679	undefined
18680	undefined
18681	undefined
18682	undefined
18683	undefined
18684	undefined
18685	undefined
18686	undefined
18687	undefined
18688	undefined
18689	undefined
18690	undefined
18691	undefined
18692	undefined
18693	undefined
18694	undefined
18695	undefined
18696	undefined
18697	undefined
18698	undefined
18699	undefined
18700	undefined
18701	undefined
18702	undefined
18703	undefined
18704	undefined
18705	undefined
18706	undefined
18707	undefined
18708	undefined
18709	undefined
18710	undefined
18711	undefined
18712	undefined
18713	undefined
18714	undefined
18715	undefined
18716	undefined
18717	undefined
18718	undefined
18719	undefined
18720	undefined
18721	undefined
18722	undefined
18723	undefined
18724	undefined
18725	undefined
18726	undefined
18727	undefined
18728	undefined
18729	undefined
18730	undefined
18731	undefined
18732	undefined
18733	undefined
18734	undefined
18735	undefined
18736	undefined
18737	undefined
18738	undefined
18739	undefined
18740	undefined
18741	undefined
18742	undefined
18743	undefined
18744	undefined
18745	undefined
18746	undefined
18747	undefined
18748	undefined
18749	undefined
18750	undefined
18751	undefined
18752	undefined
18753	undefined
18754	undefined
18755	undefined
18756	undefined
18757	undefined
18758	undefined
18759	undefined
18760	undefined
18761	undefined
18762	undefined
18763	undefined
18764	undefined
18765	undefined
18766	undefined
18767	undefined
18768	undefined
18769	undefined
18770	undefined
18771	undefined
18772	undefined
18773	undefined
18774	undefined
18775	undefined
18776	undefined
18777	undefined
18778	undefined
18779	undefined
18780	undefined
18781	undefined
18782	undefined
18783	undefined
18784	undefined
18785	undefined
18786	undefined
18787	undefined
18788	undefined
18789	undefined
18790	undefined
18791	undefined
18792	undefined
18793	undefined
18794	undefined
18795	undefined
18796	undefined
18797	undefined
18798	undefined
18799	undefined
18800	undefined
18801	undefined
18802	undefined
18803	undefined
18804	undefined
18805	undefined
18806	undefined
18807	undefined
18808	undefined
18809	undefined
18810	undefined
18811	undefined
18812	undefined
18813	undefined
18814	undefined
18815	undefined
18816	undefined
18817	undefined
18818	undefined
18819	undefined
18820	undefined
18821	undefined
18822	undefined
18823	undefined
18824	undefined
18825	undefined
18826	undefined
18827	undefined
18828	undefined
18829	undefined
18830	undefined
18831	undefined
18832	undefined
18833	undefined
18834	undefined
18835	undefined
18836	undefined
18837	undefined
18838	undefined
18839	undefined
18840	undefined
18841	undefined
18842	undefined
18843	undefined
18844	undefined
18845	undefined
18846	undefined
18847	undefined
18848	undefined
18849	undefined
18850	undefined
18851	undefined
18852	undefined
18853	undefined
18854	undefined
18855	undefined
18856	undefined
18857	undefined
18858	undefined
18859	undefined
18860	undefined
18861	undefined
18862	undefined
18863	undefined
18864	undefined
18865	undefined
18866	undefined
18867	undefined
18868	undefined
18869	undefined
18870	undefined
18871	undefined
18872	undefined
18873	undefined
18874	undefined
18875	undefined
18876	undefined
18877	undefined
18878	undefined
18879	undefined
18880	undefined
18881	undefined
18882	undefined
18883	undefined
18884	undefined
18885	undefined
18886	undefined
18887	undefined
18888	undefined
18889	undefined
18890	undefined
18891	undefined
18892	undefined
18893	undefined
18894	undefined
18895	undefined
18896	undefined
18897	undefined
18898	undefined
18899	undefined
18900	undefined
18901	undefined
18902	undefined
18903	undefined
18904	undefined
18905	undefined
18906	undefined
18907	undefined
18908	undefined
18909	undefined
18910	undefined
18911	undefined
18912	undefined
18913	undefined
18914	undefined
18915	undefined
18916	undefined
18917	undefined
18918	undefined
18919	undefined
18920	undefined
18921	undefined
18922	undefined
18923	undefined
18924	undefined
18925	undefined
18926	undefined
18927	undefined
18928	undefined
18929	undefined
18930	undefined
18931	undefined
18932	undefined
18933	undefined
18934	undefined
18935	undefined
18936	undefined
18937	undefined
18938	undefined
18939	undefined
18940	undefined
18941	undefined
18942	undefined
18943	undefined
18944	undefined
18945	undefined
18946	undefined
18947	undefined
18948	undefined
18949	undefined
18950	undefined
18951	undefined
18952	undefined
18953	undefined
18954	undefined
18955	undefined
18956	undefined
18957	undefined
18958	undefined
18959	undefined
18960	undefined
18961	undefined
18962	undefined
18963	undefined
18964	undefined
18965	undefined
18966	undefined
18967	undefined
18968	undefined
18969	undefined
18970	undefined
18971	undefined
18972	undefined
18973	undefined
18974	undefined
18975	undefined
18976	undefined
18977	undefined
18978	undefined
18979	undefined
18980	undefined
18981	undefined
18982	undefined
18983	undefined
18984	undefined
18985	undefined
18986	undefined
18987	undefined
18988	undefined
18989	undefined
18990	undefined
18991	undefined
18992	undefined
18993	undefined
18994	undefined
18995	undefined
18996	undefined
18997	undefined
18998	undefined
18999	undefined
19000	undefined
19001	undefined
19002	undefined
19003	undefined
19004	undefined
19005	undefined
19006	undefined
19007	undefined
19008	undefined
19009	undefined
19010	undefined
19011	undefined
19012	undefined
19013	undefined
19014	undefined
19015	undefined
19016	undefined
19017	undefined
19018	undefined
19019	undefined
19020	undefined
19021	undefined
19022	undefined
19023	undefined
19024	undefined
19025	undefined
19026	undefined
19027	undefined
19028	undefined
19029	undefined
19030	undefined
19031	undefined
19032	undefined
19033	undefined
19034	undefined
19035	undefined
19036	undefined
19037	undefined
19038	undefined
19039	undefined
19040	undefined
19041	undefined
19042	undefined
19043	undefined
19044	undefined
19045	undefined
19046	undefined
19047	undefined
19048	undefined
19049	undefined
19050	undefined
19051	undefined
19052	undefined
19053	undefined
19054	undefined
19055	undefined
19056	undefined
19057	undefined
19058	undefined
19059	undefined
19060	undefined
19061	undefined
19062	undefined
19063	undefined
19064	undefined
19065	undefined
19066	undefined
19067	undefined
19068	undefined
19069	undefined
19070	undefined
19071	undefined
19072	undefined
19073	undefined
19074	undefined
19075	undefined
19076	undefined
19077	undefined
19078	undefined
19079	undefined
19080	undefined
19081	undefined
19082	undefined
19083	undefined
19084	undefined
19085	undefined
19086	undefined
19087	undefined
19088	undefined
19089	undefined
19090	undefined
19091	undefined
19092	undefined
19093	undefined
19094	undefined
19095	undefined
19096	undefined
19097	undefined
19098	undefined
19099	undefined
19100	undefined
19101	undefined
19102	undefined
19103	undefined
19104	undefined
19105	undefined
19106	undefined
19107	undefined
19108	undefined
19109	undefined
19110	undefined
19111	undefined
19112	undefined
19113	undefined
19114	undefined
19115	undefined
19116	undefined
19117	undefined
19118	undefined
19119	undefined
19120	undefined
19121	undefined
19122	undefined
19123	undefined
19124	undefined
19125	undefined
19126	undefined
19127	undefined
19128	undefined
19129	undefined
19130	undefined
19131	undefined
19132	undefined
19133	undefined
19134	undefined
19135	undefined
19136	undefined
19137	undefined
19138	undefined
19139	undefined
19140	undefined
19141	undefined
19142	undefined
19143	undefined
19144	undefined
19145	undefined
19146	undefined
19147	undefined
19148	undefined
19149	undefined
19150	undefined
19151	undefined
19152	undefined
19153	undefined
19154	undefined
19155	undefined
19156	undefined
19157	undefined
19158	undefined
19159	undefined
19160	undefined
19161	undefined
19162	undefined
19163	undefined
19164	undefined
19165	undefined
19166	undefined
19167	undefined
19168	undefined
19169	undefined
19170	undefined
19171	undefined
19172	undefined
19173	undefined
19174	undefined
19175	undefined
19176	undefined
19177	undefined
19178	undefined
19179	undefined
19180	undefined
19181	undefined
19182	undefined
19183	undefined
19184	undefined
19185	undefined
19186	undefined
19187	undefined
19188	undefined
19189	undefined
19190	undefined
19191	undefined
19192	undefined
19193	undefined
19194	undefined
19195	undefined
19196	undefined
19197	undefined
19198	undefined
19199	undefined
19200	undefined
19201	undefined
19202	undefined
19203	undefined
19204	undefined
19205	undefined
19206	undefined
19207	undefined
19208	undefined
19209	undefined
19210	undefined
19211	undefined
19212	undefined
19213	undefined
19214	undefined
19215	undefined
19216	undefined
19217	undefined
19218	undefined
19219	undefined
19220	undefined
19221	undefined
19222	undefined
19223	undefined
19224	undefined
19225	undefined
19226	undefined
19227	undefined
19228	undefined
19229	undefined
19230	undefined
19231	undefined
19232	undefined
19233	undefined
19234	undefined
19235	undefined
19236	undefined
19237	undefined
19238	undefined
19239	undefined
19240	undefined
19241	undefined
19242	undefined
19243	undefined
19244	undefined
19245	undefined
19246	undefined
19247	undefined
19248	undefined
19249	undefined
19250	undefined
19251	undefined
19252	undefined
19253	undefined
19254	undefined
19255	undefined
19256	undefined
19257	undefined
19258	undefined
19259	undefined
19260	undefined
19261	undefined
19262	undefined
19263	undefined
19264	undefined
19265	undefined
19266	undefined
19267	undefined
19268	undefined
19269	undefined
19270	undefined
19271	undefined
19272	undefined
19273	undefined
19274	undefined
19275	undefined
19276	undefined
19277	undefined
19278	undefined
19279	undefined
19280	undefined
19281	undefined
19282	undefined
19283	undefined
19284	undefined
19285	undefined
19286	undefined
19287	undefined
19288	undefined
19289	undefined
19290	undefined
19291	undefined
19292	undefined
19293	undefined
19294	undefined
19295	undefined
19296	undefined
19297	undefined
19298	undefined
19299	undefined
19300	undefined
19301	undefined
19302	undefined
19303	undefined
19304	undefined
19305	undefined
19306	undefined
19307	undefined
19308	undefined
19309	undefined
19310	undefined
19311	undefined
19312	undefined
19313	undefined
19314	undefined
19315	undefined
19316	undefined
19317	undefined
19318	undefined
19319	undefined
19320	undefined
19321	undefined
19322	undefined
19323	undefined
19324	undefined
19325	undefined
19326	undefined
19327	undefined
19328	undefined
19329	undefined
19330	undefined
19331	undefined
19332	undefined
19333	undefined
19334	undefined
19335	undefined
19336	undefined
19337	undefined
19338	undefined
19339	undefined
19340	undefined
19341	undefined
19342	undefined
19343	undefined
19344	undefined
19345	undefined
19346	undefined
19347	undefined
19348	undefined
19349	undefined
19350	undefined
19351	undefined
19352	undefined
19353	undefined
19354	undefined
19355	undefined
19356	undefined
19357	undefined
19358	undefined
19359	undefined
19360	undefined
19361	undefined
19362	undefined
19363	undefined
19364	undefined
19365	undefined
19366	undefined
19367	undefined
19368	undefined
19369	undefined
19370	undefined
19371	undefined
19372	undefined
19373	undefined
19374	undefined
19375	undefined
19376	undefined
19377	undefined
19378	undefined
19379	undefined
19380	undefined
19381	undefined
19382	undefined
19383	undefined
19384	undefined
19385	undefined
19386	undefined
19387	undefined
19388	undefined
19389	undefined
19390	undefined
19391	undefined
19392	undefined
19393	undefined
19394	undefined
19395	undefined
19396	undefined
19397	undefined
19398	undefined
19399	undefined
19400	undefined
19401	undefined
19402	undefined
19403	undefined
19404	undefined
19405	undefined
19406	undefined
19407	undefined
19408	undefined
19409	undefined
19410	undefined
19411	undefined
19412	undefined
19413	undefined
19414	undefined
19415	undefined
19416	undefined
19417	undefined
19418	undefined
19419	undefined
19420	undefined
19421	undefined
19422	undefined
19423	undefined
19424	undefined
19425	undefined
19426	undefined
19427	undefined
19428	undefined
19429	undefined
19430	undefined
19431	undefined
19432	undefined
19433	undefined
19434	undefined
19435	undefined
19436	undefined
19437	undefined
19438	undefined
19439	undefined
19440	undefined
19441	undefined
19442	undefined
19443	undefined
19444	undefined
19445	undefined
19446	undefined
19447	undefined
19448	undefined
19449	undefined
19450	undefined
19451	undefined
19452	undefined
19453	undefined
19454	undefined
19455	undefined
19456	undefined
19457	undefined
19458	undefined
19459	undefined
19460	undefined
19461	undefined
19462	undefined
19463	undefined
19464	undefined
19465	undefined
19466	undefined
19467	undefined
19468	undefined
19469	undefined
19470	undefined
19471	undefined
19472	undefined
19473	undefined
19474	undefined
19475	undefined
19476	undefined
19477	undefined
19478	undefined
19479	undefined
19480	undefined
19481	undefined
19482	undefined
19483	undefined
19484	undefined
19485	undefined
19486	undefined
19487	undefined
19488	undefined
19489	undefined
19490	undefined
19491	undefined
19492	undefined
19493	undefined
19494	undefined
19495	undefined
19496	undefined
19497	undefined
19498	undefined
19499	undefined
19500	undefined
19501	undefined
19502	undefined
19503	undefined
19504	undefined
19505	undefined
19506	undefined
19507	undefined
19508	undefined
19509	undefined
19510	undefined
19511	undefined
19512	undefined
19513	undefined
19514	undefined
19515	undefined
19516	undefined
19517	undefined
19518	undefined
19519	undefined
19520	undefined
19521	undefined
19522	undefined
19523	undefined
19524	undefined
19525	undefined
19526	undefined
19527	undefined
19528	undefined
19529	undefined
19530	undefined
19531	undefined
19532	undefined
19533	undefined
19534	undefined
19535	undefined
19536	undefined
19537	undefined
19538	undefined
19539	undefined
19540	undefined
19541	undefined
19542	undefined
19543	undefined
19544	undefined
19545	undefined
19546	undefined
19547	undefined
19548	undefined
19549	undefined
19550	undefined
19551	undefined
19552	undefined
19553	undefined
19554	undefined
19555	undefined
19556	undefined
19557	undefined
19558	undefined
19559	undefined
19560	undefined
19561	undefined
19562	undefined
19563	undefined
19564	undefined
19565	undefined
19566	undefined
19567	undefined
19568	undefined
19569	undefined
19570	undefined
19571	undefined
19572	undefined
19573	undefined
19574	undefined
19575	undefined
19576	undefined
19577	undefined
19578	undefined
19579	undefined
19580	undefined
19581	undefined
19582	undefined
19583	undefined
19584	undefined
19585	undefined
19586	undefined
19587	undefined
19588	undefined
19589	undefined
19590	undefined
19591	undefined
19592	undefined
19593	undefined
19594	undefined
19595	undefined
19596	undefined
19597	undefined
19598	undefined
19599	undefined
19600	undefined
19601	undefined
19602	undefined
19603	undefined
19604	undefined
19605	undefined
19606	undefined
19607	undefined
19608	undefined
19609	undefined
19610	undefined
19611	undefined
19612	undefined
19613	undefined
19614	undefined
19615	undefined
19616	undefined
19617	undefined
19618	undefined
19619	undefined
19620	undefined
19621	undefined
19622	undefined
19623	undefined
19624	undefined
19625	undefined
19626	undefined
19627	undefined
19628	undefined
19629	undefined
19630	undefined
19631	undefined
19632	undefined
19633	undefined
19634	undefined
19635	undefined
19636	undefined
19637	undefined
19638	undefined
19639	undefined
19640	undefined
19641	undefined
19642	undefined
19643	undefined
19644	undefined
19645	undefined
19646	undefined
19647	undefined
19648	undefined
19649	undefined
19650	undefined
19651	undefined
19652	undefined
19653	undefined
19654	undefined
19655	undefined
19656	undefined
19657	undefined
19658	undefined
19659	undefined
19660	undefined
19661	undefined
19662	undefined
19663	undefined
19664	undefined
19665	undefined
19666	undefined
19667	undefined
19668	undefined
19669	undefined
19670	undefined
19671	undefined
19672	undefined
19673	undefined
19674	undefined
19675	undefined
19676	undefined
19677	undefined
19678	undefined
19679	undefined
19680	undefined
19681	undefined
19682	undefined
19683	undefined
19684	undefined
19685	undefined
19686	undefined
19687	undefined
19688	undefined
19689	undefined
19690	undefined
19691	undefined
19692	undefined
19693	undefined
19694	undefined
19695	undefined
19696	undefined
19697	undefined
19698	undefined
19699	undefined
19700	undefined
19701	undefined
19702	undefined
19703	undefined
19704	undefined
19705	undefined
19706	undefined
19707	undefined
19708	undefined
19709	undefined
19710	undefined
19711	undefined
19712	undefined
19713	undefined
19714	undefined
19715	undefined
19716	undefined
19717	undefined
19718	undefined
19719	undefined
19720	undefined
19721	undefined
19722	undefined
19723	undefined
19724	undefined
19725	undefined
19726	undefined
19727	undefined
19728	undefined
19729	undefined
19730	undefined
19731	undefined
19732	undefined
19733	undefined
19734	undefined
19735	undefined
19736	undefined
19737	undefined
19738	undefined
19739	undefined
19740	undefined
19741	undefined
19742	undefined
19743	undefined
19744	undefined
19745	undefined
19746	undefined
19747	undefined
19748	undefined
19749	undefined
19750	undefined
19751	undefined
19752	undefined
19753	undefined
19754	undefined
19755	undefined
19756	undefined
19757	undefined
19758	undefined
19759	undefined
19760	undefined
19761	undefined
19762	undefined
19763	undefined
19764	undefined
19765	undefined
19766	undefined
19767	undefined
19768	undefined
19769	undefined
19770	undefined
19771	undefined
19772	undefined
19773	undefined
19774	undefined
19775	undefined
19776	undefined
19777	undefined
19778	undefined
19779	undefined
19780	undefined
19781	undefined
19782	undefined
19783	undefined
19784	undefined
19785	undefined
19786	undefined
19787	undefined
19788	undefined
19789	undefined
19790	undefined
19791	undefined
19792	undefined
19793	undefined
19794	undefined
19795	undefined
19796	undefined
19797	undefined
19798	undefined
19799	undefined
19800	undefined
19801	undefined
19802	undefined
19803	undefined
19804	undefined
19805	undefined
19806	undefined
19807	undefined
19808	undefined
19809	undefined
19810	undefined
19811	undefined
19812	undefined
19813	undefined
19814	undefined
19815	undefined
19816	undefined
19817	undefined
19818	undefined
19819	undefined
19820	undefined
19821	undefined
19822	undefined
19823	undefined
19824	undefined
19825	undefined
19826	undefined
19827	undefined
19828	undefined
19829	undefined
19830	undefined
19831	undefined
19832	undefined
19833	undefined
19834	undefined
19835	undefined
19836	undefined
19837	undefined
19838	undefined
19839	undefined
19840	undefined
19841	undefined
19842	undefined
19843	undefined
19844	undefined
19845	undefined
19846	undefined
19847	undefined
19848	undefined
19849	undefined
19850	undefined
19851	undefined
19852	undefined
19853	undefined
19854	undefined
19855	undefined
19856	undefined
19857	undefined
19858	undefined
19859	undefined
19860	undefined
19861	undefined
19862	undefined
19863	undefined
19864	undefined
19865	undefined
19866	undefined
19867	undefined
19868	undefined
19869	undefined
19870	undefined
19871	undefined
19872	undefined
19873	undefined
19874	undefined
19875	undefined
19876	undefined
19877	undefined
19878	undefined
19879	undefined
19880	undefined
19881	undefined
19882	undefined
19883	undefined
19884	undefined
19885	undefined
19886	undefined
19887	undefined
19888	undefined
19889	undefined
19890	undefined
19891	undefined
19892	undefined
19893	undefined
19894	undefined
19895	undefined
19896	undefined
19897	undefined
19898	undefined
19899	undefined
19900	undefined
19901	undefined
19902	undefined
19903	undefined
19904	undefined
19905	undefined
19906	undefined
19907	undefined
19908	undefined
19909	undefined
19910	undefined
19911	undefined
19912	undefined
19913	undefined
19914	undefined
19915	undefined
19916	undefined
19917	undefined
19918	undefined
19919	undefined
19920	undefined
19921	undefined
19922	undefined
19923	undefined
19924	undefined
19925	undefined
19926	undefined
19927	undefined
19928	undefined
19929	undefined
19930	undefined
19931	undefined
19932	undefined
19933	undefined
19934	undefined
19935	undefined
19936	undefined
19937	undefined
19938	undefined
19939	undefined
19940	undefined
19941	undefined
19942	undefined
19943	undefined
19944	undefined
19945	undefined
19946	undefined
19947	undefined
19948	undefined
19949	undefined
19950	undefined
19951	undefined
19952	undefined
19953	undefined
19954	undefined
19955	undefined
19956	undefined
19957	undefined
19958	undefined
19959	undefined
19960	undefined
19961	undefined
19962	undefined
19963	undefined
19964	undefined
19965	undefined
19966	undefined
19967	undefined
19968	undefined
19969	undefined
19970	undefined
19971	undefined
19972	undefined
19973	undefined
19974	undefined
19975	undefined
19976	undefined
19977	undefined
19978	undefined
19979	undefined
19980	undefined
19981	undefined
19982	undefined
19983	undefined
19984	undefined
19985	undefined
19986	undefined
19987	undefined
19988	undefined
19989	undefined
19990	undefined
19991	undefined
19992	undefined
19993	undefined
19994	undefined
19995	undefined
19996	undefined
19997	undefined
19998	undefined
19999	undefined